$ pnpm run check:parallel
$ pnpm run check:static && pnpm run build:all && pnpm run lint && pnpm run test:coverage:changed:no-build && pnpm run test:coverage:no-build
$ pnpm run "/^(check:active-surface|check:dashboard-queue-boundary|check:dashboard-strict|check:docs|check:limits|format:check)$/"
. check:active-surface$ node scripts/check-active-surface.ts
. check:dashboard-queue-boundary$ node scripts/check-dashboard-queue-boundary.ts
. check:dashboard-strict$ node scripts/check-dashboard-strict.mjs
. check:docs$ node scripts/check-docs.mjs
. check:dashboard-queue-boundary: dashboard queue boundary check passed
. check:dashboard-queue-boundary: Done
. check:limits$ node scripts/check-limits.ts
. check:limits: Done
. format:check$ oxfmt --check src scripts test dashboard package.json tsconfig.json tsconfig.repair.json tsconfig.dashboard.json tsconfig.dashboard-strict.json .oxfmtrc.json config schema .github/actions .github/workflows
. format:check: Checking formatting...
. check:active-surface: Done
. check:docs: Documentation checks passed.
. check:dashboard-strict: Done
. check:docs: Done
. format:check: All matched files use the correct format.
. format:check: Finished in 2277ms on 774 files using 4 threads.
. format:check: Done
$ pnpm run build && pnpm run build:repair && pnpm run build:dashboard
$ tsc -p tsconfig.json
$ tsc -p tsconfig.repair.json
$ tsc -p tsconfig.dashboard.json
$ pnpm run "/^lint:.*/"
. lint:src$ oxlint src --ignore-pattern "src/repair/**" --tsconfig tsconfig.json --type-aware --deny-warnings --report-unused-disable-directives -D correctness -D preserve-caught-error
. lint:repair$ oxlint src/repair --tsconfig tsconfig.repair.json --deny-warnings --report-unused-disable-directives -D correctness -D preserve-caught-error
. lint:scripts$ oxlint scripts test --deny-warnings --report-unused-disable-directives -D correctness -D preserve-caught-error
. lint:dashboard$ oxlint dashboard --tsconfig tsconfig.dashboard.json --deny-warnings --report-unused-disable-directives -D correctness && oxlint dashboard --ignore-pattern "dashboard/exact-review-queue.ts" --tsconfig tsconfig.dashboard.json --deny-warnings --report-unused-disable-directives -D preserve-caught-error
. lint:dashboard: Found 0 warnings and 0 errors.
. lint:dashboard: Finished in 124ms on 34 files with 95 rules using 4 threads.
. lint:repair: Found 0 warnings and 0 errors.
. lint:repair: Finished in 151ms on 166 files with 96 rules using 4 threads.
. lint:repair: Done
. lint:scripts: Found 0 warnings and 0 errors.
. lint:scripts: Finished in 222ms on 336 files with 96 rules using 4 threads.
. lint:scripts: Done
. lint:dashboard: Found 0 warnings and 0 errors.
. lint:dashboard: Finished in 66ms on 33 files with 96 rules using 4 threads.
. lint:dashboard: Done
. lint:src: Found 0 warnings and 0 errors.
. lint:src: Finished in 1.1s on 173 files with 111 rules using 4 threads.
. lint:src: Done
$ node scripts/run-node-tests.mjs fix-prompt-builder -- --experimental-test-coverage --test-coverage-include='dist/repair/fix-prompt-builder.js' --test-coverage-lines=85 --test-coverage-branches=85 --test-coverage-functions=85
[run-node-tests] target=fix-prompt-builder concurrency=4 files=1
✔ fix prompt treats changelog-required artifacts as release-note context (2.535588ms)
✔ fix prompt still asks Codex to preserve discovered release-note context (0.351391ms)
✔ contributor branch repairs never edit release-owned changelogs (0.307133ms)
✔ fix prompt makes Codex own the validation loop (0.572423ms)
✔ fix prompt routes applicable Telegram behavior through the repository skill (0.329801ms)
✔ automerge fix prompt makes Codex own PR repair, rebase, and CI discovery (0.640254ms)
✔ fix prompt includes rebase and previous no-diff recovery details (2.244118ms)
✔ fix prompt compacts oversized artifacts before sending them to Codex (56.713152ms)
✔ artifact compaction falls back to critical fields for pathological payloads (66.478657ms)
✔ repository context ranks likely files and renders focused excerpts (30.858747ms)
✔ repository context handles missing candidates, huge files, and invalid packages (31.856712ms)
✔ repository context renders first lines when discovery has no tokens (35.862079ms)
✔ repository context reports no candidates when nothing scores (20.687467ms)
ℹ tests 13
ℹ suites 0
ℹ pass 13
ℹ fail 0
ℹ cancelled 0
ℹ skipped 0
ℹ todo 0
ℹ duration_ms 395.498047
ℹ start of coverage report
ℹ ------------------------------------------------------------------------
ℹ file                    | line % | branch % | funcs % | uncovered lines
ℹ ------------------------------------------------------------------------
ℹ dist                    |        |          |         |
ℹ  repair                 |        |          |         |
ℹ   fix-prompt-builder.js | 100.00 |    88.61 |  100.00 |
ℹ ------------------------------------------------------------------------
ℹ all files               | 100.00 |    88.61 |  100.00 |
ℹ ------------------------------------------------------------------------
ℹ end of coverage report
$ node scripts/run-node-tests.mjs all -- --experimental-test-coverage --test-coverage-include='dist/**/*.js' --test-coverage-exclude='dist/repair/*.test.js' --test-coverage-lines=49 --test-coverage-branches=66 --test-coverage-functions=57
[run-node-tests] target=all concurrency=4 files=280
✔ locked apply skip includes live lock state and active reason (5.569436ms)
✔ locked apply skip marks terminal GitHub write errors (2.619416ms)
✔ locked apply skip helper ignores unlocked targets (0.293908ms)
✔ automerge rebase repair reason detects dirty merge state (2.940385ms)
✔ automerge rebase repair reason ignores an otherwise mergeable behind head (0.260604ms)
✔ automerge rebase repair reason detects conflicting mergeable state (0.483985ms)
✔ automerge rebase repair reason ignores clean merge state (0.190948ms)
✔ automerge merge readiness allows an exact reviewed head to remain behind (0.392671ms)
✔ explicit maintainer replay records resume intent for an enabled automerge (2.194795ms)
✔ automerge merge failure repair reason detects GitHub merge conflict errors (2.797514ms)
✔ automerge merge failure repair reason detects protected behind heads (0.192427ms)
✔ automerge merge failure repair reason ignores unrelated merge failures (0.818722ms)
✔ repair timeout budget uses coherent production defaults (2.804243ms)
✔ repair timeout budget falls back or clamps unsafe repository variables (0.346815ms)
✔ repair timeout budget preserves one full later worker after a long edit (0.364117ms)
✔ moving main cannot change the base used by four inner review attempts (157.86352ms)
✔ changed final base sync runs exactly one review against the synchronized tree (0.619997ms)
✔ unchanged final base sync keeps the existing review (0.272482ms)
✔ publication failure cannot prevent durable report persistence (7.551957ms)
✔ deferred report publication hands off from expired to fresh credentials (1.523484ms)
✔ fix prompt treats changelog-required artifacts as release-note context (2.800415ms)
✔ fix prompt still asks Codex to preserve discovered release-note context (0.342271ms)
✔ contributor branch repairs never edit release-owned changelogs (1.020145ms)
✔ fix prompt makes Codex own the validation loop (2.118363ms)
✔ fix prompt routes applicable Telegram behavior through the repository skill (0.37388ms)
✔ automerge fix prompt makes Codex own PR repair, rebase, and CI discovery (0.689301ms)
✔ fix prompt includes rebase and previous no-diff recovery details (4.150683ms)
✔ fix prompt compacts oversized artifacts before sending them to Codex (76.797407ms)
✔ artifact compaction falls back to critical fields for pathological payloads (97.843303ms)
✔ repository context ranks likely files and renders focused excerpts (58.16022ms)
✔ repository context handles missing candidates, huge files, and invalid packages (59.718032ms)
✔ repository context renders first lines when discovery has no tokens (45.614478ms)
✔ repository context reports no candidates when nothing scores (21.040342ms)
✔ issue implementation treats needs-human repair actions as terminal (3.501692ms)
✔ issue implementation normalizes needs-human report fallback to blocked (1.548259ms)
✔ issue implementation ignores non-terminal reports (0.265752ms)
✔ mechanical changelog fix inserts a scoped entry into Unreleased Fixes (6.162996ms)
✔ mechanical changelog fix ignores non-changelog-only artifacts (0.527959ms)
✔ mechanical changelog fix skips OpenClaw release-owned changelog (0.432734ms)
✔ unresolved rebase conflicts retry within the edit budget (3.437879ms)
✔ unresolved rebase conflicts require human help after the edit budget (0.60259ms)
✔ resolved or non-conflicting rebases proceed (0.239918ms)
✔ later conflicts from rebase continuation require human help (0.332212ms)
✔ workflow event telemetry is disabled outside an explicit workflow context (9.083049ms)
✔ phase event helpers derive canonical types, action names, and replay identities (123.077538ms)
✔ timeout recovery closes only start-only review attempts before finalization (294.099015ms)
✔ timeout recovery preserves hard-killed apply mutation truth and ignores untouched items (306.133451ms)
✔ timeout recovery terminalizes the latest open mutation before its item summary (489.081802ms)
✔ interruption recovery follows the latest accepted mutation ordinal (341.819132ms)
✔ review interruption recovery aggregates coordination comment mutations (170.260585ms)
✔ interruption recovery preserves any earlier unknown mutation outcome (308.017025ms)
✔ interruption recovery closes the exact retry dispatch and aggregates it into the batch (156.153639ms)
✔ interruption recovery preserves cancellation instead of rewriting it as timeout (63.53536ms)
✔ workflow retries preserve operation and idempotency identity but change attempts (46.003386ms)
✔ mutation retries require explicit outcome-independent idempotency identity (56.393037ms)
✔ invalid workflow events do not create partition markers (2.519669ms)
✔ workflow writers reject explicitly empty source timestamps (3.389482ms)
✔ phase event helpers reject noncanonical phase, status, and reason strings (1.589638ms)
✔ workflow event scopes reject confidential identifiers before persistence or projection (2.116715ms)
✔ workflow producer identity uses stable workflow and step identifiers (0.291086ms)
✔ workflow producer normalization preserves distinct original identities (74.136653ms)
✔ workflow events finalize into one replay-stable per-step shard (202.235809ms)
✔ finalization rejects noncanonical caller and environment output roots (28.976445ms)
✔ fresh roots reconstruct shard partitions from immutable run metadata (233.500303ms)
✔ workflow partition timestamps require real calendar dates (327.539527ms)
✔ workflow partition-marker reads are bounded on replay and finalization (71.374347ms)
✔ fresh-root shard replay preserves the first recorded-at metadata (212.264046ms)
✔ fresh-root shard replay ignores only generated occurrence clock drift (203.977475ms)
✔ imports preserve first-writer shard bytes across fresh-root recorded-at drift (351.60875ms)
✔ historical producer partitions survive later-run flush environments (211.620166ms)
✔ concurrent flushes converge on one immutable shard (557.290207ms)
✔ producer locks reclaim fresh dead owners and never evict a live holder by age (582.444959ms)
﹣ macOS process identities distinguish processes started within the same second (0.322907ms) # requires macOS proc_pidinfo
✔ Linux stale-lock checks bypass cached identities after PID reuse (67.285299ms)
✔ Linux zombie-lock polling rejects PID 0 before probing procfs (0.550316ms)
✔ Linux producer locks reclaim zombie owners (798.757015ms)
✔ projection admission is registered before producer lock release (212.94408ms)
✔ finalization publishes local shards before a bounded projection drain and rejects late events (267.229814ms)
✔ different workflow steps receive independent shard identities (225.560105ms)
✔ full producer identity prevents cross-repository shard collisions (368.692538ms)
✔ CrabFleet projection sends the validated ledger event and bearer token (57.2413ms)
✔ CrabFleet projection preserves a custom base bound to session provenance (41.15976ms)
✔ CrabFleet projection rejects unsafe URLs and registration-origin drift (38.630005ms)
✔ CrabFleet projection bounds active fetches and queued work (1659.992329ms)
✔ CrabFleet projection admission is fair across spool roots (1806.462993ms)
✔ exported CrabFleet posts share the four-request admission bound (62.631086ms)
✔ queued direct CrabFleet posts validate before admission and reject without hanging (63.272826ms)
✔ CrabFleet queued projections snapshot endpoint and credentials (136.433482ms)
✔ workflow projection drains are scoped to one spool root (253.328738ms)
✔ CrabFleet timeouts keep unresolved fetches inside the concurrency bound (468.290393ms)
✔ queued direct CrabFleet posts terminate when every active cleanup is stuck (62.507372ms)
[action-ledger] live CrabFleet projection failed: CrabFleet action event append timed out after 10ms
[action-ledger] live CrabFleet projection failed: CrabFleet action event append timed out after 10ms
[action-ledger] live CrabFleet projection failed: CrabFleet action event append timed out after 10ms
[action-ledger] live CrabFleet projection failed: CrabFleet action event append timed out after 10ms
[action-ledger] live CrabFleet projection failed: blocked by 4 unresolved CrabFleet requests
✔ cleanup-stuck projection rejection is scoped to the affected spool root (359.694032ms)
✔ CrabFleet timeouts hold slots until response cleanup settles (438.135093ms)
✔ CrabFleet rejects forged confidential event keys before projection (28.746417ms)
✔ CrabFleet rejects forged event bodies before projection (54.07586ms)
✔ CrabFleet projection cancels successful response bodies (57.036457ms)
✔ malformed CrabFleet projection configuration is non-fatal and durably redacted (472.456459ms)
✔ projection-failure producers seal only after their root-specific drain completes (497.027697ms)
✔ CrabFleet projection failures remain durable and retryable (313.852226ms)
✔ fresh-root projection failures replay despite generated clock drift (483.287117ms)
✔ CrabFleet timeouts preserve canonical events and record projection failure (199.619921ms)
✔ late CrabFleet response cleanup failures are consumed after timeout (43.315818ms)
✔ projection failure recording remains valid at max-safe phase sequence (219.326201ms)
✔ state shard imports are validated, create-only, and conflict detecting (261.926907ms)
✔ manifest-bound imports reject a missing producer group before state publication (565.272422ms)
✔ state shard imports reject producer provenance outside the authenticated workflow job (236.720626ms)
✔ state shard imports accept retained prior attempts only through an explicit upper bound (388.870406ms)
✔ state shard imports validate duplicate and causal integrity across shard parts (226.100911ms)
✔ state shard imports require deterministic repacking across shard parts (122.612702ms)
✔ state shard imports reject incomplete numbered sets and split producer partitions (180.545732ms)
✔ state shard imports retain producer bindings across sequential batches (18104.410368ms)
✔ state shard imports retain global event identity and causal acyclicity (316.303043ms)
✔ import race child ownership closes held children on pre-release failures (2155.121072ms)
✔ import race child ownership observes spawn rejection before awaiting results (6.952506ms)
✔ destination import transactions prevent concurrent opposing parent edges (501.860092ms)
✔ state shard imports reject noncanonical trusted root spellings (145.777698ms)
✔ state shard imports read each source shard once (179.911313ms)
✔ state shard imports bound traversal depth and fanout (380.676943ms)
✔ state shard imports enforce per-file byte, line, and event limits (2560.707691ms)
✔ state shard imports enforce aggregate byte limits before publication (806.833952ms)
✔ state shard imports accept a complete 4097-event producer run (102200.165584ms)
✔ state shard imports preserve chronological ordering across timestamp offsets (290.296743ms)
✔ state shard imports accept exact sub-millisecond canonical ordering (266.547636ms)
✔ state shard imports reject forged paths and duplicate events (145.847195ms)
✔ state shard imports reject forged confidential event-key scopes (128.482305ms)
✔ state shard imports reject forged source occurrence provenance (120.047055ms)
✔ state shard imports ignore unrelated entries and reject links in the ledger subtree (1.970131ms)
✔ state shard import checks detect source-root swaps as defense in depth (118.828566ms)
✔ interrupted shard imports publish completion manifests only after payload verification (48862.430279ms)
✔ partition markers and import destinations reject symlinked parents (183.257335ms)
✔ action events use deterministic identities and local spool paths (8.297743ms)
✔ spool directories isolate lossy repository slugs and readers verify canonical placement (59.069442ms)
✔ operation, attempt, and idempotency identities are canonical and separately scoped (0.678554ms)
✔ identity hashing rejects values outside the canonical JSON domain (1.74679ms)
✔ canonical identity hashing rejects excessive depth, nodes, and input size deterministically (14.515482ms)
✔ ledger and shared JSON ordering are both binary and locale independent (234.893881ms)
✔ every event persists the required correlation envelope (6.664022ms)
✔ events reject malformed correlation identities and self-parenting (11.589366ms)
✔ event creation rejects noncanonical writer timestamps before persistence (5.529354ms)
✔ runtime requires canonical timestamp syntax (41.630767ms)
✔ runtime requires namespaced portable data paths (41.708846ms)
✔ action flags and supplied evidence values require exact types and bindings (6.641655ms)
✔ event-key scopes reject raw identities and confidential identifiers (14.89207ms)
✔ event readers reject forged confidential event-key scopes (10.129583ms)
✔ the standard taxonomy covers six families without orphaned or duplicate types (0.69693ms)
✔ canonical phase, status, and reason vocabularies reject arbitrary strings (0.520415ms)
✔ new durable subjects carry bounded machine identities (9.60864ms)
✔ privacy normalization preserves public machine identifiers (50.490189ms)
✔ action event writes are create-only and replay-idempotent (30.552104ms)
✔ ledger writes require pre-existing canonical trusted roots (14.674336ms)
✔ exclusive file locks contend, roll back failed creation, and tolerate disappearance (68.852966ms)
✔ spool and shard writes reject symlinked parent directories (20.869814ms)
✔ parent-chain checks detect a swap during open as defense in depth (14.989783ms)
✔ successful and race-loser publications remove staging aliases (37.818279ms)
✔ staging cleanup checks detect a replaced parent as defense in depth (18.573392ms)
✔ event read checks detect a parent swap as defense in depth (17.054718ms)
✔ event reads cannot block when a validated file is swapped to a FIFO (23.674151ms)
✔ spool readers reject unsafe entry types instead of skipping them (24.865543ms)
✔ spool readers bound repository and per-repository fanout before sorting (556.204055ms)
✔ spool readers enforce aggregate byte budgets before retaining another event (3071.041929ms)
✔ event readers reject duplicate keys and noncanonical durable JSON bytes (20.909715ms)
✔ direct event and shard reads enforce bounded allocation (8.100389ms)
✔ shard writers bound existing and raced destination reads (43.177138ms)
✔ direct shard readers enforce non-empty unique ordered acyclic collections and counts (2659.833454ms)
✔ an event key cannot be reused for different semantic content (18.64893ms)
✔ an event key cannot be replayed with a different occurrence timestamp (22.457321ms)
✔ durable shards batch sorted events once per producer job (77.863122ms)
✔ durable shard writers split deterministically within importer event and byte limits (46590.421409ms)
✔ durable shards preserve sub-millisecond ordering across timestamp offsets (53.344904ms)
✔ durable shards preserve causal order ahead of source timestamps (45.784983ms)
✔ durable shards reject causal cycles (9.598081ms)
✔ a shard identity cannot be reused for a different event set (38.100427ms)
✔ shard paths use the stable run partition instead of event ordering (10.234679ms)
✔ shard path components stay below portable filesystem name limits (47.549311ms)
✔ shard path components encode Windows device names and trailing dots (23.236876ms)
✔ duplicate event IDs preserve recording metadata and reject changed source provenance (52.912113ms)
✔ spooled events remain independent and read in occurrence order (22.12298ms)
✔ replaying an event with generated occurrence time preserves the first write (14.904545ms)
✔ source occurrence provenance is bound into the semantic digest (3.471618ms)
✔ generated occurrence clocks cannot reverse deterministic shard ordering (69.440909ms)
✔ replaying an event with a changed explicit occurrence time still conflicts (16.177792ms)
✔ durable privacy guards reject raw text, local paths, secrets, and invalid digests (27.13973ms)
✔ ledger file reads reject malformed UTF-8 and dot-only path segments (30.229815ms)
✔ event readers reject unknown fields instead of carrying unhashed data into shards (21.581751ms)
✔ run URLs are limited to public GitHub workflow evidence (5.891795ms)
✔ runtime normalization enforces checked-in schema bounds (21.741032ms)
✔ shards reject events from any different producer identity (14.385909ms)
✔ every checkout uses v7 without disabling its fork-PR guard (8.482204ms)
✔ trusted-event workflows explicitly checkout the default branch (63.534947ms)
✔ trusted-event state checkout remains pinned to the state repository branch (21.647806ms)
✔ GitHub App token creation uses the approved immutable action pin everywhere (34.925943ms)
✔ GitHub App token owner inputs do not consume the multi-owner repair policy (7.280876ms)
✔ cache actions use one runtime generation everywhere (22.707791ms)
warning: in the working copy of '.gitattributes', LF will be replaced by CRLF the next time Git touches it
warning: in the working copy of '.gitattributes', LF will be replaced by CRLF the next time Git touches it
✔ only incomplete source scan failures receive the terminal review exit code (6.524633ms)
✔ raw admission catches deletion input before dispatch (253.90526ms)
✔ raw admission catches multiline input before dispatch (255.670002ms)
✔ raw admission catches past-display-limits input before dispatch (593.788678ms)
✔ raw admission catches comment-only input before dispatch (274.752503ms)
✔ raw snapshots scan uncommitted bytes without normalization and reject source drift (1671.298877ms)
✔ scan rejects a source changed while the scanner is running (268.770664ms)
✔ symlink target bytes are regular scan files and changed gitlinks/LFS refuse (620.557761ms)
✔ OpenClaw inspection cannot launch a provider on scan refusal (148.026026ms)
✔ checkout-controlled scanner is never executed (29.284071ms)
✔ checkout scanner trust rejects bin even with an external symlink (36.164548ms)
✔ checkout scanner trust rejects ..tools even with an external symlink (31.032433ms)
✔ checkout scanner trust rejects ..tools-copy even with an external symlink (28.542192ms)
✔ repair admission includes staged bytes when working bytes were restored (934.072447ms)
✔ clean CRLF checkout preserves raw bytes with repository autocrlf=true (446.203706ms)
✔ clean CRLF checkout preserves raw bytes with global autocrlf=true (467.318021ms)
✔ clean CRLF checkout preserves raw bytes with global autocrlf=1 (465.12054ms)
✔ host normalization queries never execute filter or fsmonitor callbacks (213.629753ms)
✔ scan signal refuses without provider invocation and cleans private staging (118.906526ms)
✔ scan deadline refuses without provider invocation and cleans private staging (2048.71084ms)
✔ scan oversize refuses without provider invocation and cleans private staging (45.996768ms)
✔ scan missing refuses without provider invocation and cleans private staging (39.861887ms)
✔ scan error refuses without provider invocation and cleans private staging (129.378454ms)
✔ scan finding refuses without provider invocation and cleans private staging (128.376901ms)
✔ scan unexpected-output refuses without provider invocation and cleans private staging (153.151635ms)
✔ unsafe Git paths refuse before a scanner or provider can consume them (149.40164ms)
✔ committed directory-to-file replacement scans removed bytes without traversal (489.660671ms)
✔ committed directory-to-symlink replacement scans removed bytes without traversal (529.646615ms)
✔ expired repair scan budgets report a deadline without starting a provider (290.542819ms)
✔ repair scan binds raw bytes even when normalization leaves the same canonical tree (1357.008097ms)
✔ reviewed fixture registry binds exact digests to exact regular-file source paths (2.274267ms)
✔ reviewed synthetic fixture admission: reviewed fixture (550.114726ms)
✔ reviewed synthetic fixture admission: PLAIN duplicate (530.78773ms)
✔ reviewed synthetic fixture admission: HTML duplicate (463.546385ms)
✔ reviewed synthetic fixture admission: shared approved path OIDs (300.107957ms)
✔ reviewed synthetic fixture admission: shared approved and unapproved path OIDs (257.85251ms)
✔ reviewed synthetic fixture admission: shared endpoint OID 644 to 755 (286.882117ms)
✔ reviewed synthetic fixture admission: shared endpoint OID 755 to 644 (326.839717ms)
✔ reviewed synthetic fixture admission: executable head snapshot (1084.134644ms)
✔ reviewed synthetic fixture admission: executable index snapshot (1065.836732ms)
✔ reviewed synthetic fixture admission: executable worktree snapshot (1091.285258ms)
✔ reviewed synthetic fixture admission: repeated regular snapshot OID (1996.349118ms)
✔ reviewed synthetic fixture admission: canonical autoreview path (289.43042ms)
✔ reviewed synthetic fixture admission: vendored autoreview path (298.644094ms)
✔ reviewed synthetic fixture admission: both autoreview paths (316.647063ms)
✔ reviewed synthetic fixture admission: executable source (299.632081ms)
✔ reviewed synthetic fixture admission: changed raw (292.793656ms)
✔ reviewed synthetic fixture admission: changed full URI (314.911536ms)
✔ reviewed synthetic fixture admission: changed matching raw values (328.367658ms)
✔ reviewed synthetic fixture admission: verified (294.004409ms)
✔ reviewed synthetic fixture admission: mixed findings (300.935556ms)
✔ reviewed synthetic fixture admission: unapproved first (356.163466ms)
✔ reviewed synthetic fixture admission: wrong source (344.417162ms)
✔ reviewed synthetic fixture admission: wrong line (328.377431ms)
✔ reviewed synthetic fixture admission: other file (282.779028ms)
✔ reviewed synthetic fixture admission: prompt (323.071054ms)
✔ reviewed synthetic fixture admission: schema (329.026545ms)
✔ reviewed synthetic fixture admission: additional (338.131133ms)
✔ reviewed synthetic fixture admission: diff (303.838692ms)
✔ reviewed synthetic fixture admission: decoded only (342.10822ms)
✔ reviewed synthetic fixture admission: wrong detector (306.13628ms)
✔ reviewed synthetic fixture admission: wrong source type (321.309976ms)
✔ reviewed synthetic fixture admission: wrong decoder (302.016343ms)
✔ reviewed synthetic fixture admission: missing verification error (317.733438ms)
✔ reviewed synthetic fixture admission: unexpected extra data (287.795599ms)
✔ reviewed synthetic fixture admission: unexpected structured data (358.802812ms)
✔ reviewed synthetic fixture admission: wrong secret parts (351.910116ms)
✔ reviewed synthetic fixture admission: missing completion (319.606522ms)
✔ reviewed synthetic fixture admission: detector error (397.744153ms)
✔ reviewed synthetic fixture admission: info error (389.053874ms)
✔ reviewed synthetic fixture admission: info errors (323.880021ms)
✔ reviewed synthetic fixture admission: wrong count (296.774148ms)
✔ reviewed synthetic fixture admission: verified count (277.471698ms)
✔ reviewed synthetic fixture admission: wrong version (272.744205ms)
✔ reviewed synthetic fixture admission: duplicate completion (249.156336ms)
✔ reviewed synthetic fixture admission: trailing log (277.002325ms)
✔ reviewed synthetic fixture admission: unterminated output (244.776347ms)
✔ reviewed synthetic fixture admission: unterminated stderr (255.908177ms)
✔ reviewed synthetic fixture admission: malformed stderr (251.384775ms)
✔ reviewed synthetic fixture admission: malformed output (251.755226ms)
✔ reviewed synthetic fixture admission: unexpected successful output (251.091052ms)
✔ reviewed synthetic fixture admission: source drift (269.15558ms)
✔ agent runner defaults to Codex and fails closed on unknown values (2.487175ms)
✔ agent runner preserves review-style Codex argument composition (5.492249ms)
✔ agent runner preserves ordered repair-worker Codex arguments (0.633218ms)
✔ runAgentProcess delegates the default path to Codex with unchanged argv and stdin (271.368536ms)
✔ OpenClaw runner requires a provider/model override (0.427103ms)
✔ OpenClaw checkout inspection attests the exact tracked path without checkout writes (813.859594ms)
✔ OpenClaw checkout inspection reports challenge setup failures (5.711016ms)
✔ checkout inspection lists tracked files beyond the 1 MB spawn default (299.413164ms)
[apply] 2026-08-30T21:36:46.203Z starting apply: files=1 dry_run=true apply_kind=pull_request min_age=0 days apply_close_reasons=author_pr_budget_exceeded stale_min_age_days=60 close_delay_ms=0 sync_comments_only=false suppress_automation_markers=false comment_sync_min_age_days=0 comment_sync_cursor=none max_runtime_ms=0 item_numbers=321 reconciliation_deferred=none closed=0/10 processed=0/3 counts={}
{"event":"reviewed_pr_activity_cursor_v2_fallback","repo":"openclaw/openclaw","number":321,"from_version":2,"to_version":1,"reason":"missing_pull_request"}
[apply] 2026-08-30T21:36:47.313Z finished apply closed=0/10 processed=1/3 counts={"kept_open":1}
[apply] 2026-08-30T21:36:47.777Z starting apply: files=1 dry_run=true apply_kind=pull_request min_age=0 days apply_close_reasons=author_pr_budget_exceeded stale_min_age_days=60 close_delay_ms=0 sync_comments_only=false suppress_automation_markers=false comment_sync_min_age_days=0 comment_sync_cursor=none max_runtime_ms=0 item_numbers=321 reconciliation_deferred=none closed=0/10 processed=0/3 counts={}
{"event":"reviewed_pr_activity_cursor_v2_fallback","repo":"openclaw/openclaw","number":321,"from_version":2,"to_version":1,"reason":"missing_pull_request"}
[apply] 2026-08-30T21:36:49.830Z finished apply closed=0/10 processed=1/3 counts={"kept_open":1}
[apply] 2026-08-30T21:36:50.376Z starting apply: files=1 dry_run=false apply_kind=pull_request min_age=0 days apply_close_reasons=author_pr_budget_exceeded stale_min_age_days=60 close_delay_ms=0 sync_comments_only=false suppress_automation_markers=false comment_sync_min_age_days=0 comment_sync_cursor=none max_runtime_ms=0 item_numbers=321 reconciliation_deferred=none closed=0/10 processed=0/3 counts={}
{"event":"reviewed_pr_activity_cursor_v2_fallback","repo":"openclaw/openclaw","number":321,"from_version":2,"to_version":1,"reason":"missing_pull_request"}
[apply] 2026-08-30T21:37:00.194Z closing #321 closed=0/10 processed=1/3 counts={"review_comment_synced":1}
[apply] 2026-08-30T21:37:07.171Z closed #321 closed=1/10 processed=2/3 counts={"review_comment_synced":1,"closed":1}
[apply] 2026-08-30T21:37:07.175Z finished apply closed=1/10 processed=2/3 counts={"review_comment_synced":1,"closed":1}
[apply] 2026-08-30T21:37:07.721Z starting apply: files=1 dry_run=true apply_kind=pull_request min_age=0 days apply_close_reasons=author_pr_budget_exceeded stale_min_age_days=60 close_delay_ms=0 sync_comments_only=false suppress_automation_markers=false comment_sync_min_age_days=0 comment_sync_cursor=none max_runtime_ms=0 item_numbers=321 reconciliation_deferred=none closed=0/10 processed=0/3 counts={}
{"event":"reviewed_pr_activity_cursor_v2_fallback","repo":"openclaw/openclaw","number":321,"from_version":2,"to_version":1,"reason":"missing_pull_request"}
[apply] 2026-08-30T21:37:09.035Z finished apply closed=0/10 processed=1/3 counts={"kept_open":1}
[apply] 2026-08-30T21:37:09.572Z starting apply: files=1 dry_run=true apply_kind=pull_request min_age=0 days apply_close_reasons=author_pr_budget_exceeded stale_min_age_days=60 close_delay_ms=0 sync_comments_only=false suppress_automation_markers=false comment_sync_min_age_days=0 comment_sync_cursor=none max_runtime_ms=0 item_numbers=321 reconciliation_deferred=none closed=0/10 processed=0/3 counts={}
{"event":"reviewed_pr_activity_cursor_v2_fallback","repo":"openclaw/openclaw","number":321,"from_version":2,"to_version":1,"reason":"missing_pull_request"}
[apply] 2026-08-30T21:37:10.839Z finished apply closed=0/10 processed=1/3 counts={"kept_open":1}
[apply] 2026-08-30T21:37:11.370Z starting apply: files=1 dry_run=true apply_kind=pull_request min_age=0 days apply_close_reasons=author_pr_budget_exceeded stale_min_age_days=60 close_delay_ms=0 sync_comments_only=false suppress_automation_markers=false comment_sync_min_age_days=0 comment_sync_cursor=none max_runtime_ms=0 item_numbers=321 reconciliation_deferred=none closed=0/10 processed=0/3 counts={}
{"event":"reviewed_pr_activity_cursor_v2_fallback","repo":"openclaw/openclaw","number":321,"from_version":2,"to_version":1,"reason":"missing_pull_request"}
[apply] 2026-08-30T21:37:12.830Z finished apply closed=0/10 processed=1/3 counts={"kept_open":1}
[apply] 2026-08-30T21:37:13.427Z starting apply: files=1 dry_run=true apply_kind=pull_request min_age=0 days apply_close_reasons=author_pr_budget_exceeded stale_min_age_days=60 close_delay_ms=0 sync_comments_only=false suppress_automation_markers=false comment_sync_min_age_days=0 comment_sync_cursor=none max_runtime_ms=0 item_numbers=321 reconciliation_deferred=none closed=0/10 processed=0/3 counts={}
{"event":"reviewed_pr_activity_cursor_v2_fallback","repo":"openclaw/openclaw","number":321,"from_version":2,"to_version":1,"reason":"missing_pull_request"}
[apply] 2026-08-30T21:37:14.735Z finished apply closed=0/10 processed=1/3 counts={"kept_open":1}
[apply] 2026-08-30T21:37:15.167Z starting apply: files=1 dry_run=true apply_kind=pull_request min_age=0 days apply_close_reasons=author_pr_budget_exceeded stale_min_age_days=60 close_delay_ms=0 sync_comments_only=false suppress_automation_markers=false comment_sync_min_age_days=0 comment_sync_cursor=none max_runtime_ms=0 item_numbers=321 reconciliation_deferred=none closed=0/10 processed=0/3 counts={}
{"event":"reviewed_pr_activity_cursor_v2_fallback","repo":"openclaw/openclaw","number":321,"from_version":2,"to_version":1,"reason":"missing_pull_request"}
[apply] 2026-08-30T21:37:17.910Z finished apply closed=0/10 processed=1/3 counts={"skipped_protected_label":1}
[apply] 2026-08-30T21:37:18.367Z starting apply: files=1 dry_run=true apply_kind=pull_request min_age=0 days apply_close_reasons=author_pr_budget_exceeded stale_min_age_days=60 close_delay_ms=0 sync_comments_only=false suppress_automation_markers=false comment_sync_min_age_days=0 comment_sync_cursor=none max_runtime_ms=0 item_numbers=321 reconciliation_deferred=none closed=0/10 processed=0/3 counts={}
{"event":"reviewed_pr_activity_cursor_v2_fallback","repo":"openclaw/openclaw","number":321,"from_version":2,"to_version":1,"reason":"missing_pull_request"}
[apply] 2026-08-30T21:37:20.273Z finished apply closed=0/10 processed=1/3 counts={"kept_open":1}
[apply] 2026-08-30T21:37:20.734Z starting apply: files=1 dry_run=true apply_kind=pull_request min_age=0 days apply_close_reasons=author_pr_budget_exceeded stale_min_age_days=60 close_delay_ms=0 sync_comments_only=false suppress_automation_markers=false comment_sync_min_age_days=0 comment_sync_cursor=none max_runtime_ms=0 item_numbers=321 reconciliation_deferred=none closed=0/10 processed=0/3 counts={}
{"event":"reviewed_pr_activity_cursor_v2_fallback","repo":"openclaw/openclaw","number":321,"from_version":2,"to_version":1,"reason":"missing_pull_request"}
[apply] 2026-08-30T21:37:22.950Z finished apply closed=0/10 processed=1/3 counts={"kept_open":1}
[apply] 2026-08-30T21:37:23.417Z starting apply: files=1 dry_run=true apply_kind=pull_request min_age=0 days apply_close_reasons=author_pr_budget_exceeded stale_min_age_days=60 close_delay_ms=0 sync_comments_only=false suppress_automation_markers=false comment_sync_min_age_days=0 comment_sync_cursor=none max_runtime_ms=0 item_numbers=321 reconciliation_deferred=none closed=0/10 processed=0/3 counts={}
{"event":"reviewed_pr_activity_cursor_v2_fallback","repo":"openclaw/openclaw","number":321,"from_version":2,"to_version":1,"reason":"missing_pull_request"}
[apply] 2026-08-30T21:37:25.525Z finished apply closed=0/10 processed=1/3 counts={"kept_open":1}
[apply] 2026-08-30T21:37:26.035Z starting apply: files=1 dry_run=true apply_kind=pull_request min_age=0 days apply_close_reasons=author_pr_budget_exceeded stale_min_age_days=60 close_delay_ms=0 sync_comments_only=false suppress_automation_markers=false comment_sync_min_age_days=0 comment_sync_cursor=none max_runtime_ms=0 item_numbers=321 reconciliation_deferred=none closed=0/10 processed=0/3 counts={}
{"event":"reviewed_pr_activity_cursor_v2_fallback","repo":"openclaw/openclaw","number":321,"from_version":2,"to_version":1,"reason":"missing_pull_request"}
[apply] 2026-08-30T21:37:27.556Z finished apply closed=0/10 processed=1/3 counts={"kept_open":1}
[apply] 2026-08-30T21:37:27.996Z starting apply: files=2 dry_run=true apply_kind=pull_request min_age=0 days apply_close_reasons=author_pr_budget_exceeded stale_min_age_days=60 close_delay_ms=0 sync_comments_only=false suppress_automation_markers=false comment_sync_min_age_days=0 comment_sync_cursor=none max_runtime_ms=0 item_numbers=331,332 reconciliation_deferred=none closed=0/10 processed=0/6 counts={}
{"event":"reviewed_pr_activity_cursor_v2_fallback","repo":"openclaw/openclaw","number":331,"from_version":2,"to_version":1,"reason":"missing_pull_request"}
[apply] 2026-08-30T21:37:31.657Z closing #331 closed=0/10 processed=1/6 counts={"review_comment_synced":1}
[apply] 2026-08-30T21:37:31.736Z would close #331 closed=1/10 processed=2/6 counts={"review_comment_synced":1,"closed":1}
{"event":"reviewed_pr_activity_cursor_v2_fallback","repo":"openclaw/openclaw","number":332,"from_version":2,"to_version":1,"reason":"missing_pull_request"}
[apply] 2026-08-30T21:37:33.814Z finished apply closed=1/10 processed=3/6 counts={"review_comment_synced":1,"closed":1,"kept_open":1}
[apply] 2026-08-30T21:37:34.308Z starting apply: files=2 dry_run=true apply_kind=pull_request min_age=0 days apply_close_reasons=author_pr_budget_exceeded stale_min_age_days=60 close_delay_ms=0 sync_comments_only=false suppress_automation_markers=false comment_sync_min_age_days=0 comment_sync_cursor=none max_runtime_ms=0 item_numbers=321,322 reconciliation_deferred=none closed=0/10 processed=0/6 counts={}
{"event":"reviewed_pr_activity_cursor_v2_fallback","repo":"openclaw/openclaw","number":321,"from_version":2,"to_version":1,"reason":"missing_pull_request"}
[apply] 2026-08-30T21:37:37.881Z closing #321 closed=0/10 processed=1/6 counts={"review_comment_synced":1}
[apply] 2026-08-30T21:37:37.964Z would close #321 closed=1/10 processed=2/6 counts={"review_comment_synced":1,"closed":1}
{"event":"reviewed_pr_activity_cursor_v2_fallback","repo":"openclaw/openclaw","number":322,"from_version":2,"to_version":1,"reason":"missing_pull_request"}
[apply] 2026-08-30T21:37:39.390Z finished apply closed=1/10 processed=3/6 counts={"review_comment_synced":1,"closed":1,"kept_open":1}
✔ author PR-budget apply policy is default-off (1600.882789ms)
✔ author PR-budget apply keeps an under-budget author open (2513.579882ms)
✔ author PR-budget apply promotes and closes an over-budget idle D-rated PR (17366.831429ms)
✔ author PR-budget apply protects S/A/B-rated PRs with real proof (5706.502805ms)
✔ author PR-budget apply protects maintainer authors and protected labels (5003.909691ms)
✔ author PR-budget apply protects maintainer-engaged PRs (2368.854493ms)
✔ author PR-budget apply fails closed on author-count API uncertainty (5256.609932ms)
✔ author PR-budget apply treats recent check activity as active (2020.272266ms)
✔ author PR-budget apply never trims an author below the budget in one run (6274.389731ms)
✔ author PR-budget apply enforces the per-author per-run close cap (5573.870988ms)
[apply] 2026-08-30T21:37:17.346Z starting apply: files=1 dry_run=true apply_kind=all min_age=0 days apply_close_reasons=all stale_min_age_days=60 close_delay_ms=0 sync_comments_only=false suppress_automation_markers=false comment_sync_min_age_days=0 comment_sync_cursor=none max_runtime_ms=0 item_numbers=all reconciliation_deferred=none closed=0/10 processed=0/2 counts={}
{"event":"reviewed_pr_activity_cursor_v2_fallback","repo":"openclaw/clawsweeper","number":321,"from_version":2,"to_version":1,"reason":"missing_pull_request"}
[review] 2026-08-30T21:37:18.016Z check-state=unavailable #321: Command failed: /home/jules/.nvm/versions/node/v24.20.0/bin/node /tmp/clawsweeper-test-9jqJrz/bin/gh.js api repos/openclaw/clawsweeper/commits/head-sha/check-runs?per_page=100
unexpected gh args ["api","repos/openclaw/clawsweeper/commits/head-sha/check-runs?per_page=100"]

[apply] 2026-08-30T21:37:19.570Z finished apply closed=0/10 processed=2/2 counts={"review_comment_synced":1,"kept_open":1}
[apply] 2026-08-30T21:37:19.995Z starting apply: files=1 dry_run=true apply_kind=all min_age=0 days apply_close_reasons=all stale_min_age_days=60 close_delay_ms=0 sync_comments_only=false suppress_automation_markers=false comment_sync_min_age_days=0 comment_sync_cursor=none max_runtime_ms=0 item_numbers=all reconciliation_deferred=none closed=0/10 processed=0/2 counts={}
{"event":"reviewed_pr_activity_cursor_v2_fallback","repo":"openclaw/clawsweeper","number":321,"from_version":2,"to_version":1,"reason":"missing_pull_request"}
[review] 2026-08-30T21:37:20.595Z check-state=unavailable #321: Command failed: /home/jules/.nvm/versions/node/v24.20.0/bin/node /tmp/clawsweeper-test-E4CLt1/bin/gh.js api repos/openclaw/clawsweeper/commits/head-sha/check-runs?per_page=100
unexpected gh args ["api","repos/openclaw/clawsweeper/commits/head-sha/check-runs?per_page=100"]

[apply] 2026-08-30T21:37:22.224Z finished apply closed=0/10 processed=2/2 counts={"review_comment_synced":1,"kept_open":1}
[apply] 2026-08-30T21:37:22.699Z starting apply: files=1 dry_run=true apply_kind=all min_age=0 days apply_close_reasons=all stale_min_age_days=60 close_delay_ms=0 sync_comments_only=false suppress_automation_markers=false comment_sync_min_age_days=0 comment_sync_cursor=none max_runtime_ms=0 item_numbers=all reconciliation_deferred=none closed=0/10 processed=0/2 counts={}
{"event":"reviewed_pr_activity_cursor_v2_fallback","repo":"openclaw/clawsweeper","number":321,"from_version":2,"to_version":1,"reason":"missing_pull_request"}
[review] 2026-08-30T21:37:23.286Z check-state=unavailable #321: Command failed: /home/jules/.nvm/versions/node/v24.20.0/bin/node /tmp/clawsweeper-test-4UHOyJ/bin/gh.js api repos/openclaw/clawsweeper/commits/head-sha/check-runs?per_page=100
unexpected gh args ["api","repos/openclaw/clawsweeper/commits/head-sha/check-runs?per_page=100"]

[apply] 2026-08-30T21:37:24.894Z finished apply closed=0/10 processed=2/2 counts={"review_comment_synced":1,"kept_open":1}
[apply] 2026-08-30T21:37:25.395Z starting apply: files=2 dry_run=true apply_kind=all min_age=0 days apply_close_reasons=all stale_min_age_days=60 close_delay_ms=0 sync_comments_only=false suppress_automation_markers=false comment_sync_min_age_days=0 comment_sync_cursor=none max_runtime_ms=0 item_numbers=all reconciliation_deferred=none closed=0/10 processed=0/4 counts={}
{"event":"reviewed_pr_activity_cursor_v2_fallback","repo":"openclaw/openclaw","number":321,"from_version":2,"to_version":1,"reason":"missing_pull_request"}
[review] 2026-08-30T21:37:26.024Z check-state=unavailable #321: Command failed: /home/jules/.nvm/versions/node/v24.20.0/bin/node /tmp/clawsweeper-test-yWZF7x/bin/gh.js api repos/openclaw/openclaw/commits/head-sha/check-runs?per_page=100
unexpected gh args ["api","repos/openclaw/openclaw/commits/head-sha/check-runs?per_page=100"]

[apply] 2026-08-30T21:37:29.270Z closing #321 closed=0/10 processed=0/4 counts={}
[apply] 2026-08-30T21:37:29.655Z would close #321 closed=1/10 processed=1/4 counts={"closed":1}
[apply] 2026-08-30T21:37:29.656Z would close linked issue #320 closed=2/10 processed=2/4 counts={"closed":2}
[apply] 2026-08-30T21:37:29.662Z finished apply closed=2/10 processed=2/4 counts={"closed":2}
✔ apply-decisions retries legacy fixed close skips (5397.826034ms)
✔ apply-decisions retries legacy kept-open close reports (2669.907089ms)
✔ apply-decisions pair-closes issues blocked by closeable linked PRs (4767.913845ms)
[apply] 2026-08-30T21:37:30.804Z starting apply: files=2 dry_run=false apply_kind=issue min_age=0 days apply_close_reasons=all stale_min_age_days=60 close_delay_ms=0 sync_comments_only=false suppress_automation_markers=false comment_sync_min_age_days=0 comment_sync_cursor=none max_runtime_ms=0 item_numbers=10,20 reconciliation_deferred=none closed=0/10 processed=0/1 counts={}
[apply] 2026-08-30T21:37:30.814Z finished apply closed=0/10 processed=1/1 counts={"kept_open":1}
[apply] 2026-08-30T21:37:31.259Z starting apply: files=5 dry_run=false apply_kind=issue min_age=0 days apply_close_reasons=all stale_min_age_days=60 close_delay_ms=0 sync_comments_only=false suppress_automation_markers=false comment_sync_min_age_days=0 comment_sync_cursor=105854 max_runtime_ms=0 item_numbers=87267,95788,97566,105342,105870 reconciliation_deferred=none closed=0/10 processed=0/1 counts={}
[apply] 2026-08-30T21:37:31.269Z finished apply closed=0/10 processed=1/1 counts={"kept_open":1}
[apply] 2026-08-30T21:37:31.720Z starting apply: files=5 dry_run=false apply_kind=issue min_age=0 days apply_close_reasons=all stale_min_age_days=60 close_delay_ms=0 sync_comments_only=false suppress_automation_markers=false comment_sync_min_age_days=0 comment_sync_cursor=200000 max_runtime_ms=0 item_numbers=87267,95788,97566,105342,105870 reconciliation_deferred=none closed=0/10 processed=0/1 counts={}
[apply] 2026-08-30T21:37:31.730Z finished apply closed=0/10 processed=1/1 counts={"kept_open":1}
[apply] 2026-08-30T21:37:32.196Z starting apply: files=5 dry_run=false apply_kind=issue min_age=0 days apply_close_reasons=all stale_min_age_days=60 close_delay_ms=0 sync_comments_only=false suppress_automation_markers=false comment_sync_min_age_days=0 comment_sync_cursor=90000 max_runtime_ms=0 item_numbers=87267,95788,97566,105342,105870 reconciliation_deferred=none closed=0/10 processed=0/1 counts={}
[apply] 2026-08-30T21:37:32.207Z finished apply closed=0/10 processed=1/1 counts={"kept_open":1}
[apply] 2026-08-30T21:37:32.654Z starting apply: files=1 dry_run=false apply_kind=issue min_age=0 days apply_close_reasons=all stale_min_age_days=60 close_delay_ms=0 sync_comments_only=false suppress_automation_markers=false comment_sync_min_age_days=0 comment_sync_cursor=none max_runtime_ms=0 item_numbers=20 reconciliation_deferred=none closed=0/1 processed=0/1 counts={}
[apply] 2026-08-30T21:37:32.664Z finished apply closed=0/1 processed=1/1 counts={"kept_open":1}
[apply] 2026-08-30T21:37:33.110Z starting apply: files=1 dry_run=true apply_kind=issue min_age=0 days apply_close_reasons=all stale_min_age_days=60 close_delay_ms=0 sync_comments_only=false suppress_automation_markers=false comment_sync_min_age_days=0 comment_sync_cursor=none max_runtime_ms=0 item_numbers=20 reconciliation_deferred=none closed=0/1 processed=0/1 counts={}
[apply] 2026-08-30T21:37:33.125Z finished apply closed=0/1 processed=1/1 counts={"kept_open":1}
[apply] 2026-08-30T21:37:33.581Z starting apply: files=1 dry_run=false apply_kind=issue min_age=0 days apply_close_reasons=all stale_min_age_days=60 close_delay_ms=0 sync_comments_only=true suppress_automation_markers=false comment_sync_min_age_days=0 comment_sync_cursor=none max_runtime_ms=0 item_numbers=20 reconciliation_deferred=none closed=0/1 processed=0/1 counts={}
[apply] 2026-08-30T21:37:33.592Z finished apply closed=0/1 processed=1/1 counts={"kept_open":1}
[apply] 2026-08-30T21:37:34.026Z starting apply: files=1 dry_run=false apply_kind=issue min_age=0 days apply_close_reasons=all stale_min_age_days=60 close_delay_ms=0 sync_comments_only=false suppress_automation_markers=false comment_sync_min_age_days=0 comment_sync_cursor=none max_runtime_ms=0 item_numbers=all reconciliation_deferred=none closed=0/1 processed=0/1 counts={}
[apply] 2026-08-30T21:37:34.035Z finished apply closed=0/1 processed=1/1 counts={"kept_open":1}
[apply] 2026-08-30T21:37:34.500Z starting apply: files=0 dry_run=false apply_kind=issue min_age=0 days apply_close_reasons=all stale_min_age_days=60 close_delay_ms=0 sync_comments_only=false suppress_automation_markers=false comment_sync_min_age_days=0 comment_sync_cursor=none max_runtime_ms=0 item_numbers=21 reconciliation_deferred=none closed=0/1 processed=0/1 counts={}
[apply] 2026-08-30T21:37:34.504Z finished apply closed=0/1 processed=0/1 counts={}
[apply] 2026-08-30T21:37:34.967Z starting apply: files=2 dry_run=true apply_kind=issue min_age=0 days apply_close_reasons=all stale_min_age_days=60 close_delay_ms=0 sync_comments_only=false suppress_automation_markers=false comment_sync_min_age_days=0 comment_sync_cursor=none max_runtime_ms=0 item_numbers=all reconciliation_deferred=none closed=0/1 processed=0/10 counts={}
[apply] 2026-08-30T21:37:36.304Z closing #10 closed=0/1 processed=1/10 counts={"review_comment_synced":1}
[apply] 2026-08-30T21:37:36.305Z would close #10 closed=1/1 processed=2/10 counts={"review_comment_synced":1,"closed":1}
[apply] 2026-08-30T21:37:37.583Z finished apply closed=1/1 processed=3/10 counts={"review_comment_synced":2,"closed":1}
✔ apply resolves only requested paired dependencies and preserves selected snapshots (3.67546ms)
✔ apply-decisions preserves auto-selected order and traces only examined records (476.864883ms)
✔ apply-decisions runs the numeric comment-sync frontier before ascending urgent items (1387.988026ms)
✔ exact-event apply does not read unrelated canonical records (469.010785ms)
✔ proof apply does not read unrelated canonical records (463.098137ms)
✔ comment-sync apply does not read unrelated canonical records (454.346854ms)
✔ broad apply does not read unrelated canonical records (453.543956ms)
✔ empty apply does not read unrelated canonical records (434.453296ms)
✔ apply-decisions keeps close-limit candidates out of the cursor trace (3112.727048ms)
exact-review admission shed {
  event: 'admission_shed',
  category: 'backpressure',
  pending_count: 1,
  configured_limit: 1
}
✔ default apply drift refresh executes queue-only ingress with bounded selection and live guards (6651.577353ms)
✔ apply guard reads share a paged endpoint across guard functions (3.131209ms)
✔ apply guard reads share a JSON endpoint across guard functions (1.224492ms)
✔ apply guard read cache resets between items (1.594093ms)
✔ apply policy guards share canonical full-object reads (1.153173ms)
✔ apply guards follow generation invalidation and explicit bypass (0.620946ms)
[apply] 2026-08-30T21:37:39.228Z starting apply: files=1 dry_run=false apply_kind=issue min_age=0 days apply_close_reasons=all stale_min_age_days=60 close_delay_ms=0 sync_comments_only=false suppress_automation_markers=false comment_sync_min_age_days=0 comment_sync_cursor=none max_runtime_ms=0 item_numbers=321 reconciliation_deferred=none closed=0/10 processed=0/1 counts={}
[apply] 2026-08-30T21:37:40.661Z finished apply closed=0/10 processed=1/1 counts={"kept_open":1}
[apply] 2026-08-30T21:37:41.129Z starting apply: files=1 dry_run=false apply_kind=issue min_age=0 days apply_close_reasons=all stale_min_age_days=60 close_delay_ms=0 sync_comments_only=false suppress_automation_markers=false comment_sync_min_age_days=0 comment_sync_cursor=none max_runtime_ms=0 item_numbers=321 reconciliation_deferred=none closed=0/10 processed=0/1 counts={}
[apply] 2026-08-30T21:37:44.898Z finished apply closed=0/10 processed=1/1 counts={"kept_open":1}
[apply] 2026-08-30T21:37:45.417Z starting apply: files=1 dry_run=false apply_kind=issue min_age=0 days apply_close_reasons=all stale_min_age_days=60 close_delay_ms=0 sync_comments_only=true suppress_automation_markers=false comment_sync_min_age_days=0 comment_sync_cursor=none max_runtime_ms=0 item_numbers=74486 reconciliation_deferred=none closed=0/10 processed=0/1 counts={}
[referencingMergedPullRequestsForIssue] number=74486 status=failed reason=Command failed: gh api search/issues?q=repo%3Aopenclaw%2Fclawsweeper%20is%3Apr%20is%3Amerged%20%2374486&per_page=10
unexpected gh args ["api","search/issues?q=repo%3Aopenclaw%2Fclawsweeper%20is%3Apr%20is%3Amerged%20%2374486&per_page=10"]
[referencingMergedPullRequestsForIssue] number=74486 status=failed reason=Command failed: gh api search/issues?q=repo%3Aopenclaw%2Fclawsweeper%20is%3Apr%20is%3Amerged%20%2374486&per_page=10
unexpected gh args ["api","search/issues?q=repo%3Aopenclaw%2Fclawsweeper%20is%3Apr%20is%3Amerged%20%2374486&per_page=10"]
[apply] 2026-08-30T21:37:48.017Z finished apply closed=0/10 processed=1/1 counts={"review_comment_synced":1}
[apply] 2026-08-30T21:37:48.504Z starting apply: files=1 dry_run=false apply_kind=issue min_age=0 days apply_close_reasons=all stale_min_age_days=60 close_delay_ms=0 sync_comments_only=true suppress_automation_markers=false comment_sync_min_age_days=0 comment_sync_cursor=none max_runtime_ms=0 item_numbers=74487 reconciliation_deferred=none closed=0/10 processed=0/1 counts={}
[referencingMergedPullRequestsForIssue] number=74487 status=failed reason=Command failed: gh api search/issues?q=repo%3Aopenclaw%2Fclawsweeper%20is%3Apr%20is%3Amerged%20%2374487&per_page=10
unexpected gh args ["api","search/issues?q=repo%3Aopenclaw%2Fclawsweeper%20is%3Apr%20is%3Amerged%20%2374487&per_page=10"]
[referencingMergedPullRequestsForIssue] number=74487 status=failed reason=Command failed: gh api search/issues?q=repo%3Aopenclaw%2Fclawsweeper%20is%3Apr%20is%3Amerged%20%2374487&per_page=10
unexpected gh args ["api","search/issues?q=repo%3Aopenclaw%2Fclawsweeper%20is%3Apr%20is%3Amerged%20%2374487&per_page=10"]
[apply] 2026-08-30T21:37:51.271Z finished apply closed=0/10 processed=1/1 counts={"review_comment_synced":1}
[apply] 2026-08-30T21:37:51.780Z starting apply: files=1 dry_run=true apply_kind=issue min_age=0 days apply_close_reasons=all stale_min_age_days=60 close_delay_ms=0 sync_comments_only=false suppress_automation_markers=false comment_sync_min_age_days=0 comment_sync_cursor=none max_runtime_ms=0 item_numbers=103599 reconciliation_deferred=none closed=0/10 processed=0/2 counts={}
[apply] 2026-08-30T21:37:54.429Z closing #103599 closed=0/10 processed=1/2 counts={"review_comment_synced":1}
[apply] 2026-08-30T21:37:54.430Z would close #103599 closed=1/10 processed=2/2 counts={"review_comment_synced":1,"closed":1}
[apply] 2026-08-30T21:37:54.438Z finished apply closed=1/10 processed=2/2 counts={"review_comment_synced":1,"closed":1}
[apply] 2026-08-30T21:37:55.519Z starting apply: files=1 dry_run=false apply_kind=issue min_age=0 days apply_close_reasons=all stale_min_age_days=60 close_delay_ms=0 sync_comments_only=false suppress_automation_markers=false comment_sync_min_age_days=0 comment_sync_cursor=none max_runtime_ms=0 item_numbers=103701 reconciliation_deferred=none closed=0/10 processed=0/2 counts={}
[apply] deleted superseded review placeholder comment 803700 for #103701
[apply] 2026-08-30T21:38:06.829Z closing #103701 closed=0/10 processed=1/2 counts={"review_comment_synced":1}
[apply] 2026-08-30T21:38:09.205Z closed #103701 closed=1/10 processed=2/2 counts={"review_comment_synced":1,"closed":1}
[apply] 2026-08-30T21:38:09.391Z finished apply closed=1/10 processed=2/2 counts={"review_comment_synced":1,"closed":1}
[apply] 2026-08-30T21:38:10.139Z starting apply: files=1 dry_run=false apply_kind=issue min_age=0 days apply_close_reasons=all stale_min_age_days=60 close_delay_ms=0 sync_comments_only=true suppress_automation_markers=false comment_sync_min_age_days=0 comment_sync_cursor=none max_runtime_ms=0 item_numbers=103702 reconciliation_deferred=none closed=0/10 processed=0/1 counts={}
Combined optional label sync for item 103702 failed; retrying its final operations individually: Command failed: /home/jules/.nvm/versions/node/v24.20.0/bin/node /tmp/clawsweeper-test-QXSNzo/bin/gh.js --repo openclaw/openclaw issue edit 103702 --add-label clawsweeper:fix-shape-clear,clawsweeper:queueable-fix,issue-rating: 🧂 unranked krab,no-stale,P2 --remove-label P1
labels can have a maximum of 100 labels

Skipping optional label sync for P2: Command failed: /home/jules/.nvm/versions/node/v24.20.0/bin/node /tmp/clawsweeper-test-QXSNzo/bin/gh.js --repo openclaw/openclaw issue edit 103702 --add-label P2
labels can have a maximum of 100 labels

[apply] 2026-08-30T21:38:23.753Z finished apply closed=0/10 processed=1/1 counts={"review_comment_synced":1}
[apply] 2026-08-30T21:38:24.240Z starting apply: files=1 dry_run=false apply_kind=issue min_age=0 days apply_close_reasons=all stale_min_age_days=60 close_delay_ms=0 sync_comments_only=false suppress_automation_markers=false comment_sync_min_age_days=0 comment_sync_cursor=none max_runtime_ms=0 item_numbers=74490 reconciliation_deferred=none closed=0/10 processed=0/1 counts={}
[apply] 2026-08-30T21:38:25.327Z finished apply closed=0/10 processed=1/1 counts={"skipped_stale_review_comment_sync":1}
[apply] 2026-08-30T21:38:25.792Z starting apply: files=1 dry_run=false apply_kind=issue min_age=0 days apply_close_reasons=all stale_min_age_days=60 close_delay_ms=0 sync_comments_only=false suppress_automation_markers=false comment_sync_min_age_days=0 comment_sync_cursor=none max_runtime_ms=0 item_numbers=74492 reconciliation_deferred=none closed=0/10 processed=0/1 counts={}
[apply] 2026-08-30T21:38:26.387Z finished apply closed=0/10 processed=1/1 counts={"kept_open":1}
[apply] 2026-08-30T21:38:26.876Z starting apply: files=1 dry_run=false apply_kind=issue min_age=0 days apply_close_reasons=all stale_min_age_days=60 close_delay_ms=0 sync_comments_only=false suppress_automation_markers=false comment_sync_min_age_days=0 comment_sync_cursor=none max_runtime_ms=0 item_numbers=74491 reconciliation_deferred=none closed=0/10 processed=0/1 counts={}
[apply] 2026-08-30T21:38:27.510Z finished apply closed=0/10 processed=1/1 counts={"kept_open":1}
[apply] 2026-08-30T21:38:27.993Z starting apply: files=1 dry_run=true apply_kind=issue min_age=0 days apply_close_reasons=all stale_min_age_days=60 close_delay_ms=0 sync_comments_only=false suppress_automation_markers=false comment_sync_min_age_days=0 comment_sync_cursor=none max_runtime_ms=0 item_numbers=103599 reconciliation_deferred=none closed=0/10 processed=0/2 counts={}
[apply] 2026-08-30T21:38:29.525Z closing #103599 closed=0/10 processed=1/2 counts={"review_comment_synced":1}
[apply] 2026-08-30T21:38:29.526Z would close #103599 closed=1/10 processed=2/2 counts={"review_comment_synced":1,"closed":1}
[apply] 2026-08-30T21:38:29.529Z finished apply closed=1/10 processed=2/2 counts={"review_comment_synced":1,"closed":1}
[apply] 2026-08-30T21:38:29.994Z starting apply: files=1 dry_run=true apply_kind=issue min_age=0 days apply_close_reasons=all stale_min_age_days=60 close_delay_ms=0 sync_comments_only=false suppress_automation_markers=false comment_sync_min_age_days=0 comment_sync_cursor=none max_runtime_ms=0 item_numbers=103690 reconciliation_deferred=none closed=0/10 processed=0/2 counts={}
[apply] 2026-08-30T21:38:31.537Z closing #103690 closed=0/10 processed=1/2 counts={"review_comment_synced":1}
[apply] 2026-08-30T21:38:31.538Z would close #103690 closed=1/10 processed=2/2 counts={"review_comment_synced":1,"closed":1}
[apply] 2026-08-30T21:38:31.541Z finished apply closed=1/10 processed=2/2 counts={"review_comment_synced":1,"closed":1}
[apply] 2026-08-30T21:38:32.035Z starting apply: files=1 dry_run=false apply_kind=issue min_age=0 days apply_close_reasons=all stale_min_age_days=60 close_delay_ms=0 sync_comments_only=false suppress_automation_markers=false comment_sync_min_age_days=0 comment_sync_cursor=none max_runtime_ms=0 item_numbers=all reconciliation_deferred=none closed=0/10 processed=0/1 counts={}
[apply] 2026-08-30T21:38:33.172Z finished apply closed=0/10 processed=1/1 counts={"skipped_changed_since_review":1}
[apply] 2026-08-30T21:38:33.645Z starting apply: files=1 dry_run=false apply_kind=issue min_age=0 days apply_close_reasons=all stale_min_age_days=60 close_delay_ms=0 sync_comments_only=true suppress_automation_markers=false comment_sync_min_age_days=0 comment_sync_cursor=none max_runtime_ms=0 item_numbers=74478 reconciliation_deferred=none closed=0/10 processed=0/1 counts={}
{"event":"reviewed_pr_activity_cursor_v2_fallback","repo":"openclaw/clawsweeper","number":74478,"from_version":2,"to_version":1,"reason":"graphql_request_failed"}
[review] 2026-08-30T21:38:34.431Z check-state=unavailable #74478: Command failed: /home/jules/.nvm/versions/node/v24.20.0/bin/node /tmp/clawsweeper-test-SmZRhB/bin/gh.js api repos/openclaw/clawsweeper/commits/abc123def456/check-runs?per_page=100
unexpected gh args ["api","repos/openclaw/clawsweeper/commits/abc123def456/check-runs?per_page=100"]

[review] 2026-08-30T21:38:39.399Z check-state=unavailable #74478: Command failed: /home/jules/.nvm/versions/node/v24.20.0/bin/node /tmp/clawsweeper-test-SmZRhB/bin/gh.js api repos/openclaw/clawsweeper/commits/abc123def456/check-runs?per_page=100
unexpected gh args ["api","repos/openclaw/clawsweeper/commits/abc123def456/check-runs?per_page=100"]

[review] 2026-08-30T21:38:40.908Z check-state=unavailable #74478: Command failed: /home/jules/.nvm/versions/node/v24.20.0/bin/node /tmp/clawsweeper-test-SmZRhB/bin/gh.js api repos/openclaw/clawsweeper/commits/abc123def456/check-runs?per_page=100
unexpected gh args ["api","repos/openclaw/clawsweeper/commits/abc123def456/check-runs?per_page=100"]

[review] 2026-08-30T21:38:42.327Z check-state=unavailable #74478: Command failed: /home/jules/.nvm/versions/node/v24.20.0/bin/node /tmp/clawsweeper-test-SmZRhB/bin/gh.js api repos/openclaw/clawsweeper/commits/abc123def456/check-runs?per_page=100
unexpected gh args ["api","repos/openclaw/clawsweeper/commits/abc123def456/check-runs?per_page=100"]

[review] 2026-08-30T21:38:43.474Z check-state=unavailable #74478: Command failed: /home/jules/.nvm/versions/node/v24.20.0/bin/node /tmp/clawsweeper-test-SmZRhB/bin/gh.js api repos/openclaw/clawsweeper/commits/abc123def456/check-runs?per_page=100
unexpected gh args ["api","repos/openclaw/clawsweeper/commits/abc123def456/check-runs?per_page=100"]

[apply] 2026-08-30T21:38:43.480Z finished apply closed=0/10 processed=1/1 counts={"review_comment_synced":1}
[apply] 2026-08-30T21:38:43.955Z starting apply: files=1 dry_run=false apply_kind=issue min_age=0 days apply_close_reasons=all stale_min_age_days=60 close_delay_ms=0 sync_comments_only=true suppress_automation_markers=false comment_sync_min_age_days=0 comment_sync_cursor=none max_runtime_ms=0 item_numbers=74481 reconciliation_deferred=none closed=0/10 processed=0/1 counts={}
{"event":"reviewed_pr_activity_cursor_v2_fallback","repo":"openclaw/openclaw","number":74481,"from_version":2,"to_version":1,"reason":"graphql_request_failed"}
[review] 2026-08-30T21:38:44.723Z check-state=unavailable #74481: Command failed: /home/jules/.nvm/versions/node/v24.20.0/bin/node /tmp/clawsweeper-test-dLSDeo/bin/gh.js api repos/openclaw/openclaw/commits/new-head/check-runs?per_page=100
unexpected gh args ["api","repos/openclaw/openclaw/commits/new-head/check-runs?per_page=100"]

[review] 2026-08-30T21:38:47.951Z check-state=unavailable #74481: Command failed: /home/jules/.nvm/versions/node/v24.20.0/bin/node /tmp/clawsweeper-test-dLSDeo/bin/gh.js api repos/openclaw/openclaw/commits/new-head/check-runs?per_page=100
unexpected gh args ["api","repos/openclaw/openclaw/commits/new-head/check-runs?per_page=100"]

[review] 2026-08-30T21:38:48.724Z check-state=unavailable #74481: Command failed: /home/jules/.nvm/versions/node/v24.20.0/bin/node /tmp/clawsweeper-test-dLSDeo/bin/gh.js api repos/openclaw/openclaw/commits/new-head/check-runs?per_page=100
unexpected gh args ["api","repos/openclaw/openclaw/commits/new-head/check-runs?per_page=100"]

[review] 2026-08-30T21:38:49.785Z check-state=unavailable #74481: Command failed: /home/jules/.nvm/versions/node/v24.20.0/bin/node /tmp/clawsweeper-test-dLSDeo/bin/gh.js api repos/openclaw/openclaw/commits/new-head/check-runs?per_page=100
unexpected gh args ["api","repos/openclaw/openclaw/commits/new-head/check-runs?per_page=100"]

[apply] 2026-08-30T21:38:49.793Z finished apply closed=0/10 processed=1/1 counts={"review_comment_synced":1}
[apply] 2026-08-30T21:38:50.279Z starting apply: files=1 dry_run=false apply_kind=issue min_age=0 days apply_close_reasons=all stale_min_age_days=60 close_delay_ms=0 sync_comments_only=true suppress_automation_markers=false comment_sync_min_age_days=0 comment_sync_cursor=none max_runtime_ms=0 item_numbers=74483 reconciliation_deferred=none closed=0/10 processed=0/1 counts={}
{"event":"reviewed_pr_activity_cursor_v2_fallback","repo":"openclaw/openclaw","number":74483,"from_version":2,"to_version":1,"reason":"graphql_request_failed"}
[review] 2026-08-30T21:38:51.064Z check-state=unavailable #74483: Command failed: /home/jules/.nvm/versions/node/v24.20.0/bin/node /tmp/clawsweeper-test-v3ZMzW/bin/gh.js api repos/openclaw/openclaw/commits/new-head/check-runs?per_page=100
unexpected gh args ["api","repos/openclaw/openclaw/commits/new-head/check-runs?per_page=100"]

[apply] 2026-08-30T21:38:51.331Z finished apply closed=0/10 processed=1/1 counts={"skipped_stale_review_comment_sync":1}
[apply] 2026-08-30T21:38:51.815Z starting apply: files=1 dry_run=false apply_kind=issue min_age=0 days apply_close_reasons=all stale_min_age_days=60 close_delay_ms=0 sync_comments_only=true suppress_automation_markers=false comment_sync_min_age_days=0 comment_sync_cursor=none max_runtime_ms=0 item_numbers=74482 reconciliation_deferred=none closed=0/10 processed=0/1 counts={}
{"event":"reviewed_pr_activity_cursor_v2_fallback","repo":"openclaw/openclaw","number":74482,"from_version":2,"to_version":1,"reason":"graphql_request_failed"}
[review] 2026-08-30T21:38:52.794Z check-state=unavailable #74482: Command failed: /home/jules/.nvm/versions/node/v24.20.0/bin/node /tmp/clawsweeper-test-BZJvKl/bin/gh.js api repos/openclaw/openclaw/commits/bc60b889/check-runs?per_page=100
unexpected gh args ["api","repos/openclaw/openclaw/commits/bc60b889/check-runs?per_page=100"]

[review] 2026-08-30T21:38:56.464Z check-state=unavailable #74482: Command failed: /home/jules/.nvm/versions/node/v24.20.0/bin/node /tmp/clawsweeper-test-BZJvKl/bin/gh.js api repos/openclaw/openclaw/commits/bc60b889/check-runs?per_page=100
unexpected gh args ["api","repos/openclaw/openclaw/commits/bc60b889/check-runs?per_page=100"]

[review] 2026-08-30T21:38:58.619Z check-state=unavailable #74482: Command failed: /home/jules/.nvm/versions/node/v24.20.0/bin/node /tmp/clawsweeper-test-BZJvKl/bin/gh.js api repos/openclaw/openclaw/commits/bc60b889/check-runs?per_page=100
unexpected gh args ["api","repos/openclaw/openclaw/commits/bc60b889/check-runs?per_page=100"]

[review] 2026-08-30T21:38:58.971Z check-state=unavailable #74482: Command failed: /home/jules/.nvm/versions/node/v24.20.0/bin/node /tmp/clawsweeper-test-BZJvKl/bin/gh.js api repos/openclaw/openclaw/commits/bc60b889/check-runs?per_page=100
unexpected gh args ["api","repos/openclaw/openclaw/commits/bc60b889/check-runs?per_page=100"]

[review] 2026-08-30T21:39:01.798Z check-state=unavailable #74482: Command failed: /home/jules/.nvm/versions/node/v24.20.0/bin/node /tmp/clawsweeper-test-BZJvKl/bin/gh.js api repos/openclaw/openclaw/commits/bc60b889/check-runs?per_page=100
unexpected gh args ["api","repos/openclaw/openclaw/commits/bc60b889/check-runs?per_page=100"]

[review] 2026-08-30T21:39:02.598Z check-state=unavailable #74482: Command failed: /home/jules/.nvm/versions/node/v24.20.0/bin/node /tmp/clawsweeper-test-BZJvKl/bin/gh.js api repos/openclaw/openclaw/commits/bc60b889/check-runs?per_page=100
unexpected gh args ["api","repos/openclaw/openclaw/commits/bc60b889/check-runs?per_page=100"]

[review] 2026-08-30T21:39:03.756Z check-state=unavailable #74482: Command failed: /home/jules/.nvm/versions/node/v24.20.0/bin/node /tmp/clawsweeper-test-BZJvKl/bin/gh.js api repos/openclaw/openclaw/commits/bc60b889/check-runs?per_page=100
unexpected gh args ["api","repos/openclaw/openclaw/commits/bc60b889/check-runs?per_page=100"]

[apply] 2026-08-30T21:39:03.764Z finished apply closed=0/10 processed=1/1 counts={"review_comment_synced":1}
[apply] 2026-08-30T21:39:04.305Z starting apply: files=1 dry_run=false apply_kind=issue min_age=0 days apply_close_reasons=all stale_min_age_days=60 close_delay_ms=0 sync_comments_only=true suppress_automation_markers=false comment_sync_min_age_days=0 comment_sync_cursor=none max_runtime_ms=0 item_numbers=74483 reconciliation_deferred=none closed=0/10 processed=0/1 counts={}
{"event":"reviewed_pr_activity_cursor_v2_fallback","repo":"openclaw/openclaw","number":74483,"from_version":2,"to_version":1,"reason":"graphql_request_failed"}
[review] 2026-08-30T21:39:05.211Z check-state=unavailable #74483: Command failed: /home/jules/.nvm/versions/node/v24.20.0/bin/node /tmp/clawsweeper-test-6nA1Js/bin/gh.js api repos/openclaw/openclaw/commits/bc60b889/check-runs?per_page=100
unexpected gh args ["api","repos/openclaw/openclaw/commits/bc60b889/check-runs?per_page=100"]

[apply] 2026-08-30T21:39:06.183Z finished apply closed=0/10 processed=1/1 counts={"review_comment_synced":1}
[apply] 2026-08-30T21:39:06.654Z starting apply: files=1 dry_run=false apply_kind=issue min_age=0 days apply_close_reasons=all stale_min_age_days=60 close_delay_ms=0 sync_comments_only=true suppress_automation_markers=false comment_sync_min_age_days=0 comment_sync_cursor=none max_runtime_ms=0 item_numbers=74484 reconciliation_deferred=none closed=0/10 processed=0/1 counts={}
{"event":"reviewed_pr_activity_cursor_v2_fallback","repo":"openclaw/openclaw","number":74484,"from_version":2,"to_version":1,"reason":"graphql_request_failed"}
[review] 2026-08-30T21:39:07.471Z check-state=unavailable #74484: Command failed: /home/jules/.nvm/versions/node/v24.20.0/bin/node /tmp/clawsweeper-test-3VxE88/bin/gh.js api repos/openclaw/openclaw/commits/bc60b889/check-runs?per_page=100
unexpected gh args ["api","repos/openclaw/openclaw/commits/bc60b889/check-runs?per_page=100"]

[apply] 2026-08-30T21:39:07.916Z finished apply closed=0/10 processed=1/1 counts={"skipped_low_signal_live_guard":1}
[apply] 2026-08-30T21:39:08.418Z starting apply: files=1 dry_run=false apply_kind=issue min_age=0 days apply_close_reasons=all stale_min_age_days=60 close_delay_ms=0 sync_comments_only=true suppress_automation_markers=false comment_sync_min_age_days=0 comment_sync_cursor=none max_runtime_ms=0 item_numbers=74480 reconciliation_deferred=none closed=0/10 processed=0/1 counts={}
{"event":"reviewed_pr_activity_cursor_v2_fallback","repo":"openclaw/openclaw","number":74480,"from_version":2,"to_version":1,"reason":"missing_pull_request"}
[apply] 2026-08-30T21:39:17.598Z finished apply closed=0/10 processed=1/1 counts={"review_comment_synced":1}
[apply] 2026-08-30T21:39:18.074Z starting apply: files=1 dry_run=false apply_kind=issue min_age=0 days apply_close_reasons=all stale_min_age_days=60 close_delay_ms=0 sync_comments_only=true suppress_automation_markers=false comment_sync_min_age_days=7 comment_sync_cursor=none max_runtime_ms=0 item_numbers=74479 reconciliation_deferred=none closed=0/10 processed=0/1 counts={}
{"event":"reviewed_pr_activity_cursor_v2_fallback","repo":"openclaw/clawsweeper","number":74479,"from_version":2,"to_version":1,"reason":"graphql_request_failed"}
[review] 2026-08-30T21:39:18.886Z check-state=unavailable #74479: Command failed: /home/jules/.nvm/versions/node/v24.20.0/bin/node /tmp/clawsweeper-test-Zn29UU/bin/gh.js api repos/openclaw/clawsweeper/commits/abc123def456/check-runs?per_page=100
unexpected gh args ["api","repos/openclaw/clawsweeper/commits/abc123def456/check-runs?per_page=100"]

[review] 2026-08-30T21:39:24.437Z check-state=unavailable #74479: Command failed: /home/jules/.nvm/versions/node/v24.20.0/bin/node /tmp/clawsweeper-test-Zn29UU/bin/gh.js api repos/openclaw/clawsweeper/commits/abc123def456/check-runs?per_page=100
unexpected gh args ["api","repos/openclaw/clawsweeper/commits/abc123def456/check-runs?per_page=100"]

[review] 2026-08-30T21:39:25.909Z check-state=unavailable #74479: Command failed: /home/jules/.nvm/versions/node/v24.20.0/bin/node /tmp/clawsweeper-test-Zn29UU/bin/gh.js api repos/openclaw/clawsweeper/commits/abc123def456/check-runs?per_page=100
unexpected gh args ["api","repos/openclaw/clawsweeper/commits/abc123def456/check-runs?per_page=100"]

[review] 2026-08-30T21:39:27.492Z check-state=unavailable #74479: Command failed: /home/jules/.nvm/versions/node/v24.20.0/bin/node /tmp/clawsweeper-test-Zn29UU/bin/gh.js api repos/openclaw/clawsweeper/commits/abc123def456/check-runs?per_page=100
unexpected gh args ["api","repos/openclaw/clawsweeper/commits/abc123def456/check-runs?per_page=100"]

[review] 2026-08-30T21:39:28.540Z check-state=unavailable #74479: Command failed: /home/jules/.nvm/versions/node/v24.20.0/bin/node /tmp/clawsweeper-test-Zn29UU/bin/gh.js api repos/openclaw/clawsweeper/commits/abc123def456/check-runs?per_page=100
unexpected gh args ["api","repos/openclaw/clawsweeper/commits/abc123def456/check-runs?per_page=100"]

[review] 2026-08-30T21:39:29.535Z check-state=unavailable #74479: Command failed: /home/jules/.nvm/versions/node/v24.20.0/bin/node /tmp/clawsweeper-test-Zn29UU/bin/gh.js api repos/openclaw/clawsweeper/commits/abc123def456/check-runs?per_page=100
unexpected gh args ["api","repos/openclaw/clawsweeper/commits/abc123def456/check-runs?per_page=100"]

[apply] 2026-08-30T21:39:29.541Z finished apply closed=0/10 processed=1/1 counts={"review_comment_synced":1}
[apply] 2026-08-30T21:39:30.083Z starting apply: files=1 dry_run=false apply_kind=all min_age=0 days apply_close_reasons=low_signal_unmergeable_pr stale_min_age_days=60 close_delay_ms=0 sync_comments_only=false suppress_automation_markers=false comment_sync_min_age_days=0 comment_sync_cursor=none max_runtime_ms=0 item_numbers=74486 reconciliation_deferred=none closed=0/10 processed=0/1 counts={}
{"event":"reviewed_pr_activity_cursor_v2_fallback","repo":"openclaw/openclaw","number":74486,"from_version":2,"to_version":1,"reason":"missing_pull_request"}
[review] 2026-08-30T21:39:30.942Z check-state=unavailable #74486: Command failed: /home/jules/.nvm/versions/node/v24.20.0/bin/node /tmp/clawsweeper-test-ztaUCA/bin/gh.js api repos/openclaw/openclaw/commits/0123456789abcdef0123456789abcdef01234567/check-runs?per_page=100
unexpected gh args ["api","repos/openclaw/openclaw/commits/0123456789abcdef0123456789abcdef01234567/check-runs?per_page=100"]

[apply] 2026-08-30T21:39:31.222Z finished apply closed=0/10 processed=1/1 counts={"kept_open":1}
[apply] 2026-08-30T21:39:31.692Z starting apply: files=1 dry_run=false apply_kind=all min_age=0 days apply_close_reasons=low_signal_unmergeable_pr stale_min_age_days=60 close_delay_ms=0 sync_comments_only=false suppress_automation_markers=false comment_sync_min_age_days=0 comment_sync_cursor=none max_runtime_ms=0 item_numbers=74489 reconciliation_deferred=none closed=0/10 processed=0/1 counts={}
{"event":"reviewed_pr_activity_cursor_v2_fallback","repo":"openclaw/openclaw","number":74489,"from_version":2,"to_version":1,"reason":"missing_pull_request"}
[review] 2026-08-30T21:39:32.442Z check-state=unavailable #74489: Command failed: /home/jules/.nvm/versions/node/v24.20.0/bin/node /tmp/clawsweeper-test-51P8Da/bin/gh.js api repos/openclaw/openclaw/commits/0123456789abcdef0123456789abcdef01234567/check-runs?per_page=100
unexpected gh args ["api","repos/openclaw/openclaw/commits/0123456789abcdef0123456789abcdef01234567/check-runs?per_page=100"]

[review] 2026-08-30T21:39:35.190Z check-state=unavailable #74489: Command failed: /home/jules/.nvm/versions/node/v24.20.0/bin/node /tmp/clawsweeper-test-51P8Da/bin/gh.js api repos/openclaw/openclaw/commits/0123456789abcdef0123456789abcdef01234567/check-runs?per_page=100
unexpected gh args ["api","repos/openclaw/openclaw/commits/0123456789abcdef0123456789abcdef01234567/check-runs?per_page=100"]

[review] 2026-08-30T21:39:35.367Z check-state=unavailable #74489: Command failed: /home/jules/.nvm/versions/node/v24.20.0/bin/node /tmp/clawsweeper-test-51P8Da/bin/gh.js api repos/openclaw/openclaw/commits/0123456789abcdef0123456789abcdef01234567/check-runs?per_page=100
unexpected gh args ["api","repos/openclaw/openclaw/commits/0123456789abcdef0123456789abcdef01234567/check-runs?per_page=100"]

[review] 2026-08-30T21:39:38.333Z check-state=unavailable #74489: Command failed: /home/jules/.nvm/versions/node/v24.20.0/bin/node /tmp/clawsweeper-test-51P8Da/bin/gh.js api repos/openclaw/openclaw/commits/0123456789abcdef0123456789abcdef01234567/check-runs?per_page=100
unexpected gh args ["api","repos/openclaw/openclaw/commits/0123456789abcdef0123456789abcdef01234567/check-runs?per_page=100"]

[apply] 2026-08-30T21:39:38.346Z finished apply closed=0/10 processed=1/1 counts={"review_comment_synced":1}
[apply] 2026-08-30T21:39:38.788Z starting apply: files=1 dry_run=false apply_kind=all min_age=0 days apply_close_reasons=low_signal_unmergeable_pr stale_min_age_days=60 close_delay_ms=0 sync_comments_only=false suppress_automation_markers=false comment_sync_min_age_days=0 comment_sync_cursor=none max_runtime_ms=0 item_numbers=74489 reconciliation_deferred=none closed=0/10 processed=0/1 counts={}
{"event":"reviewed_pr_activity_cursor_v2_fallback","repo":"openclaw/openclaw","number":74489,"from_version":2,"to_version":1,"reason":"missing_pull_request"}
[review] 2026-08-30T21:39:39.594Z check-state=unavailable #74489: Command failed: /home/jules/.nvm/versions/node/v24.20.0/bin/node /tmp/clawsweeper-test-51P8Da/bin/gh.js api repos/openclaw/openclaw/commits/0123456789abcdef0123456789abcdef01234567/check-runs?per_page=100
unexpected gh args ["api","repos/openclaw/openclaw/commits/0123456789abcdef0123456789abcdef01234567/check-runs?per_page=100"]

[apply] 2026-08-30T21:39:39.888Z finished apply closed=0/10 processed=1/1 counts={"kept_open":1}
[apply] 2026-08-30T21:39:40.337Z starting apply: files=1 dry_run=false apply_kind=all min_age=0 days apply_close_reasons=low_signal_unmergeable_pr stale_min_age_days=60 close_delay_ms=0 sync_comments_only=false suppress_automation_markers=false comment_sync_min_age_days=0 comment_sync_cursor=none max_runtime_ms=0 item_numbers=74488 reconciliation_deferred=none closed=0/10 processed=0/1 counts={}
{"event":"reviewed_pr_activity_cursor_v2_fallback","repo":"openclaw/openclaw","number":74488,"from_version":2,"to_version":1,"reason":"missing_pull_request"}
[review] 2026-08-30T21:39:41.094Z check-state=unavailable #74488: Command failed: /home/jules/.nvm/versions/node/v24.20.0/bin/node /tmp/clawsweeper-test-wPmdxE/bin/gh.js api repos/openclaw/openclaw/commits/0123456789abcdef0123456789abcdef01234567/check-runs?per_page=100
unexpected gh args ["api","repos/openclaw/openclaw/commits/0123456789abcdef0123456789abcdef01234567/check-runs?per_page=100"]

[apply] 2026-08-30T21:39:41.357Z finished apply closed=0/10 processed=1/1 counts={"skipped_stale_review_comment_sync":1}
[apply] 2026-08-30T21:39:41.809Z starting apply: files=1 dry_run=false apply_kind=issue min_age=0 days apply_close_reasons=stale_insufficient_info stale_min_age_days=60 close_delay_ms=0 sync_comments_only=false suppress_automation_markers=false comment_sync_min_age_days=0 comment_sync_cursor=none max_runtime_ms=0 item_numbers=all reconciliation_deferred=none closed=0/10 processed=0/1 counts={}
[referencingMergedPullRequestsForIssue] number=321 status=failed reason=Command failed: gh api search/issues?q=repo%3Aopenclaw%2Fclawsweeper%20is%3Apr%20is%3Amerged%20%23321&per_page=10
unexpected gh args ["api","search/issues?q=repo%3Aopenclaw%2Fclawsweeper%20is%3Apr%20is%3Amerged%20%23321&per_page=10"]
[apply] 2026-08-30T21:39:43.365Z finished apply closed=0/10 processed=1/1 counts={"kept_open":1}
[apply] 2026-08-30T21:39:43.830Z starting apply: files=2 dry_run=false apply_kind=all min_age=0 days apply_close_reasons=all stale_min_age_days=60 close_delay_ms=0 sync_comments_only=false suppress_automation_markers=false comment_sync_min_age_days=0 comment_sync_cursor=none max_runtime_ms=0 item_numbers=all reconciliation_deferred=none closed=0/10 processed=0/3 counts={}
{"event":"reviewed_pr_activity_cursor_v2_fallback","repo":"openclaw/clawsweeper","number":321,"from_version":2,"to_version":1,"reason":"missing_pull_request"}
[apply] 2026-08-30T21:39:52.995Z finished apply closed=0/10 processed=3/3 counts={"review_comment_synced":2,"kept_open":1}
[apply] 2026-08-30T21:39:53.460Z starting apply: files=2 dry_run=false apply_kind=all min_age=0 days apply_close_reasons=all stale_min_age_days=60 close_delay_ms=0 sync_comments_only=false suppress_automation_markers=false comment_sync_min_age_days=0 comment_sync_cursor=none max_runtime_ms=0 item_numbers=all reconciliation_deferred=none closed=0/10 processed=0/3 counts={}
{"event":"reviewed_pr_activity_cursor_v2_fallback","repo":"openclaw/clawsweeper","number":321,"from_version":2,"to_version":1,"reason":"missing_pull_request"}
[apply] 2026-08-30T21:39:59.152Z closing #321 closed=0/10 processed=0/3 counts={}
[apply] 2026-08-30T21:40:10.649Z closed linked issue #456 closed=1/10 processed=1/3 counts={"closed":1}
[apply] 2026-08-30T21:40:10.650Z linked issue #456: already implemented on main; posted close-applied comment closed=1/10 processed=1/3 counts={"closed":1}
[apply] 2026-08-30T21:40:12.416Z closed #321 closed=2/10 processed=2/3 counts={"closed":2}
[apply] 2026-08-30T21:40:12.419Z finished apply closed=2/10 processed=2/3 counts={"closed":2}
[apply] 2026-08-30T21:40:12.878Z starting apply: files=1 dry_run=false apply_kind=all min_age=0 days apply_close_reasons=all stale_min_age_days=60 close_delay_ms=0 sync_comments_only=false suppress_automation_markers=false comment_sync_min_age_days=0 comment_sync_cursor=none max_runtime_ms=0 item_numbers=all reconciliation_deferred=none closed=0/10 processed=0/3 counts={}
{"event":"reviewed_pr_activity_cursor_v2_fallback","repo":"openclaw/clawsweeper","number":321,"from_version":2,"to_version":1,"reason":"missing_pull_request"}
[apply] 2026-08-30T21:40:19.029Z finished apply closed=0/10 processed=2/3 counts={"review_comment_synced":1,"kept_open":1}
[apply] 2026-08-30T21:40:19.494Z starting apply: files=2 dry_run=false apply_kind=all min_age=0 days apply_close_reasons=all stale_min_age_days=60 close_delay_ms=0 sync_comments_only=false suppress_automation_markers=false comment_sync_min_age_days=0 comment_sync_cursor=none max_runtime_ms=0 item_numbers=all reconciliation_deferred=none closed=0/10 processed=0/3 counts={}
{"event":"reviewed_pr_activity_cursor_v2_fallback","repo":"openclaw/clawsweeper","number":321,"from_version":2,"to_version":1,"reason":"missing_pull_request"}
[apply] 2026-08-30T21:40:27.547Z finished apply closed=0/10 processed=3/3 counts={"review_comment_synced":2,"kept_open":1}
[apply] 2026-08-30T21:40:28.011Z starting apply: files=2 dry_run=false apply_kind=all min_age=0 days apply_close_reasons=all stale_min_age_days=60 close_delay_ms=0 sync_comments_only=false suppress_automation_markers=false comment_sync_min_age_days=0 comment_sync_cursor=none max_runtime_ms=0 item_numbers=all reconciliation_deferred=none closed=0/10 processed=0/3 counts={}
{"event":"reviewed_pr_activity_cursor_v2_fallback","repo":"openclaw/clawsweeper","number":321,"from_version":2,"to_version":1,"reason":"missing_pull_request"}
[apply] 2026-08-30T21:40:35.785Z finished apply closed=0/10 processed=3/3 counts={"review_comment_synced":2,"kept_open":1}
[apply] 2026-08-30T21:40:36.269Z starting apply: files=2 dry_run=false apply_kind=all min_age=0 days apply_close_reasons=all stale_min_age_days=60 close_delay_ms=0 sync_comments_only=false suppress_automation_markers=false comment_sync_min_age_days=0 comment_sync_cursor=none max_runtime_ms=0 item_numbers=all reconciliation_deferred=none closed=0/10 processed=0/3 counts={}
{"event":"reviewed_pr_activity_cursor_v2_fallback","repo":"openclaw/clawsweeper","number":321,"from_version":2,"to_version":1,"reason":"missing_pull_request"}
[apply] 2026-08-30T21:40:45.173Z finished apply closed=0/10 processed=3/3 counts={"review_comment_synced":2,"kept_open":1}
[apply] 2026-08-30T21:40:45.644Z starting apply: files=2 dry_run=false apply_kind=all min_age=0 days apply_close_reasons=all stale_min_age_days=60 close_delay_ms=0 sync_comments_only=false suppress_automation_markers=false comment_sync_min_age_days=0 comment_sync_cursor=none max_runtime_ms=0 item_numbers=all reconciliation_deferred=none closed=0/10 processed=0/3 counts={}
{"event":"reviewed_pr_activity_cursor_v2_fallback","repo":"openclaw/clawsweeper","number":321,"from_version":2,"to_version":1,"reason":"missing_pull_request"}
[apply] 2026-08-30T21:40:52.329Z finished apply closed=0/10 processed=2/3 counts={"review_comment_synced":1,"kept_open":1}
[apply] 2026-08-30T21:40:52.810Z starting apply: files=2 dry_run=false apply_kind=all min_age=0 days apply_close_reasons=all stale_min_age_days=60 close_delay_ms=0 sync_comments_only=false suppress_automation_markers=false comment_sync_min_age_days=0 comment_sync_cursor=none max_runtime_ms=0 item_numbers=all reconciliation_deferred=none closed=0/10 processed=0/3 counts={}
{"event":"reviewed_pr_activity_cursor_v2_fallback","repo":"openclaw/clawsweeper","number":321,"from_version":2,"to_version":1,"reason":"missing_pull_request"}
[apply] 2026-08-30T21:41:00.614Z finished apply closed=0/10 processed=3/3 counts={"review_comment_synced":1,"kept_open":1,"skipped_changed_since_review":1}
[apply] 2026-08-30T21:41:01.091Z starting apply: files=2 dry_run=false apply_kind=all min_age=0 days apply_close_reasons=all stale_min_age_days=60 close_delay_ms=0 sync_comments_only=false suppress_automation_markers=false comment_sync_min_age_days=0 comment_sync_cursor=none max_runtime_ms=0 item_numbers=all reconciliation_deferred=none closed=0/10 processed=0/3 counts={}
{"event":"reviewed_pr_activity_cursor_v2_fallback","repo":"openclaw/clawsweeper","number":321,"from_version":2,"to_version":1,"reason":"missing_pull_request"}
[apply] 2026-08-30T21:41:09.727Z finished apply closed=0/10 processed=3/3 counts={"review_comment_synced":2,"kept_open":1}
[apply] 2026-08-30T21:41:10.216Z starting apply: files=2 dry_run=false apply_kind=all min_age=0 days apply_close_reasons=all stale_min_age_days=60 close_delay_ms=0 sync_comments_only=false suppress_automation_markers=false comment_sync_min_age_days=0 comment_sync_cursor=none max_runtime_ms=0 item_numbers=all reconciliation_deferred=none closed=0/10 processed=0/3 counts={}
{"event":"reviewed_pr_activity_cursor_v2_fallback","repo":"openclaw/clawsweeper","number":321,"from_version":2,"to_version":1,"reason":"missing_pull_request"}
[apply] 2026-08-30T21:41:18.854Z finished apply closed=0/10 processed=3/3 counts={"review_comment_synced":2,"kept_open":1}
[apply] 2026-08-30T21:41:19.316Z starting apply: files=2 dry_run=false apply_kind=all min_age=0 days apply_close_reasons=all stale_min_age_days=60 close_delay_ms=0 sync_comments_only=false suppress_automation_markers=false comment_sync_min_age_days=0 comment_sync_cursor=none max_runtime_ms=0 item_numbers=all reconciliation_deferred=none closed=0/10 processed=0/3 counts={}
{"event":"reviewed_pr_activity_cursor_v2_fallback","repo":"openclaw/clawsweeper","number":321,"from_version":2,"to_version":1,"reason":"missing_pull_request"}
[apply] 2026-08-30T21:41:28.560Z finished apply closed=0/10 processed=3/3 counts={"review_comment_synced":2,"kept_open":1}
[apply] 2026-08-30T21:41:29.057Z starting apply: files=2 dry_run=false apply_kind=all min_age=0 days apply_close_reasons=all stale_min_age_days=60 close_delay_ms=0 sync_comments_only=false suppress_automation_markers=false comment_sync_min_age_days=0 comment_sync_cursor=none max_runtime_ms=0 item_numbers=all reconciliation_deferred=none closed=0/10 processed=0/3 counts={}
{"event":"reviewed_pr_activity_cursor_v2_fallback","repo":"openclaw/clawsweeper","number":321,"from_version":2,"to_version":1,"reason":"missing_pull_request"}
[apply] 2026-08-30T21:41:37.805Z finished apply closed=0/10 processed=3/3 counts={"review_comment_synced":2,"kept_open":1}
[apply] 2026-08-30T21:41:38.295Z starting apply: files=2 dry_run=false apply_kind=all min_age=0 days apply_close_reasons=all stale_min_age_days=60 close_delay_ms=0 sync_comments_only=false suppress_automation_markers=false comment_sync_min_age_days=0 comment_sync_cursor=none max_runtime_ms=0 item_numbers=all reconciliation_deferred=none closed=0/10 processed=0/3 counts={}
{"event":"reviewed_pr_activity_cursor_v2_fallback","repo":"openclaw/clawsweeper","number":321,"from_version":2,"to_version":1,"reason":"missing_pull_request"}
[apply] 2026-08-30T21:41:43.769Z closing #321 closed=0/10 processed=0/3 counts={}
[apply] 2026-08-30T21:41:53.331Z closed linked issue #456 closed=1/10 processed=1/3 counts={"closed":1}
[apply] 2026-08-30T21:41:53.332Z linked issue #456: already implemented on main; posted close-applied comment closed=1/10 processed=1/3 counts={"closed":1}
[apply] 2026-08-30T21:41:55.107Z closed #321 closed=2/10 processed=2/3 counts={"closed":2}
[apply] 2026-08-30T21:41:55.110Z finished apply closed=2/10 processed=2/3 counts={"closed":2}
[apply] 2026-08-30T21:41:55.551Z starting apply: files=2 dry_run=false apply_kind=all min_age=0 days apply_close_reasons=all stale_min_age_days=60 close_delay_ms=0 sync_comments_only=false suppress_automation_markers=false comment_sync_min_age_days=0 comment_sync_cursor=none max_runtime_ms=0 item_numbers=all reconciliation_deferred=none closed=0/10 processed=0/3 counts={}
{"event":"reviewed_pr_activity_cursor_v2_fallback","repo":"openclaw/clawsweeper","number":321,"from_version":2,"to_version":1,"reason":"missing_pull_request"}
[apply] 2026-08-30T21:42:04.326Z finished apply closed=0/10 processed=3/3 counts={"review_comment_synced":2,"kept_open":1}
[apply] 2026-08-30T21:42:04.804Z starting apply: files=2 dry_run=false apply_kind=all min_age=0 days apply_close_reasons=all stale_min_age_days=60 close_delay_ms=0 sync_comments_only=false suppress_automation_markers=false comment_sync_min_age_days=0 comment_sync_cursor=none max_runtime_ms=0 item_numbers=all reconciliation_deferred=none closed=0/10 processed=0/3 counts={}
{"event":"reviewed_pr_activity_cursor_v2_fallback","repo":"openclaw/clawsweeper","number":321,"from_version":2,"to_version":1,"reason":"missing_pull_request"}
[apply] 2026-08-30T21:42:11.634Z closing #321 closed=0/10 processed=0/3 counts={}
[apply] 2026-08-30T21:42:21.350Z closed linked issue #456 closed=1/10 processed=1/3 counts={"closed":1}
[apply] 2026-08-30T21:42:21.353Z linked issue #456: already implemented on main; posted close-applied comment closed=1/10 processed=1/3 counts={"closed":1}
[apply] 2026-08-30T21:42:23.118Z closed #321 closed=2/10 processed=2/3 counts={"closed":2}
[apply] 2026-08-30T21:42:23.124Z finished apply closed=2/10 processed=2/3 counts={"closed":2}
[apply] 2026-08-30T21:42:23.596Z starting apply: files=2 dry_run=false apply_kind=all min_age=0 days apply_close_reasons=all stale_min_age_days=60 close_delay_ms=0 sync_comments_only=false suppress_automation_markers=false comment_sync_min_age_days=0 comment_sync_cursor=none max_runtime_ms=0 item_numbers=all reconciliation_deferred=none closed=0/10 processed=0/3 counts={}
{"event":"reviewed_pr_activity_cursor_v2_fallback","repo":"openclaw/clawsweeper","number":321,"from_version":2,"to_version":1,"reason":"missing_pull_request"}
[apply] 2026-08-30T21:42:30.968Z finished apply closed=0/10 processed=2/3 counts={"review_comment_synced":1,"kept_open":1}
[apply] 2026-08-30T21:42:31.468Z starting apply: files=2 dry_run=false apply_kind=all min_age=0 days apply_close_reasons=all stale_min_age_days=60 close_delay_ms=0 sync_comments_only=false suppress_automation_markers=false comment_sync_min_age_days=0 comment_sync_cursor=none max_runtime_ms=0 item_numbers=all reconciliation_deferred=none closed=0/10 processed=0/3 counts={}
{"event":"reviewed_pr_activity_cursor_v2_fallback","repo":"openclaw/clawsweeper","number":321,"from_version":2,"to_version":1,"reason":"missing_pull_request"}
[apply] 2026-08-30T21:42:40.293Z finished apply closed=0/10 processed=3/3 counts={"review_comment_synced":2,"kept_open":1}
[apply] 2026-08-30T21:42:40.756Z starting apply: files=2 dry_run=false apply_kind=all min_age=0 days apply_close_reasons=all stale_min_age_days=60 close_delay_ms=0 sync_comments_only=false suppress_automation_markers=false comment_sync_min_age_days=0 comment_sync_cursor=none max_runtime_ms=0 item_numbers=all reconciliation_deferred=none closed=0/10 processed=0/3 counts={}
{"event":"reviewed_pr_activity_cursor_v2_fallback","repo":"openclaw/clawsweeper","number":321,"from_version":2,"to_version":1,"reason":"missing_pull_request"}
[apply] 2026-08-30T21:42:45.855Z closing #321 closed=0/10 processed=0/3 counts={}
[apply] linked issue #456 became locked and owned review lease 9460 could not be deleted: Command failed: /home/jules/.nvm/versions/node/v24.20.0/bin/node /tmp/clawsweeper-test-7UmXMm/bin/gh.js api repos/openclaw/clawsweeper/issues/comments/9460 --method DELETE
gh: conversation is locked (HTTP 403)

[apply] 2026-08-30T21:42:51.679Z finished apply closed=0/10 processed=2/3 counts={"skipped_locked_conversation":1,"kept_open":1}
[apply] 2026-08-30T21:42:52.130Z starting apply: files=2 dry_run=false apply_kind=all min_age=0 days apply_close_reasons=all stale_min_age_days=60 close_delay_ms=0 sync_comments_only=false suppress_automation_markers=false comment_sync_min_age_days=0 comment_sync_cursor=none max_runtime_ms=0 item_numbers=all reconciliation_deferred=none closed=0/10 processed=0/3 counts={}
{"event":"reviewed_pr_activity_cursor_v2_fallback","repo":"openclaw/clawsweeper","number":321,"from_version":2,"to_version":1,"reason":"missing_pull_request"}
[apply] 2026-08-30T21:43:01.023Z finished apply closed=0/10 processed=3/3 counts={"review_comment_synced":2,"kept_open":1}
[apply] 2026-08-30T21:43:01.523Z starting apply: files=2 dry_run=false apply_kind=all min_age=0 days apply_close_reasons=all stale_min_age_days=60 close_delay_ms=0 sync_comments_only=false suppress_automation_markers=false comment_sync_min_age_days=0 comment_sync_cursor=none max_runtime_ms=0 item_numbers=all reconciliation_deferred=none closed=0/10 processed=0/3 counts={}
{"event":"reviewed_pr_activity_cursor_v2_fallback","repo":"openclaw/clawsweeper","number":321,"from_version":2,"to_version":1,"reason":"missing_pull_request"}
[apply] 2026-08-30T21:43:07.307Z closing #321 closed=0/10 processed=0/3 counts={}
[apply] 2026-08-30T21:43:17.349Z finished apply closed=0/10 processed=1/3 counts={"kept_open":1}
[apply] 2026-08-30T21:43:17.866Z starting apply: files=2 dry_run=false apply_kind=all min_age=0 days apply_close_reasons=all stale_min_age_days=60 close_delay_ms=0 sync_comments_only=false suppress_automation_markers=false comment_sync_min_age_days=0 comment_sync_cursor=none max_runtime_ms=0 item_numbers=all reconciliation_deferred=none closed=0/10 processed=0/3 counts={}
{"event":"reviewed_pr_activity_cursor_v2_fallback","repo":"openclaw/clawsweeper","number":321,"from_version":2,"to_version":1,"reason":"missing_pull_request"}
[apply] 2026-08-30T21:43:26.421Z finished apply closed=0/10 processed=3/3 counts={"review_comment_synced":2,"kept_open":1}
[apply] 2026-08-30T21:43:26.888Z starting apply: files=2 dry_run=false apply_kind=all min_age=0 days apply_close_reasons=all stale_min_age_days=60 close_delay_ms=0 sync_comments_only=false suppress_automation_markers=false comment_sync_min_age_days=0 comment_sync_cursor=none max_runtime_ms=0 item_numbers=all reconciliation_deferred=none closed=0/10 processed=0/3 counts={}
{"event":"reviewed_pr_activity_cursor_v2_fallback","repo":"openclaw/clawsweeper","number":321,"from_version":2,"to_version":1,"reason":"missing_pull_request"}
[apply] 2026-08-30T21:43:33.036Z closing #321 closed=0/10 processed=0/3 counts={}
[apply] 2026-08-30T21:43:43.295Z finished apply closed=0/10 processed=1/3 counts={"kept_open":1}
[apply] 2026-08-30T21:43:43.802Z starting apply: files=2 dry_run=false apply_kind=all min_age=0 days apply_close_reasons=all stale_min_age_days=60 close_delay_ms=0 sync_comments_only=false suppress_automation_markers=false comment_sync_min_age_days=0 comment_sync_cursor=none max_runtime_ms=0 item_numbers=all reconciliation_deferred=none closed=0/10 processed=0/3 counts={}
{"event":"reviewed_pr_activity_cursor_v2_fallback","repo":"openclaw/clawsweeper","number":321,"from_version":2,"to_version":1,"reason":"missing_pull_request"}
[apply] 2026-08-30T21:43:52.984Z finished apply closed=0/10 processed=3/3 counts={"review_comment_synced":2,"kept_open":1}
[apply] 2026-08-30T21:43:53.447Z starting apply: files=2 dry_run=false apply_kind=all min_age=0 days apply_close_reasons=all stale_min_age_days=60 close_delay_ms=0 sync_comments_only=false suppress_automation_markers=false comment_sync_min_age_days=0 comment_sync_cursor=none max_runtime_ms=0 item_numbers=all reconciliation_deferred=none closed=0/10 processed=0/3 counts={}
{"event":"reviewed_pr_activity_cursor_v2_fallback","repo":"openclaw/clawsweeper","number":321,"from_version":2,"to_version":1,"reason":"missing_pull_request"}
[apply] 2026-08-30T21:43:59.966Z closing #321 closed=0/10 processed=0/3 counts={}
[apply] 2026-08-30T21:44:12.867Z finished apply closed=0/10 processed=1/3 counts={"kept_open":1}
[apply] 2026-08-30T21:44:13.787Z starting apply: files=1 dry_run=false apply_kind=all min_age=0 days apply_close_reasons=low_signal_unmergeable_pr stale_min_age_days=60 close_delay_ms=0 sync_comments_only=false suppress_automation_markers=false comment_sync_min_age_days=0 comment_sync_cursor=none max_runtime_ms=0 item_numbers=all reconciliation_deferred=none closed=0/10 processed=0/2 counts={}
{"event":"reviewed_pr_activity_cursor_v2_fallback","repo":"openclaw/openclaw","number":322,"from_version":2,"to_version":1,"reason":"graphql_request_failed"}
[review] 2026-08-30T21:44:14.648Z check-state=unavailable #322: Command failed: /home/jules/.nvm/versions/node/v24.20.0/bin/node /tmp/clawsweeper-test-LTKs8J/bin/gh.js api repos/openclaw/openclaw/commits/head-sha/check-runs?per_page=100
unexpected gh args ["api","repos/openclaw/openclaw/commits/head-sha/check-runs?per_page=100"]

[apply] 2026-08-30T21:44:15.156Z finished apply closed=0/10 processed=1/2 counts={"skipped_low_signal_live_guard":1}
✔ apply-time implementation provenance keeps incomplete PR closeout metadata open (3.643535ms)
✔ same-item comment payloads never overwrite an earlier pending mutation (3.440834ms)
✔ closeout receipts ignore spoofed markers after posting the owned receipt (1.771338ms)
✔ partial label-sync authentication failures preserve labels already applied (1977.408585ms)
✔ a lost mutation lease preserves labels already applied (4268.878128ms)
✔ command-only timeline activity is ignored only through the completed review (2.109099ms)
✔ complete activity hydration distinguishes truncation from hidden human activity (3.365761ms)
✔ apply-decisions publishes a detected bulk-filer label from a failed exact review artifact (3075.632005ms)
✔ apply-decisions clears a stale bulk-filer label for a redacted maintain role (3268.19914ms)
✔ exact event source drift includes a revision change while its apply lease is held (0.295171ms)
✔ exact publication consumes its matching completed issue review lease (3245.57882ms)
✔ exact publication rechecks after batched labels and again before close (14887.173252ms)
✔ exact metadata-only publication flushes recoverable labels and drops failed optional additions (14362.902343ms)
✔ issue apply CAS blocks a newer durable review tuple published after preflight (1549.400844ms)
✔ issue apply rejects a stable live source revision that differs from the report (1077.880566ms)
✔ issue apply preserves an owned active review lease for the live source revision (1110.637123ms)
✔ exact issue apply accepts its report-owned lease update after stable source proof (4029.624081ms)
✔ apply-decisions rejects a changed close report even when an expired lease is newest (1627.823121ms)
✔ apply-decisions records PR label sync as ClawSweeper-owned churn (10311.079383ms)
✔ apply-decisions clears stale PR review labels when live head changed (6307.16725ms)
✔ apply-decisions skips stale label cleanup when the durable review comment is newer (1542.697721ms)
✔ apply-decisions syncs fresh-head PR labels after a command-only re-review comment (12434.381853ms)
✔ apply-decisions skips fresh-head PR label sync when humans act after the review snapshot (2420.247175ms)
✔ apply-decisions withholds fresh-head PR label sync from close proposals (1742.37702ms)
✔ apply-decisions routes parsed security owner acceptance to maintainer review (9661.545134ms)
✔ apply-decisions clears a recovery escalation only after publishing a completed PR review (11942.142509ms)
✔ apply preserves an in-flight exact-head review lease and defers old report actions (1685.250639ms)
✔ a lease published during durable comment sync survives the write and blocks close (8665.34277ms)
✔ apply defers incomplete old report actions when a same-head review finishes mid-run (1473.211483ms)
✔ apply-decisions does not advisory-label close proposals before close gates finish (1995.743992ms)
✔ apply-decisions verifies provenance after a closeout note and before closing PR proposals (269591.10241ms)
✔ apply-decisions keeps low-signal PRs open when live maintainer comments exist (2225.66347ms)
[apply] 2026-08-30T21:37:40.490Z starting apply: files=1 dry_run=false apply_kind=issue min_age=0 days apply_close_reasons=all stale_min_age_days=60 close_delay_ms=0 sync_comments_only=false suppress_automation_markers=false comment_sync_min_age_days=0 comment_sync_cursor=none max_runtime_ms=0 item_numbers=all reconciliation_deferred=321 closed=0/10 processed=0/1 counts={}
[apply] 2026-08-30T21:37:40.500Z finished apply closed=0/10 processed=1/1 counts={"skipped_changed_since_review":1}
[apply] 2026-08-30T21:37:40.987Z starting apply: files=1 dry_run=false apply_kind=issue min_age=0 days apply_close_reasons=all stale_min_age_days=60 close_delay_ms=0 sync_comments_only=false suppress_automation_markers=false comment_sync_min_age_days=0 comment_sync_cursor=none max_runtime_ms=0 item_numbers=all reconciliation_deferred=none closed=0/10 processed=0/1 counts={}
{"event":"reviewed_pr_activity_cursor_v2_fallback","repo":"openclaw/openclaw","number":321,"from_version":2,"to_version":1,"reason":"missing_pull_request"}
[apply] 2026-08-30T21:37:42.428Z finished apply closed=0/10 processed=1/1 counts={"skipped_changed_since_review":1}
[apply] 2026-08-30T21:37:42.879Z starting apply: files=1 dry_run=false apply_kind=issue min_age=0 days apply_close_reasons=all stale_min_age_days=60 close_delay_ms=0 sync_comments_only=false suppress_automation_markers=false comment_sync_min_age_days=0 comment_sync_cursor=none max_runtime_ms=0 item_numbers=all reconciliation_deferred=none closed=0/10 processed=0/1 counts={}
{"event":"reviewed_pr_activity_cursor_v2_fallback","repo":"openclaw/openclaw","number":321,"from_version":2,"to_version":1,"reason":"missing_pull_request"}
[apply] 2026-08-30T21:37:44.306Z finished apply closed=0/10 processed=1/1 counts={"skipped_changed_since_review":1}
[apply] 2026-08-30T21:37:44.758Z starting apply: files=1 dry_run=false apply_kind=issue min_age=0 days apply_close_reasons=all stale_min_age_days=60 close_delay_ms=0 sync_comments_only=false suppress_automation_markers=false comment_sync_min_age_days=0 comment_sync_cursor=none max_runtime_ms=0 item_numbers=all reconciliation_deferred=none closed=0/10 processed=0/1 counts={}
{"event":"reviewed_pr_activity_cursor_v2_fallback","repo":"openclaw/openclaw","number":321,"from_version":2,"to_version":1,"reason":"missing_pull_request"}
[apply] 2026-08-30T21:37:46.414Z finished apply closed=0/10 processed=1/1 counts={"skipped_changed_since_review":1}
[apply] 2026-08-30T21:37:46.867Z starting apply: files=1 dry_run=false apply_kind=issue min_age=0 days apply_close_reasons=all stale_min_age_days=60 close_delay_ms=0 sync_comments_only=false suppress_automation_markers=false comment_sync_min_age_days=0 comment_sync_cursor=none max_runtime_ms=0 item_numbers=all reconciliation_deferred=none closed=0/10 processed=0/1 counts={}
{"event":"reviewed_pr_activity_cursor_v2_fallback","repo":"openclaw/openclaw","number":321,"from_version":2,"to_version":1,"reason":"missing_pull_request"}
[apply] 2026-08-30T21:37:48.460Z finished apply closed=0/10 processed=1/1 counts={"skipped_changed_since_review":1}
[apply] 2026-08-30T21:37:48.937Z starting apply: files=1 dry_run=false apply_kind=issue min_age=0 days apply_close_reasons=all stale_min_age_days=60 close_delay_ms=0 sync_comments_only=false suppress_automation_markers=false comment_sync_min_age_days=0 comment_sync_cursor=none max_runtime_ms=0 item_numbers=all reconciliation_deferred=none closed=0/10 processed=0/1 counts={}
{"event":"reviewed_pr_activity_cursor_v2_fallback","repo":"openclaw/openclaw","number":321,"from_version":2,"to_version":1,"reason":"missing_pull_request"}
[apply] 2026-08-30T21:37:50.588Z finished apply closed=0/10 processed=1/1 counts={"skipped_changed_since_review":1}
[apply] 2026-08-30T21:37:51.046Z starting apply: files=1 dry_run=false apply_kind=issue min_age=0 days apply_close_reasons=all stale_min_age_days=60 close_delay_ms=0 sync_comments_only=false suppress_automation_markers=false comment_sync_min_age_days=0 comment_sync_cursor=none max_runtime_ms=0 item_numbers=all reconciliation_deferred=none closed=0/10 processed=0/1 counts={}
{"event":"reviewed_pr_activity_cursor_v2_fallback","repo":"openclaw/openclaw","number":321,"from_version":2,"to_version":1,"reason":"missing_pull_request"}
[apply] 2026-08-30T21:37:57.520Z finished apply closed=0/10 processed=1/1 counts={"skipped_changed_since_review":1}
[apply] 2026-08-30T21:37:58.582Z starting apply: files=1 dry_run=false apply_kind=issue min_age=0 days apply_close_reasons=all stale_min_age_days=60 close_delay_ms=0 sync_comments_only=false suppress_automation_markers=false comment_sync_min_age_days=0 comment_sync_cursor=none max_runtime_ms=0 item_numbers=all reconciliation_deferred=none closed=0/10 processed=0/1 counts={}
[apply] 2026-08-30T21:37:58.883Z finished apply closed=0/10 processed=1/1 counts={"skipped_already_closed":1}
[apply] 2026-08-30T21:37:59.771Z starting apply: files=1 dry_run=false apply_kind=issue min_age=0 days apply_close_reasons=all stale_min_age_days=60 close_delay_ms=0 sync_comments_only=true suppress_automation_markers=false comment_sync_min_age_days=0 comment_sync_cursor=none max_runtime_ms=0 item_numbers=all reconciliation_deferred=none closed=0/10 processed=0/1 counts={}
[apply] 2026-08-30T21:38:00.115Z finished apply closed=0/10 processed=1/1 counts={"skipped_already_closed":1}
[apply] 2026-08-30T21:38:01.037Z starting apply: files=1 dry_run=false apply_kind=issue min_age=0 days apply_close_reasons=all stale_min_age_days=60 close_delay_ms=0 sync_comments_only=false suppress_automation_markers=false comment_sync_min_age_days=0 comment_sync_cursor=none max_runtime_ms=0 item_numbers=all reconciliation_deferred=none closed=0/10 processed=0/1 counts={}
[apply] 2026-08-30T21:38:01.340Z failed apply closed=0/10 processed=0/1 counts={}
Error: Command failed: /home/jules/.nvm/versions/node/v24.20.0/bin/node /tmp/clawsweeper-test-TErqZx/bin/gh.js api repos/openclaw/clawsweeper
gh: Not Found (HTTP 404)

    at genericNodeError (node:internal/errors:986:15)
    at wrappedFn (node:internal/errors:540:14)
    at checkExecSyncError (node:child_process:942:11)
    at execFileSync (node:child_process:978:15)
    at runText (file:///app/dist/command.js:21:16)
    at run (file:///app/dist/clawsweeper-runtime.js:146:12)
    at ghWithPreparedTimeout (file:///app/dist/clawsweeper-github-runtime.js:301:28)
    at gh (file:///app/dist/clawsweeper-github-runtime.js:562:16)
    at ghWithRetry (file:///app/dist/clawsweeper-github-execution.js:15:101)
    at file:///app/dist/clawsweeper-github-execution.js:248:43
[apply] 2026-08-30T21:38:02.287Z starting apply: files=1 dry_run=false apply_kind=issue min_age=0 days apply_close_reasons=all stale_min_age_days=60 close_delay_ms=0 sync_comments_only=true suppress_automation_markers=false comment_sync_min_age_days=0 comment_sync_cursor=none max_runtime_ms=0 item_numbers=all reconciliation_deferred=none closed=0/10 processed=0/1 counts={}
[apply] 2026-08-30T21:38:02.490Z finished apply closed=0/10 processed=1/1 counts={"skipped_invalid_decision":1}
[apply] 2026-08-30T21:38:03.236Z starting apply: files=1 dry_run=true apply_kind=all min_age=0 days apply_close_reasons=all stale_min_age_days=60 close_delay_ms=0 sync_comments_only=false suppress_automation_markers=false comment_sync_min_age_days=0 comment_sync_cursor=none max_runtime_ms=0 item_numbers=all reconciliation_deferred=none closed=0/10 processed=0/2 counts={}
[apply] 2026-08-30T21:38:03.541Z finished apply closed=0/10 processed=1/2 counts={"skipped_protected_label":1}
[apply] 2026-08-30T21:38:04.357Z starting apply: files=1 dry_run=true apply_kind=all min_age=0 days apply_close_reasons=all stale_min_age_days=60 close_delay_ms=0 sync_comments_only=false suppress_automation_markers=false comment_sync_min_age_days=0 comment_sync_cursor=none max_runtime_ms=0 item_numbers=all reconciliation_deferred=none closed=0/10 processed=0/2 counts={}
[apply] 2026-08-30T21:38:04.651Z finished apply closed=0/10 processed=1/2 counts={"skipped_protected_label":1}
[apply] 2026-08-30T21:38:05.408Z starting apply: files=1 dry_run=true apply_kind=all min_age=0 days apply_close_reasons=all stale_min_age_days=60 close_delay_ms=0 sync_comments_only=false suppress_automation_markers=false comment_sync_min_age_days=0 comment_sync_cursor=none max_runtime_ms=0 item_numbers=all reconciliation_deferred=none closed=0/10 processed=0/2 counts={}
[apply] 2026-08-30T21:38:05.711Z finished apply closed=0/10 processed=1/2 counts={"skipped_protected_label":1}
[apply] 2026-08-30T21:38:06.413Z starting apply: files=1 dry_run=true apply_kind=all min_age=0 days apply_close_reasons=all stale_min_age_days=60 close_delay_ms=0 sync_comments_only=false suppress_automation_markers=false comment_sync_min_age_days=0 comment_sync_cursor=none max_runtime_ms=0 item_numbers=all reconciliation_deferred=none closed=0/10 processed=0/2 counts={}
[apply] 2026-08-30T21:38:06.692Z finished apply closed=0/10 processed=1/2 counts={"skipped_protected_label":1}
[apply] 2026-08-30T21:38:07.289Z starting apply: files=1 dry_run=true apply_kind=all min_age=0 days apply_close_reasons=all stale_min_age_days=60 close_delay_ms=0 sync_comments_only=false suppress_automation_markers=false comment_sync_min_age_days=0 comment_sync_cursor=none max_runtime_ms=0 item_numbers=all reconciliation_deferred=none closed=0/10 processed=0/2 counts={}
[referencingMergedPullRequestsForIssue] number=321 status=failed reason=Command failed: gh api search/issues?q=repo%3Aopenclaw%2Fclawsweeper%20is%3Apr%20is%3Amerged%20%23321&per_page=10
unexpected gh args ["api","search/issues?q=repo%3Aopenclaw%2Fclawsweeper%20is%3Apr%20is%3Amerged%20%23321&per_page=10"]
[apply] 2026-08-30T21:38:08.861Z closing #321 closed=0/10 processed=1/2 counts={"review_comment_synced":1}
[apply] 2026-08-30T21:38:08.861Z would close #321 closed=1/10 processed=2/2 counts={"review_comment_synced":1,"closed":1}
[apply] 2026-08-30T21:38:08.864Z finished apply closed=1/10 processed=2/2 counts={"review_comment_synced":1,"closed":1}
[apply] 2026-08-30T21:38:09.338Z starting apply: files=1 dry_run=true apply_kind=issue min_age=0 days apply_close_reasons=all stale_min_age_days=60 close_delay_ms=0 sync_comments_only=false suppress_automation_markers=false comment_sync_min_age_days=0 comment_sync_cursor=none max_runtime_ms=0 item_numbers=all reconciliation_deferred=none closed=0/10 processed=0/2 counts={}
[apply] 2026-08-30T21:38:09.578Z finished apply closed=0/10 processed=1/2 counts={"skipped_locked_conversation":1}
[apply] 2026-08-30T21:38:10.264Z starting apply: files=1 dry_run=true apply_kind=issue min_age=0 days apply_close_reasons=all stale_min_age_days=60 close_delay_ms=0 sync_comments_only=false suppress_automation_markers=false comment_sync_min_age_days=0 comment_sync_cursor=none max_runtime_ms=0 item_numbers=all reconciliation_deferred=none closed=0/10 processed=0/2 counts={}
[referencingMergedPullRequestsForIssue] number=321 status=failed reason=Command failed: gh api search/issues?q=repo%3Aopenclaw%2Fclawsweeper%20is%3Apr%20is%3Amerged%20%23321&per_page=10
unexpected gh args ["api","search/issues?q=repo%3Aopenclaw%2Fclawsweeper%20is%3Apr%20is%3Amerged%20%23321&per_page=10"]
[apply] 2026-08-30T21:38:11.770Z closing #321 closed=0/10 processed=1/2 counts={"review_comment_synced":1}
[apply] 2026-08-30T21:38:11.771Z would close #321 closed=1/10 processed=2/2 counts={"review_comment_synced":1,"closed":1}
[apply] 2026-08-30T21:38:11.774Z finished apply closed=1/10 processed=2/2 counts={"review_comment_synced":1,"closed":1}
[apply] 2026-08-30T21:38:12.303Z starting apply: files=1 dry_run=false apply_kind=issue min_age=0 days apply_close_reasons=all stale_min_age_days=60 close_delay_ms=0 sync_comments_only=true suppress_automation_markers=false comment_sync_min_age_days=0 comment_sync_cursor=none max_runtime_ms=0 item_numbers=321 reconciliation_deferred=none closed=0/10 processed=0/1 counts={}
[apply] 2026-08-30T21:38:13.534Z finished apply closed=0/10 processed=1/1 counts={"skipped_locked_conversation":1}
[apply] 2026-08-30T21:38:14.034Z starting apply: files=1 dry_run=true apply_kind=issue min_age=0 days apply_close_reasons=all stale_min_age_days=60 close_delay_ms=0 sync_comments_only=false suppress_automation_markers=false comment_sync_min_age_days=0 comment_sync_cursor=none max_runtime_ms=0 item_numbers=321 reconciliation_deferred=none closed=0/10 processed=0/1 counts={}
[apply] 2026-08-30T21:38:14.220Z finished apply closed=0/10 processed=1/1 counts={"skipped_changed_since_review":1}
[apply] 2026-08-30T21:38:14.690Z starting apply: files=1 dry_run=true apply_kind=all min_age=0 days apply_close_reasons=all stale_min_age_days=60 close_delay_ms=0 sync_comments_only=true suppress_automation_markers=false comment_sync_min_age_days=0 comment_sync_cursor=none max_runtime_ms=0 item_numbers=337 reconciliation_deferred=none closed=0/10 processed=0/1 counts={}
{"event":"reviewed_pr_activity_cursor_v2_fallback","repo":"openclaw/openclaw","number":337,"from_version":2,"to_version":1,"reason":"missing_pull_request"}
[review] 2026-08-30T21:38:15.457Z check-state=unavailable #337: Command failed: /home/jules/.nvm/versions/node/v24.20.0/bin/node /tmp/clawsweeper-test-KV2qzj/bin/gh.js api repos/openclaw/openclaw/commits/abcdef1234567890abcdef1234567890abcdef12/check-runs?per_page=100
unexpected gh args ["api","repos/openclaw/openclaw/commits/abcdef1234567890abcdef1234567890abcdef12/check-runs?per_page=100"]

[apply] 2026-08-30T21:38:16.585Z finished apply closed=0/10 processed=1/1 counts={"skipped_changed_since_review":1}
[apply] 2026-08-30T21:38:17.060Z starting apply: files=1 dry_run=false apply_kind=issue min_age=0 days apply_close_reasons=all stale_min_age_days=60 close_delay_ms=0 sync_comments_only=true suppress_automation_markers=false comment_sync_min_age_days=0 comment_sync_cursor=none max_runtime_ms=0 item_numbers=321 reconciliation_deferred=none closed=0/10 processed=0/1 counts={}
[apply] 2026-08-30T21:38:18.233Z finished apply closed=0/10 processed=1/1 counts={"skipped_changed_since_review":1}
[apply] 2026-08-30T21:38:18.716Z starting apply: files=1 dry_run=false apply_kind=issue min_age=0 days apply_close_reasons=all stale_min_age_days=60 close_delay_ms=0 sync_comments_only=true suppress_automation_markers=false comment_sync_min_age_days=0 comment_sync_cursor=none max_runtime_ms=0 item_numbers=321 reconciliation_deferred=none closed=0/10 processed=0/1 counts={}
[apply] 2026-08-30T21:38:20.196Z finished apply closed=0/10 processed=1/1 counts={"skipped_changed_since_review":1}
[apply] 2026-08-30T21:38:20.657Z starting apply: files=1 dry_run=false apply_kind=issue min_age=0 days apply_close_reasons=all stale_min_age_days=60 close_delay_ms=0 sync_comments_only=true suppress_automation_markers=false comment_sync_min_age_days=0 comment_sync_cursor=none max_runtime_ms=0 item_numbers=321 reconciliation_deferred=none closed=0/10 processed=0/1 counts={}
[apply] 2026-08-30T21:38:22.062Z finished apply closed=0/10 processed=1/1 counts={"skipped_changed_since_review":1}
[apply] 2026-08-30T21:38:22.573Z starting apply: files=1 dry_run=false apply_kind=all min_age=0 days apply_close_reasons=all stale_min_age_days=60 close_delay_ms=0 sync_comments_only=true suppress_automation_markers=false comment_sync_min_age_days=0 comment_sync_cursor=none max_runtime_ms=0 item_numbers=321 reconciliation_deferred=none closed=0/10 processed=0/1 counts={}
{"event":"reviewed_pr_activity_cursor_v2_fallback","repo":"openclaw/openclaw","number":321,"from_version":2,"to_version":1,"reason":"missing_pull_request"}
[review] 2026-08-30T21:38:23.466Z check-state=unavailable #321: Command failed: /home/jules/.nvm/versions/node/v24.20.0/bin/node /tmp/clawsweeper-test-uNrlQr/bin/gh.js api repos/openclaw/openclaw/commits/reviewed-head/check-runs?per_page=100
unexpected gh args ["api","repos/openclaw/openclaw/commits/reviewed-head/check-runs?per_page=100"]

[apply] 2026-08-30T21:38:24.490Z finished apply closed=0/10 processed=1/1 counts={"skipped_changed_since_review":1}
[apply] 2026-08-30T21:38:25.062Z starting apply: files=1 dry_run=false apply_kind=all min_age=0 days apply_close_reasons=all stale_min_age_days=60 close_delay_ms=0 sync_comments_only=true suppress_automation_markers=false comment_sync_min_age_days=0 comment_sync_cursor=none max_runtime_ms=0 item_numbers=321 reconciliation_deferred=none closed=0/10 processed=0/1 counts={}
{"event":"reviewed_pr_activity_cursor_v2_fallback","repo":"openclaw/openclaw","number":321,"from_version":2,"to_version":1,"reason":"missing_pull_request"}
[review] 2026-08-30T21:38:25.845Z check-state=unavailable #321: Command failed: /home/jules/.nvm/versions/node/v24.20.0/bin/node /tmp/clawsweeper-test-E5TAlA/bin/gh.js api repos/openclaw/openclaw/commits/new-head/check-runs?per_page=100
unexpected gh args ["api","repos/openclaw/openclaw/commits/new-head/check-runs?per_page=100"]

[review] 2026-08-30T21:38:28.422Z check-state=unavailable #321: Command failed: /home/jules/.nvm/versions/node/v24.20.0/bin/node /tmp/clawsweeper-test-E5TAlA/bin/gh.js api repos/openclaw/openclaw/commits/new-head/check-runs?per_page=100
unexpected gh args ["api","repos/openclaw/openclaw/commits/new-head/check-runs?per_page=100"]

[apply] 2026-08-30T21:38:28.437Z finished apply closed=0/10 processed=1/1 counts={"skipped_protected_label":1}
[apply] 2026-08-30T21:38:28.920Z starting apply: files=1 dry_run=false apply_kind=issue min_age=0 days apply_close_reasons=all stale_min_age_days=60 close_delay_ms=0 sync_comments_only=true suppress_automation_markers=false comment_sync_min_age_days=0 comment_sync_cursor=none max_runtime_ms=0 item_numbers=321 reconciliation_deferred=none closed=0/10 processed=0/1 counts={}
[apply] 2026-08-30T21:38:30.101Z finished apply closed=0/10 processed=1/1 counts={"skipped_changed_since_review":1}
[apply] 2026-08-30T21:38:30.551Z starting apply: files=1 dry_run=false apply_kind=issue min_age=0 days apply_close_reasons=all stale_min_age_days=60 close_delay_ms=0 sync_comments_only=false suppress_automation_markers=false comment_sync_min_age_days=0 comment_sync_cursor=none max_runtime_ms=0 item_numbers=321 reconciliation_deferred=none closed=0/10 processed=0/1 counts={}
[apply] 2026-08-30T21:38:31.698Z finished apply closed=0/10 processed=1/1 counts={"skipped_changed_since_review":1}
[apply] 2026-08-30T21:38:32.140Z starting apply: files=1 dry_run=false apply_kind=issue min_age=0 days apply_close_reasons=all stale_min_age_days=60 close_delay_ms=0 sync_comments_only=false suppress_automation_markers=false comment_sync_min_age_days=0 comment_sync_cursor=none max_runtime_ms=0 item_numbers=321 reconciliation_deferred=none closed=0/10 processed=0/1 counts={}
[apply] 2026-08-30T21:38:33.247Z finished apply closed=0/10 processed=1/1 counts={"skipped_protected_label":1}
[apply] 2026-08-30T21:38:33.712Z starting apply: files=1 dry_run=false apply_kind=issue min_age=0 days apply_close_reasons=all stale_min_age_days=60 close_delay_ms=0 sync_comments_only=false suppress_automation_markers=false comment_sync_min_age_days=0 comment_sync_cursor=none max_runtime_ms=0 item_numbers=321 reconciliation_deferred=none closed=0/10 processed=0/1 counts={}
[apply] 2026-08-30T21:38:34.867Z finished apply closed=0/10 processed=1/1 counts={"skipped_maintainer_authored":1}
[apply] 2026-08-30T21:38:35.371Z starting apply: files=1 dry_run=false apply_kind=issue min_age=0 days apply_close_reasons=all stale_min_age_days=60 close_delay_ms=0 sync_comments_only=true suppress_automation_markers=false comment_sync_min_age_days=7 comment_sync_cursor=none max_runtime_ms=0 item_numbers=321 reconciliation_deferred=none closed=0/10 processed=0/1 counts={}
[apply] 2026-08-30T21:38:37.478Z finished apply closed=0/10 processed=0/1 counts={}
[apply] 2026-08-30T21:38:37.924Z starting apply: files=1 dry_run=false apply_kind=issue min_age=0 days apply_close_reasons=all stale_min_age_days=60 close_delay_ms=0 sync_comments_only=false suppress_automation_markers=false comment_sync_min_age_days=0 comment_sync_cursor=none max_runtime_ms=0 item_numbers=321 reconciliation_deferred=none closed=0/10 processed=0/1 counts={}
[apply] 2026-08-30T21:38:38.632Z finished apply closed=0/10 processed=1/1 counts={"skipped_already_closed":1}
[apply] 2026-08-30T21:38:39.100Z starting apply: files=1 dry_run=false apply_kind=issue min_age=0 days apply_close_reasons=all stale_min_age_days=60 close_delay_ms=0 sync_comments_only=true suppress_automation_markers=false comment_sync_min_age_days=0 comment_sync_cursor=none max_runtime_ms=0 item_numbers=321 reconciliation_deferred=none closed=0/10 processed=0/1 counts={}
[apply] 2026-08-30T21:38:42.310Z finished apply closed=0/10 processed=1/1 counts={"review_comment_synced":1}
[apply] 2026-08-30T21:38:42.777Z starting apply: files=1 dry_run=false apply_kind=all min_age=0 days apply_close_reasons=all stale_min_age_days=60 close_delay_ms=0 sync_comments_only=true suppress_automation_markers=false comment_sync_min_age_days=0 comment_sync_cursor=none max_runtime_ms=0 item_numbers=321 reconciliation_deferred=none closed=0/10 processed=0/1 counts={}
[apply] 2026-08-30T21:38:42.984Z finished apply closed=0/10 processed=1/1 counts={"retry_stale_canonical_comment_sync":1}
[apply] 2026-08-30T21:38:43.452Z starting apply: files=1 dry_run=false apply_kind=issue min_age=0 days apply_close_reasons=all stale_min_age_days=60 close_delay_ms=0 sync_comments_only=true suppress_automation_markers=false comment_sync_min_age_days=0 comment_sync_cursor=none max_runtime_ms=0 item_numbers=321 reconciliation_deferred=none closed=0/10 processed=0/1 counts={}
[apply] 2026-08-30T21:38:46.411Z finished apply closed=0/10 processed=1/1 counts={"review_comment_synced":1}
[apply] 2026-08-30T21:38:46.877Z starting apply: files=1 dry_run=false apply_kind=issue min_age=0 days apply_close_reasons=all stale_min_age_days=60 close_delay_ms=0 sync_comments_only=true suppress_automation_markers=false comment_sync_min_age_days=0 comment_sync_cursor=none max_runtime_ms=0 item_numbers=321 reconciliation_deferred=none closed=0/10 processed=0/1 counts={}
[apply] 2026-08-30T21:38:49.325Z finished apply closed=0/10 processed=1/1 counts={"review_comment_synced":1}
[apply] 2026-08-30T21:38:49.771Z starting apply: files=1 dry_run=false apply_kind=issue min_age=0 days apply_close_reasons=all stale_min_age_days=60 close_delay_ms=0 sync_comments_only=true suppress_automation_markers=false comment_sync_min_age_days=0 comment_sync_cursor=none max_runtime_ms=0 item_numbers=321 reconciliation_deferred=none closed=0/10 processed=0/1 counts={}
[apply] 2026-08-30T21:38:52.625Z finished apply closed=0/10 processed=1/1 counts={"review_comment_synced":1}
[apply] 2026-08-30T21:38:53.116Z starting apply: files=1 dry_run=false apply_kind=issue min_age=0 days apply_close_reasons=all stale_min_age_days=60 close_delay_ms=0 sync_comments_only=true suppress_automation_markers=false comment_sync_min_age_days=0 comment_sync_cursor=none max_runtime_ms=0 item_numbers=321 reconciliation_deferred=none closed=0/10 processed=0/1 counts={}
[apply] 2026-08-30T21:38:56.065Z finished apply closed=0/10 processed=1/1 counts={"review_comment_synced":1}
[apply] 2026-08-30T21:38:56.599Z starting apply: files=1 dry_run=false apply_kind=issue min_age=0 days apply_close_reasons=all stale_min_age_days=60 close_delay_ms=0 sync_comments_only=true suppress_automation_markers=false comment_sync_min_age_days=0 comment_sync_cursor=none max_runtime_ms=0 item_numbers=321 reconciliation_deferred=none closed=0/10 processed=0/1 counts={}
[apply] 2026-08-30T21:38:57.731Z finished apply closed=0/10 processed=1/1 counts={"review_comment_synced":1}
[apply] 2026-08-30T21:38:58.168Z starting apply: files=1 dry_run=false apply_kind=issue min_age=0 days apply_close_reasons=all stale_min_age_days=60 close_delay_ms=0 sync_comments_only=true suppress_automation_markers=false comment_sync_min_age_days=0 comment_sync_cursor=none max_runtime_ms=0 item_numbers=321 reconciliation_deferred=none closed=0/10 processed=0/1 counts={}
[apply] 2026-08-30T21:39:00.340Z finished apply closed=0/10 processed=1/1 counts={"review_comment_synced":1}
[apply] 2026-08-30T21:39:00.822Z starting apply: files=1 dry_run=false apply_kind=issue min_age=0 days apply_close_reasons=all stale_min_age_days=60 close_delay_ms=0 sync_comments_only=true suppress_automation_markers=false comment_sync_min_age_days=0 comment_sync_cursor=none max_runtime_ms=0 item_numbers=321 reconciliation_deferred=none closed=0/10 processed=0/1 counts={}
[apply] 2026-08-30T21:39:01.955Z finished apply closed=0/10 processed=1/1 counts={"review_comment_synced":1}
[apply] 2026-08-30T21:39:02.423Z starting apply: files=1 dry_run=false apply_kind=issue min_age=0 days apply_close_reasons=all stale_min_age_days=60 close_delay_ms=0 sync_comments_only=true suppress_automation_markers=false comment_sync_min_age_days=7 comment_sync_cursor=none max_runtime_ms=0 item_numbers=321 reconciliation_deferred=none closed=0/10 processed=0/1 counts={}
[apply] 2026-08-30T21:39:07.913Z finished apply closed=0/10 processed=1/1 counts={"review_comment_synced":1}
[apply] 2026-08-30T21:39:08.428Z starting apply: files=1 dry_run=false apply_kind=issue min_age=0 days apply_close_reasons=all stale_min_age_days=60 close_delay_ms=0 sync_comments_only=true suppress_automation_markers=false comment_sync_min_age_days=7 comment_sync_cursor=none max_runtime_ms=0 item_numbers=321 reconciliation_deferred=none closed=0/10 processed=0/1 counts={}
[referencingMergedPullRequestsForIssue] number=321 status=failed reason=Command failed: gh api search/issues?q=repo%3Aopenclaw%2Fopenclaw%20is%3Apr%20is%3Amerged%20%23321&per_page=10
unexpected gh args ["api","search/issues?q=repo%3Aopenclaw%2Fopenclaw%20is%3Apr%20is%3Amerged%20%23321&per_page=10"]
[apply] 2026-08-30T21:39:10.338Z finished apply closed=0/10 processed=1/1 counts={"review_comment_synced":1}
[apply] 2026-08-30T21:39:10.927Z starting apply: files=1 dry_run=false apply_kind=issue min_age=0 days apply_close_reasons=all stale_min_age_days=60 close_delay_ms=0 sync_comments_only=true suppress_automation_markers=false comment_sync_min_age_days=7 comment_sync_cursor=none max_runtime_ms=0 item_numbers=321 reconciliation_deferred=none closed=0/10 processed=0/1 counts={}
[referencingMergedPullRequestsForIssue] number=321 status=failed reason=Command failed: gh api search/issues?q=repo%3Aopenclaw%2Fopenclaw%20is%3Apr%20is%3Amerged%20%23321&per_page=10
unexpected gh args ["api","search/issues?q=repo%3Aopenclaw%2Fopenclaw%20is%3Apr%20is%3Amerged%20%23321&per_page=10"]
[apply] 2026-08-30T21:39:12.808Z finished apply closed=0/10 processed=1/1 counts={"review_comment_synced":1}
[apply] 2026-08-30T21:39:13.273Z starting apply: files=1 dry_run=false apply_kind=issue min_age=0 days apply_close_reasons=all stale_min_age_days=60 close_delay_ms=0 sync_comments_only=true suppress_automation_markers=false comment_sync_min_age_days=7 comment_sync_cursor=none max_runtime_ms=0 item_numbers=321 reconciliation_deferred=none closed=0/10 processed=0/1 counts={}
[referencingMergedPullRequestsForIssue] number=321 status=failed reason=Command failed: gh api search/issues?q=repo%3Aopenclaw%2Fopenclaw%20is%3Apr%20is%3Amerged%20%23321&per_page=10
unexpected gh args ["api","search/issues?q=repo%3Aopenclaw%2Fopenclaw%20is%3Apr%20is%3Amerged%20%23321&per_page=10"]
[apply] 2026-08-30T21:39:15.161Z finished apply closed=0/10 processed=1/1 counts={"review_comment_synced":1}
[apply] 2026-08-30T21:39:15.626Z starting apply: files=1 dry_run=false apply_kind=issue min_age=0 days apply_close_reasons=all stale_min_age_days=60 close_delay_ms=0 sync_comments_only=true suppress_automation_markers=false comment_sync_min_age_days=7 comment_sync_cursor=none max_runtime_ms=0 item_numbers=321 reconciliation_deferred=none closed=0/10 processed=0/1 counts={}
[referencingMergedPullRequestsForIssue] number=321 status=failed reason=Command failed: gh api search/issues?q=repo%3Aopenclaw%2Fopenclaw%20is%3Apr%20is%3Amerged%20%23321&per_page=10
unexpected gh args ["api","search/issues?q=repo%3Aopenclaw%2Fopenclaw%20is%3Apr%20is%3Amerged%20%23321&per_page=10"]
[apply] 2026-08-30T21:39:17.547Z finished apply closed=0/10 processed=1/1 counts={"review_comment_synced":1}
[apply] 2026-08-30T21:39:18.110Z starting apply: files=1 dry_run=true apply_kind=all min_age=0 days apply_close_reasons=all stale_min_age_days=60 close_delay_ms=0 sync_comments_only=false suppress_automation_markers=false comment_sync_min_age_days=0 comment_sync_cursor=none max_runtime_ms=0 item_numbers=all reconciliation_deferred=none closed=0/10 processed=0/2 counts={}
{"event":"reviewed_pr_activity_cursor_v2_fallback","repo":"openclaw/clawsweeper","number":321,"from_version":2,"to_version":1,"reason":"graphql_request_failed"}
[review] 2026-08-30T21:39:18.819Z check-state=unavailable #321: Command failed: /home/jules/.nvm/versions/node/v24.20.0/bin/node /tmp/clawsweeper-test-by0nSa/bin/gh.js api repos/openclaw/clawsweeper/commits/head-sha/check-runs?per_page=100
unexpected gh args ["api","repos/openclaw/clawsweeper/commits/head-sha/check-runs?per_page=100"]

[apply] 2026-08-30T21:39:18.831Z finished apply closed=0/10 processed=1/2 counts={"skipped_close_exempt_label":1}
[apply] 2026-08-30T21:39:19.390Z starting apply: files=1 dry_run=true apply_kind=all min_age=0 days apply_close_reasons=all stale_min_age_days=60 close_delay_ms=0 sync_comments_only=false suppress_automation_markers=false comment_sync_min_age_days=0 comment_sync_cursor=none max_runtime_ms=0 item_numbers=all reconciliation_deferred=none closed=0/10 processed=0/2 counts={}
[apply] 2026-08-30T21:39:19.494Z finished apply closed=0/10 processed=1/2 counts={"skipped_invalid_decision":1}
[apply] 2026-08-30T21:39:19.948Z starting apply: files=1 dry_run=false apply_kind=issue min_age=0 days apply_close_reasons=all stale_min_age_days=60 close_delay_ms=0 sync_comments_only=true suppress_automation_markers=false comment_sync_min_age_days=0 comment_sync_cursor=none max_runtime_ms=0 item_numbers=all reconciliation_deferred=none closed=0/10 processed=0/1 counts={}
[apply] 2026-08-30T21:39:20.041Z budget stop, resume next cycle: GitHub rate limited until 2026-08-30T21:40:20.039Z; credential scope target_app; reset source fallback; apply resumes next cycle closed=0/10 processed=0/1 counts={"skipped_runtime_budget":2}
[apply] 2026-08-30T21:39:20.044Z finished apply closed=0/10 processed=0/1 counts={"skipped_runtime_budget":2}
[apply] 2026-08-30T21:39:20.490Z starting apply: files=1 dry_run=false apply_kind=issue min_age=0 days apply_close_reasons=all stale_min_age_days=60 close_delay_ms=0 sync_comments_only=false suppress_automation_markers=false comment_sync_min_age_days=0 comment_sync_cursor=none max_runtime_ms=0 item_numbers=all reconciliation_deferred=none closed=0/10 processed=0/1 counts={}
[apply] 2026-08-30T21:39:20.583Z budget stop, resume next cycle: GitHub rate limited until 2026-08-30T21:40:20.579Z; credential scope target_app; reset source fallback; apply resumes next cycle closed=0/10 processed=0/1 counts={"skipped_runtime_budget":2}
[apply] 2026-08-30T21:39:20.586Z finished apply closed=0/10 processed=0/1 counts={"skipped_runtime_budget":2}
✔ event apply proof marks only live deterministic remain-open guards (3.690152ms)
✔ apply-decisions defers canonical reconciliation conflicts before live mutation (456.716961ms)
✔ apply-decisions rejects recorded PR review activity drift before mutations (7970.784107ms)
✔ apply-decisions records review activity that changes after lease acquisition (2127.633376ms)
✔ apply-decisions revalidates review activity before each mutation request (7076.594015ms)
✔ apply-decisions archives records deleted after review instead of failing the run (1270.663886ms)
✔ apply-decisions keeps missing records queued during comment-only sync (1244.954011ms)
✔ apply-decisions fails safely when a missing repository also returns 404 (1158.716474ms)
✔ apply rejects a repo-policy-forbidden close class before comment sync (1180.661932ms)
✔ event apply emits proof only while a captured protected-label guard remains live (6343.06601ms)
✔ event apply retries a captured locked-conversation guard after unlock (2907.207736ms)
✔ comment-only apply skips a locked issue before acquiring its mutation lease (1751.034135ms)
✔ exact-event source drift wins over a locked conversation guard (687.046687ms)
✔ locked exact-event PRs classify timestamp drift before their conversation lock (2375.552626ms)
✔ locked issue timestamp drift persists the observed current revision evidence (1646.117295ms)
✔ locked issue snapshot drift wins over its lock when updated_at is absent (1946.381797ms)
✔ guarded reports reject changed snapshots even with a zero publication cooldown (1879.603373ms)
✔ guarded PR source drift is rejected before any label mutation (2441.069336ms)
✔ protected stale-head proposals clear obsolete readiness labels before exiting (3933.101252ms)
✔ protected source drift preserves its original guard after lock or label removal (3248.572746ms)
✔ live protected labels and maintainer ownership take precedence over source drift (3178.562234ms)
✔ locked failed reviews honor the comment-sync cooldown and release their lease (2601.717991ms)
✔ closed legacy reports archive without hydrating their irrelevant source snapshot (1157.029489ms)
✔ locked issues preserve already-synchronized linked-PR review comments (3706.687411ms)
✔ locked conversations preserve pending stale canonical comment repairs (638.154451ms)
✔ comment-only apply synchronizes guarded reviews without promoting their close actions (13115.833521ms)
✔ matching durable comments repair stale, missing, and refreshed sync timestamps (0.643877ms)
✔ metadata-only comment verification never hides newer human source activity (1625.29648ms)
✔ locked, already-synchronized maintainer and invalid reports refresh local metadata (4240.205423ms)
✔ locked metadata synchronization adopts and releases its existing review lease (5972.379026ms)
✔ comment-only apply repairs timestamps and references without editing GitHub (9662.659674ms)
✔ event apply emits proof only while a captured PR close-exemption guard remains live (1894.823925ms)
✔ comment-only sync defers the remaining batch when GitHub is rate limited (559.927984ms)
✔ close-mode apply defers the remaining scan window when GitHub is rate limited (547.960399ms)
✔ memory proof subprocess rejects candidate OOM and only accepts explicitly expected baseline OOM (1031.005253ms)
✔ baseline OOM mode rejects success, other failures, and timeouts (3.760689ms)
✔ memory proof refuses unowned corpus without changing numeric or unrelated sentinels (1507.346432ms)
✔ memory proof refuses a dangling corpus symlink before creating its target (504.450602ms)
✔ apply observability preserves unknown values instead of making them healthy zeros (14.540032ms)
✔ apply observability reports disjoint result and failure accounting in selected windows (0.595303ms)
✔ proof-only failures retain their alert without blanking completed apply throughput (0.407324ms)
✔ apply observability rejects malformed producer payloads (0.273806ms)
✔ all-repository queue health stays unknown until every configured target reports (0.670539ms)
✔ terminal apply telemetry becomes unavailable after the expected producer cadence (0.477698ms)
✔ the 6h view retains a current apply observation through its apply budget (1.779695ms)
✔ a timed-out apply stops looking current after its terminal-publication margin (0.360457ms)
✔ legacy v1 terminal telemetry remains readable without a lifecycle marker (0.473206ms)
✔ a newer running apply wins over a terminal event published late by an older lifecycle (0.455556ms)
✔ a proof-only terminal event cannot displace an active apply lifecycle (0.390187ms)
✔ apply telemetry producer keeps successful terminal steps distinct from ledger failures (600.172362ms)
✔ apply telemetry producer preserves the newest checkpoint health after a failed apply (209.533069ms)
[apply] 2026-08-30T21:37:50.391Z starting apply: files=1 dry_run=true apply_kind=pull_request min_age=0 days apply_close_reasons=obsolete_fix_pr stale_min_age_days=60 close_delay_ms=0 sync_comments_only=false suppress_automation_markers=false comment_sync_min_age_days=0 comment_sync_cursor=none max_runtime_ms=0 item_numbers=321 reconciliation_deferred=none closed=0/10 processed=0/1 counts={}
{"event":"reviewed_pr_activity_cursor_v2_fallback","repo":"openclaw/openclaw","number":321,"from_version":2,"to_version":1,"reason":"missing_pull_request"}
[apply] 2026-08-30T21:37:51.553Z finished apply closed=0/10 processed=1/1 counts={"kept_open":1}
[apply] 2026-08-30T21:37:52.067Z starting apply: files=1 dry_run=true apply_kind=pull_request min_age=0 days apply_close_reasons=obsolete_fix_pr stale_min_age_days=60 close_delay_ms=0 sync_comments_only=false suppress_automation_markers=false comment_sync_min_age_days=0 comment_sync_cursor=none max_runtime_ms=0 item_numbers=321 reconciliation_deferred=none closed=0/10 processed=0/1 counts={}
{"event":"reviewed_pr_activity_cursor_v2_fallback","repo":"openclaw/openclaw","number":321,"from_version":2,"to_version":1,"reason":"missing_pull_request"}
[apply] 2026-08-30T21:37:59.191Z closing #321 closed=0/10 processed=0/1 counts={}
[apply] 2026-08-30T21:37:59.337Z would close #321 closed=1/10 processed=1/1 counts={"closed":1}
[apply] 2026-08-30T21:37:59.347Z finished apply closed=1/10 processed=1/1 counts={"closed":1}
[apply] 2026-08-30T21:38:00.206Z starting apply: files=1 dry_run=true apply_kind=pull_request min_age=0 days apply_close_reasons=obsolete_fix_pr stale_min_age_days=60 close_delay_ms=0 sync_comments_only=false suppress_automation_markers=false comment_sync_min_age_days=0 comment_sync_cursor=none max_runtime_ms=0 item_numbers=321 reconciliation_deferred=none closed=0/10 processed=0/1 counts={}
{"event":"reviewed_pr_activity_cursor_v2_fallback","repo":"openclaw/openclaw","number":321,"from_version":2,"to_version":1,"reason":"missing_pull_request"}
[apply] 2026-08-30T21:38:06.486Z closing #321 closed=0/10 processed=0/1 counts={}
[apply] 2026-08-30T21:38:06.594Z would close #321 closed=1/10 processed=1/1 counts={"closed":1}
[apply] 2026-08-30T21:38:06.598Z finished apply closed=1/10 processed=1/1 counts={"closed":1}
[apply] 2026-08-30T21:38:07.174Z starting apply: files=1 dry_run=true apply_kind=pull_request min_age=0 days apply_close_reasons=obsolete_fix_pr stale_min_age_days=60 close_delay_ms=0 sync_comments_only=false suppress_automation_markers=false comment_sync_min_age_days=0 comment_sync_cursor=none max_runtime_ms=0 item_numbers=321 reconciliation_deferred=none closed=0/10 processed=0/1 counts={}
{"event":"reviewed_pr_activity_cursor_v2_fallback","repo":"openclaw/openclaw","number":321,"from_version":2,"to_version":1,"reason":"missing_pull_request"}
[apply] 2026-08-30T21:38:09.381Z finished apply closed=0/10 processed=1/1 counts={"kept_open":1}
[apply] 2026-08-30T21:38:10.131Z starting apply: files=1 dry_run=true apply_kind=pull_request min_age=0 days apply_close_reasons=obsolete_fix_pr stale_min_age_days=60 close_delay_ms=0 sync_comments_only=false suppress_automation_markers=false comment_sync_min_age_days=0 comment_sync_cursor=none max_runtime_ms=0 item_numbers=321 reconciliation_deferred=none closed=0/10 processed=0/1 counts={}
{"event":"reviewed_pr_activity_cursor_v2_fallback","repo":"openclaw/openclaw","number":321,"from_version":2,"to_version":1,"reason":"missing_pull_request"}
[apply] 2026-08-30T21:38:12.342Z finished apply closed=0/10 processed=1/1 counts={"kept_open":1}
[apply] 2026-08-30T21:38:12.839Z starting apply: files=1 dry_run=true apply_kind=pull_request min_age=0 days apply_close_reasons=obsolete_fix_pr stale_min_age_days=60 close_delay_ms=0 sync_comments_only=false suppress_automation_markers=false comment_sync_min_age_days=0 comment_sync_cursor=none max_runtime_ms=0 item_numbers=321 reconciliation_deferred=none closed=0/10 processed=0/1 counts={}
{"event":"reviewed_pr_activity_cursor_v2_fallback","repo":"openclaw/openclaw","number":321,"from_version":2,"to_version":1,"reason":"missing_pull_request"}
[apply] 2026-08-30T21:38:15.034Z finished apply closed=0/10 processed=1/1 counts={"kept_open":1}
[apply] 2026-08-30T21:38:15.500Z starting apply: files=1 dry_run=true apply_kind=pull_request min_age=0 days apply_close_reasons=obsolete_fix_pr stale_min_age_days=60 close_delay_ms=0 sync_comments_only=false suppress_automation_markers=false comment_sync_min_age_days=0 comment_sync_cursor=none max_runtime_ms=0 item_numbers=321 reconciliation_deferred=none closed=0/10 processed=0/1 counts={}
{"event":"reviewed_pr_activity_cursor_v2_fallback","repo":"openclaw/openclaw","number":321,"from_version":2,"to_version":1,"reason":"missing_pull_request"}
[apply] 2026-08-30T21:38:17.224Z finished apply closed=0/10 processed=1/1 counts={"kept_open":1}
[apply] 2026-08-30T21:38:17.700Z starting apply: files=1 dry_run=true apply_kind=pull_request min_age=0 days apply_close_reasons=obsolete_fix_pr stale_min_age_days=60 close_delay_ms=0 sync_comments_only=false suppress_automation_markers=false comment_sync_min_age_days=0 comment_sync_cursor=none max_runtime_ms=0 item_numbers=321 reconciliation_deferred=none closed=0/10 processed=0/1 counts={}
{"event":"reviewed_pr_activity_cursor_v2_fallback","repo":"openclaw/openclaw","number":321,"from_version":2,"to_version":1,"reason":"missing_pull_request"}
[apply] 2026-08-30T21:38:18.692Z finished apply closed=0/10 processed=1/1 counts={"kept_open":1}
[apply] 2026-08-30T21:38:19.197Z starting apply: files=1 dry_run=true apply_kind=pull_request min_age=0 days apply_close_reasons=obsolete_fix_pr stale_min_age_days=60 close_delay_ms=0 sync_comments_only=false suppress_automation_markers=false comment_sync_min_age_days=0 comment_sync_cursor=none max_runtime_ms=0 item_numbers=321 reconciliation_deferred=none closed=0/10 processed=0/1 counts={}
{"event":"reviewed_pr_activity_cursor_v2_fallback","repo":"openclaw/openclaw","number":321,"from_version":2,"to_version":1,"reason":"missing_pull_request"}
[apply] 2026-08-30T21:38:20.804Z finished apply closed=0/10 processed=1/1 counts={"kept_open":1}
[apply] 2026-08-30T21:38:21.284Z starting apply: files=1 dry_run=true apply_kind=pull_request min_age=0 days apply_close_reasons=obsolete_fix_pr stale_min_age_days=60 close_delay_ms=0 sync_comments_only=false suppress_automation_markers=false comment_sync_min_age_days=0 comment_sync_cursor=none max_runtime_ms=0 item_numbers=321 reconciliation_deferred=none closed=0/10 processed=0/1 counts={}
{"event":"reviewed_pr_activity_cursor_v2_fallback","repo":"openclaw/openclaw","number":321,"from_version":2,"to_version":1,"reason":"missing_pull_request"}
[apply] 2026-08-30T21:38:22.488Z finished apply closed=0/10 processed=1/1 counts={"kept_open":1}
[apply] 2026-08-30T21:38:23.049Z starting apply: files=1 dry_run=true apply_kind=pull_request min_age=0 days apply_close_reasons=obsolete_fix_pr stale_min_age_days=60 close_delay_ms=0 sync_comments_only=false suppress_automation_markers=false comment_sync_min_age_days=0 comment_sync_cursor=none max_runtime_ms=0 item_numbers=321 reconciliation_deferred=none closed=0/10 processed=0/1 counts={}
{"event":"reviewed_pr_activity_cursor_v2_fallback","repo":"openclaw/openclaw","number":321,"from_version":2,"to_version":1,"reason":"missing_pull_request"}
[apply] 2026-08-30T21:38:24.680Z finished apply closed=0/10 processed=1/1 counts={"kept_open":1}
[apply] 2026-08-30T21:38:25.139Z starting apply: files=1 dry_run=true apply_kind=pull_request min_age=0 days apply_close_reasons=obsolete_fix_pr stale_min_age_days=60 close_delay_ms=0 sync_comments_only=false suppress_automation_markers=false comment_sync_min_age_days=0 comment_sync_cursor=none max_runtime_ms=0 item_numbers=321 reconciliation_deferred=none closed=0/10 processed=0/1 counts={}
{"event":"reviewed_pr_activity_cursor_v2_fallback","repo":"openclaw/openclaw","number":321,"from_version":2,"to_version":1,"reason":"missing_pull_request"}
[apply] 2026-08-30T21:38:26.828Z finished apply closed=0/10 processed=1/1 counts={"kept_open":1}
[apply] 2026-08-30T21:38:27.324Z starting apply: files=1 dry_run=true apply_kind=pull_request min_age=0 days apply_close_reasons=obsolete_fix_pr stale_min_age_days=60 close_delay_ms=0 sync_comments_only=false suppress_automation_markers=false comment_sync_min_age_days=0 comment_sync_cursor=none max_runtime_ms=0 item_numbers=321 reconciliation_deferred=none closed=0/10 processed=0/1 counts={}
{"event":"reviewed_pr_activity_cursor_v2_fallback","repo":"openclaw/openclaw","number":321,"from_version":2,"to_version":1,"reason":"missing_pull_request"}
[apply] 2026-08-30T21:38:28.965Z finished apply closed=0/10 processed=1/1 counts={"kept_open":1}
[apply] 2026-08-30T21:38:29.427Z starting apply: files=1 dry_run=true apply_kind=pull_request min_age=0 days apply_close_reasons=obsolete_fix_pr stale_min_age_days=60 close_delay_ms=0 sync_comments_only=false suppress_automation_markers=false comment_sync_min_age_days=0 comment_sync_cursor=none max_runtime_ms=0 item_numbers=321 reconciliation_deferred=none closed=0/10 processed=0/1 counts={}
{"event":"reviewed_pr_activity_cursor_v2_fallback","repo":"openclaw/openclaw","number":321,"from_version":2,"to_version":1,"reason":"missing_pull_request"}
[apply] 2026-08-30T21:38:31.028Z finished apply closed=0/10 processed=1/1 counts={"kept_open":1}
[apply] 2026-08-30T21:38:31.442Z starting apply: files=1 dry_run=true apply_kind=pull_request min_age=0 days apply_close_reasons=obsolete_fix_pr stale_min_age_days=60 close_delay_ms=0 sync_comments_only=false suppress_automation_markers=false comment_sync_min_age_days=0 comment_sync_cursor=none max_runtime_ms=0 item_numbers=321 reconciliation_deferred=none closed=0/10 processed=0/1 counts={}
{"event":"reviewed_pr_activity_cursor_v2_fallback","repo":"openclaw/openclaw","number":321,"from_version":2,"to_version":1,"reason":"missing_pull_request"}
[apply] 2026-08-30T21:38:33.523Z finished apply closed=0/10 processed=1/1 counts={"kept_open":1}
✔ obsolete-fix PR apply is default-off (1690.298745ms)
✔ obsolete-fix PR apply closes a small fully rewritten patch (7876.442163ms)
✔ obsolete-fix PR apply closes a deleted workflow fix (7187.754843ms)
✔ obsolete-fix PR apply blocks a renamed workflow destination missing on main (2769.370839ms)
✔ obsolete-fix PR apply blocks a workflow file the PR itself adds (2966.500427ms)
✔ obsolete-fix PR apply blocks a path unchanged on main (2677.737002ms)
✔ obsolete-fix PR apply blocks more than five changed files (2184.520177ms)
✔ obsolete-fix PR apply blocks missing head SHA (1483.218875ms)
✔ obsolete-fix PR apply blocks missing head committer date (2099.79941ms)
✔ obsolete-fix PR apply blocks live age (1687.996313ms)
✔ obsolete-fix PR apply blocks recent check activity (2173.905532ms)
✔ obsolete-fix PR apply blocks assignee (2149.844168ms)
✔ obsolete-fix PR apply blocks requested reviewer (2148.959773ms)
✔ obsolete-fix PR apply blocks maintainer comment (2048.964393ms)
✔ obsolete-fix PR apply fails closed on path lookup errors (2507.320981ms)
[apply] 2026-08-30T21:38:34.632Z starting apply: files=1 dry_run=false apply_kind=all min_age=0 days apply_close_reasons=all stale_min_age_days=60 close_delay_ms=0 sync_comments_only=false suppress_automation_markers=false comment_sync_min_age_days=0 comment_sync_cursor=none max_runtime_ms=0 item_numbers=all reconciliation_deferred=none closed=0/10 processed=0/1 counts={}
{"event":"reviewed_pr_activity_cursor_v2_fallback","repo":"openclaw/openclaw","number":353,"from_version":2,"to_version":1,"reason":"missing_pull_request"}
[apply] 2026-08-30T21:38:35.797Z finished apply closed=0/10 processed=1/1 counts={"skipped_stale_review_comment_sync":1}
[apply] 2026-08-30T21:38:36.256Z starting apply: files=1 dry_run=false apply_kind=all min_age=0 days apply_close_reasons=all stale_min_age_days=60 close_delay_ms=0 sync_comments_only=false suppress_automation_markers=false comment_sync_min_age_days=0 comment_sync_cursor=none max_runtime_ms=0 item_numbers=all reconciliation_deferred=none closed=0/10 processed=0/3 counts={}
{"event":"reviewed_pr_activity_cursor_v2_fallback","repo":"openclaw/openclaw","number":354,"from_version":2,"to_version":1,"reason":"missing_pull_request"}
[apply] 2026-08-30T21:38:43.137Z finished apply closed=0/10 processed=1/3 counts={"skipped_pr_close_coverage_proof":1}
[apply] 2026-08-30T21:38:43.598Z starting apply: files=1 dry_run=true apply_kind=all min_age=0 days apply_close_reasons=all stale_min_age_days=60 close_delay_ms=0 sync_comments_only=false suppress_automation_markers=false comment_sync_min_age_days=0 comment_sync_cursor=none max_runtime_ms=0 item_numbers=all reconciliation_deferred=none closed=0/10 processed=0/3 counts={}
{"event":"reviewed_pr_activity_cursor_v2_fallback","repo":"openclaw/openclaw","number":349,"from_version":2,"to_version":1,"reason":"missing_pull_request"}
[apply] 2026-08-30T21:38:48.443Z closing #349 closed=0/10 processed=0/3 counts={}
[apply] 2026-08-30T21:38:48.525Z would close #349 closed=1/10 processed=1/3 counts={"closed":1}
[apply] 2026-08-30T21:38:48.528Z finished apply closed=1/10 processed=1/3 counts={"closed":1}
[apply] 2026-08-30T21:38:49.012Z starting apply: files=1 dry_run=true apply_kind=all min_age=0 days apply_close_reasons=all stale_min_age_days=60 close_delay_ms=0 sync_comments_only=false suppress_automation_markers=false comment_sync_min_age_days=0 comment_sync_cursor=none max_runtime_ms=0 item_numbers=all reconciliation_deferred=none closed=0/10 processed=0/3 counts={}
{"event":"reviewed_pr_activity_cursor_v2_fallback","repo":"openclaw/openclaw","number":363,"from_version":2,"to_version":1,"reason":"missing_pull_request"}
[apply] 2026-08-30T21:38:55.234Z closing #363 closed=0/10 processed=0/3 counts={}
[apply] 2026-08-30T21:38:55.342Z would close #363 closed=1/10 processed=1/3 counts={"closed":1}
[apply] 2026-08-30T21:38:55.347Z finished apply closed=1/10 processed=1/3 counts={"closed":1}
[apply] 2026-08-30T21:38:55.804Z starting apply: files=1 dry_run=true apply_kind=all min_age=0 days apply_close_reasons=all stale_min_age_days=60 close_delay_ms=0 sync_comments_only=false suppress_automation_markers=false comment_sync_min_age_days=0 comment_sync_cursor=none max_runtime_ms=0 item_numbers=all reconciliation_deferred=none closed=0/10 processed=0/3 counts={}
{"event":"reviewed_pr_activity_cursor_v2_fallback","repo":"openclaw/openclaw","number":364,"from_version":2,"to_version":1,"reason":"missing_pull_request"}
[apply] 2026-08-30T21:38:57.651Z finished apply closed=0/10 processed=1/3 counts={"skipped_changed_since_review":1}
[apply] 2026-08-30T21:38:58.130Z starting apply: files=1 dry_run=false apply_kind=all min_age=0 days apply_close_reasons=all stale_min_age_days=60 close_delay_ms=0 sync_comments_only=false suppress_automation_markers=false comment_sync_min_age_days=0 comment_sync_cursor=none max_runtime_ms=0 item_numbers=all reconciliation_deferred=none closed=0/10 processed=0/3 counts={}
{"event":"reviewed_pr_activity_cursor_v2_fallback","repo":"openclaw/openclaw","number":360,"from_version":2,"to_version":1,"reason":"missing_pull_request"}
[apply] 2026-08-30T21:39:05.826Z closing #360 closed=0/10 processed=0/3 counts={}
[apply] 2026-08-30T21:39:12.720Z closed #360 closed=1/10 processed=1/3 counts={"closed":1}
[apply] 2026-08-30T21:39:12.723Z finished apply closed=1/10 processed=1/3 counts={"closed":1}
[apply] 2026-08-30T21:39:13.232Z starting apply: files=1 dry_run=true apply_kind=all min_age=0 days apply_close_reasons=all stale_min_age_days=60 close_delay_ms=0 sync_comments_only=false suppress_automation_markers=false comment_sync_min_age_days=0 comment_sync_cursor=none max_runtime_ms=0 item_numbers=all reconciliation_deferred=none closed=0/10 processed=0/3 counts={}
{"event":"reviewed_pr_activity_cursor_v2_fallback","repo":"openclaw/openclaw","number":361,"from_version":2,"to_version":1,"reason":"missing_pull_request"}
[apply] 2026-08-30T21:39:18.280Z closing #361 closed=0/10 processed=0/3 counts={}
[apply] 2026-08-30T21:39:18.368Z would close #361 closed=1/10 processed=1/3 counts={"closed":1}
[apply] 2026-08-30T21:39:18.371Z finished apply closed=1/10 processed=1/3 counts={"closed":1}
[apply] 2026-08-30T21:39:18.835Z starting apply: files=1 dry_run=false apply_kind=all min_age=0 days apply_close_reasons=all stale_min_age_days=60 close_delay_ms=0 sync_comments_only=false suppress_automation_markers=false comment_sync_min_age_days=0 comment_sync_cursor=none max_runtime_ms=0 item_numbers=all reconciliation_deferred=none closed=0/10 processed=0/3 counts={}
{"event":"reviewed_pr_activity_cursor_v2_fallback","repo":"openclaw/openclaw","number":361,"from_version":2,"to_version":1,"reason":"missing_pull_request"}
[apply] 2026-08-30T21:39:25.475Z finished apply closed=0/10 processed=1/3 counts={"retry_pr_close_coverage_proof":1}
[apply] 2026-08-30T21:39:25.964Z starting apply: files=1 dry_run=false apply_kind=all min_age=0 days apply_close_reasons=all stale_min_age_days=60 close_delay_ms=0 sync_comments_only=false suppress_automation_markers=false comment_sync_min_age_days=0 comment_sync_cursor=none max_runtime_ms=0 item_numbers=all reconciliation_deferred=none closed=0/10 processed=0/3 counts={}
{"event":"reviewed_pr_activity_cursor_v2_fallback","repo":"openclaw/openclaw","number":361,"from_version":2,"to_version":1,"reason":"missing_pull_request"}
[apply] 2026-08-30T21:39:32.455Z closing #361 closed=0/10 processed=0/3 counts={}
[apply] 2026-08-30T21:39:39.150Z closed #361 closed=1/10 processed=1/3 counts={"closed":1}
[apply] 2026-08-30T21:39:39.158Z finished apply closed=1/10 processed=1/3 counts={"closed":1}
[apply] 2026-08-30T21:39:39.618Z starting apply: files=1 dry_run=true apply_kind=all min_age=0 days apply_close_reasons=all stale_min_age_days=60 close_delay_ms=0 sync_comments_only=false suppress_automation_markers=false comment_sync_min_age_days=0 comment_sync_cursor=none max_runtime_ms=0 item_numbers=all reconciliation_deferred=none closed=0/10 processed=0/3 counts={}
{"event":"reviewed_pr_activity_cursor_v2_fallback","repo":"openclaw/openclaw","number":365,"from_version":2,"to_version":1,"reason":"missing_pull_request"}
[apply] 2026-08-30T21:39:45.154Z finished apply closed=0/10 processed=1/3 counts={"skipped_pr_close_coverage_proof":1}
[apply] 2026-08-30T21:39:45.633Z starting apply: files=1 dry_run=false apply_kind=all min_age=0 days apply_close_reasons=all stale_min_age_days=60 close_delay_ms=0 sync_comments_only=false suppress_automation_markers=false comment_sync_min_age_days=0 comment_sync_cursor=none max_runtime_ms=0 item_numbers=all reconciliation_deferred=none closed=0/10 processed=0/3 counts={}
{"event":"reviewed_pr_activity_cursor_v2_fallback","repo":"openclaw/openclaw","number":362,"from_version":2,"to_version":1,"reason":"missing_pull_request"}
[apply] 2026-08-30T21:39:50.266Z finished apply closed=0/10 processed=1/3 counts={"retry_pr_close_coverage_proof":1}
[apply] 2026-08-30T21:39:50.753Z starting apply: files=1 dry_run=false apply_kind=all min_age=0 days apply_close_reasons=all stale_min_age_days=60 close_delay_ms=0 sync_comments_only=false suppress_automation_markers=false comment_sync_min_age_days=0 comment_sync_cursor=none max_runtime_ms=0 item_numbers=all reconciliation_deferred=none closed=0/10 processed=0/3 counts={}
{"event":"reviewed_pr_activity_cursor_v2_fallback","repo":"openclaw/openclaw","number":362,"from_version":2,"to_version":1,"reason":"missing_pull_request"}
[apply] 2026-08-30T21:39:55.605Z finished apply closed=0/10 processed=1/3 counts={"retry_pr_close_coverage_proof":1}
[apply] 2026-08-30T21:39:56.094Z starting apply: files=1 dry_run=true apply_kind=all min_age=0 days apply_close_reasons=all stale_min_age_days=60 close_delay_ms=0 sync_comments_only=false suppress_automation_markers=false comment_sync_min_age_days=0 comment_sync_cursor=none max_runtime_ms=0 item_numbers=all reconciliation_deferred=none closed=0/10 processed=0/3 counts={}
{"event":"reviewed_pr_activity_cursor_v2_fallback","repo":"openclaw/openclaw","number":363,"from_version":2,"to_version":1,"reason":"missing_pull_request"}
[apply] 2026-08-30T21:40:01.180Z closing #363 closed=0/10 processed=0/3 counts={}
[apply] 2026-08-30T21:40:01.273Z would close #363 closed=1/10 processed=1/3 counts={"closed":1}
[apply] 2026-08-30T21:40:01.276Z finished apply closed=1/10 processed=1/3 counts={"closed":1}
[apply] 2026-08-30T21:40:01.736Z starting apply: files=1 dry_run=false apply_kind=all min_age=0 days apply_close_reasons=all stale_min_age_days=60 close_delay_ms=0 sync_comments_only=false suppress_automation_markers=false comment_sync_min_age_days=0 comment_sync_cursor=none max_runtime_ms=0 item_numbers=all reconciliation_deferred=none closed=0/10 processed=0/3 counts={}
{"event":"reviewed_pr_activity_cursor_v2_fallback","repo":"openclaw/openclaw","number":357,"from_version":2,"to_version":1,"reason":"missing_pull_request"}
[apply] 2026-08-30T21:40:08.453Z finished apply closed=0/10 processed=1/3 counts={"skipped_changed_since_review":1}
[apply] 2026-08-30T21:40:08.910Z starting apply: files=1 dry_run=false apply_kind=all min_age=0 days apply_close_reasons=all stale_min_age_days=60 close_delay_ms=0 sync_comments_only=false suppress_automation_markers=false comment_sync_min_age_days=0 comment_sync_cursor=none max_runtime_ms=0 item_numbers=all reconciliation_deferred=none closed=0/10 processed=0/3 counts={}
{"event":"reviewed_pr_activity_cursor_v2_fallback","repo":"openclaw/openclaw","number":360,"from_version":2,"to_version":1,"reason":"missing_pull_request"}
[apply] 2026-08-30T21:40:14.145Z finished apply closed=0/10 processed=1/3 counts={"retry_pr_close_coverage_proof":1}
✔ apply-decisions skips stale close reports before duplicate PR coverage proof (1678.969543ms)
✔ apply-decisions checks duplicate PR coverage proof before syncing corrected review comments (7326.447945ms)
✔ apply-decisions closes existing duplicate PR close proposals when coverage proof says covered (5390.340664ms)
✔ apply-decisions permits a trusted deferred close-proof command status through post-proof freshness (6849.949754ms)
✔ apply-decisions rejects a source edit masked by a deferred close-proof status (2283.683101ms)
✔ apply-decisions records successful duplicate PR coverage proof for closed PRs (15095.87832ms)
✔ apply-decisions consumes a bound precomputed proof without invoking Codex (26422.257271ms)
✔ apply-decisions bounds proof envelopes for reports with many canonical PR refs (5983.214598ms)
✔ apply-decisions fails closed when a required precomputed proof is missing (10454.34637ms)
✔ apply-decisions filters covering PR bot comments from coverage proof (5659.545967ms)
✔ apply-decisions rechecks duplicate PR freshness after coverage proof passes (7176.168957ms)
✔ apply-decisions rejects a same-timestamp covering PR snapshot change after proof (5703.645236ms)
[apply] 2026-08-30T21:39:22.762Z starting apply: files=1 dry_run=false apply_kind=all min_age=0 days apply_close_reasons=all stale_min_age_days=60 close_delay_ms=0 sync_comments_only=false suppress_automation_markers=false comment_sync_min_age_days=0 comment_sync_cursor=none max_runtime_ms=0 item_numbers=all reconciliation_deferred=none closed=0/10 processed=0/3 counts={}
{"event":"reviewed_pr_activity_cursor_v2_fallback","repo":"openclaw/openclaw","number":359,"from_version":2,"to_version":1,"reason":"missing_pull_request"}
[apply] 2026-08-30T21:39:27.240Z finished apply closed=0/10 processed=1/3 counts={"skipped_changed_since_review":1}
[apply] 2026-08-30T21:39:27.786Z starting apply: files=1 dry_run=false apply_kind=all min_age=0 days apply_close_reasons=all stale_min_age_days=60 close_delay_ms=0 sync_comments_only=false suppress_automation_markers=false comment_sync_min_age_days=0 comment_sync_cursor=none max_runtime_ms=0 item_numbers=all reconciliation_deferred=none closed=0/10 processed=0/3 counts={}
{"event":"reviewed_pr_activity_cursor_v2_fallback","repo":"openclaw/openclaw","number":362,"from_version":2,"to_version":1,"reason":"missing_pull_request"}
[apply] 2026-08-30T21:39:31.535Z finished apply closed=0/10 processed=1/3 counts={"skipped_changed_since_review":1}
[apply] 2026-08-30T21:39:32.026Z starting apply: files=1 dry_run=false apply_kind=all min_age=0 days apply_close_reasons=all stale_min_age_days=60 close_delay_ms=0 sync_comments_only=false suppress_automation_markers=false comment_sync_min_age_days=0 comment_sync_cursor=none max_runtime_ms=0 item_numbers=all reconciliation_deferred=none closed=0/10 processed=0/3 counts={}
{"event":"reviewed_pr_activity_cursor_v2_fallback","repo":"openclaw/openclaw","number":364,"from_version":2,"to_version":1,"reason":"missing_pull_request"}
[apply] 2026-08-30T21:39:40.488Z closing #364 closed=0/10 processed=0/3 counts={}
[apply] 2026-08-30T21:39:47.247Z closed #364 closed=1/10 processed=1/3 counts={"closed":1}
[apply] 2026-08-30T21:39:47.251Z finished apply closed=1/10 processed=1/3 counts={"closed":1}
[apply] 2026-08-30T21:39:47.707Z starting apply: files=1 dry_run=true apply_kind=all min_age=0 days apply_close_reasons=all stale_min_age_days=60 close_delay_ms=0 sync_comments_only=false suppress_automation_markers=false comment_sync_min_age_days=0 comment_sync_cursor=none max_runtime_ms=0 item_numbers=all reconciliation_deferred=none closed=0/10 processed=0/3 counts={}
{"event":"reviewed_pr_activity_cursor_v2_fallback","repo":"openclaw/openclaw","number":350,"from_version":2,"to_version":1,"reason":"missing_pull_request"}
[apply] 2026-08-30T21:39:51.017Z finished apply closed=0/10 processed=1/3 counts={"retry_pr_close_coverage_proof":1}
[apply] 2026-08-30T21:39:51.537Z starting apply: files=1 dry_run=false apply_kind=all min_age=0 days apply_close_reasons=all stale_min_age_days=60 close_delay_ms=0 sync_comments_only=false suppress_automation_markers=false comment_sync_min_age_days=0 comment_sync_cursor=none max_runtime_ms=0 item_numbers=all reconciliation_deferred=none closed=0/10 processed=0/3 counts={}
{"event":"reviewed_pr_activity_cursor_v2_fallback","repo":"openclaw/openclaw","number":353,"from_version":2,"to_version":1,"reason":"missing_pull_request"}
[apply] 2026-08-30T21:39:56.656Z finished apply closed=0/10 processed=1/3 counts={"retry_pr_close_coverage_proof":1}
[apply] 2026-08-30T21:39:57.147Z starting apply: files=1 dry_run=false apply_kind=all min_age=0 days apply_close_reasons=all stale_min_age_days=60 close_delay_ms=0 sync_comments_only=false suppress_automation_markers=false comment_sync_min_age_days=0 comment_sync_cursor=none max_runtime_ms=0 item_numbers=all reconciliation_deferred=none closed=0/10 processed=0/3 counts={}
{"event":"reviewed_pr_activity_cursor_v2_fallback","repo":"openclaw/openclaw","number":353,"from_version":2,"to_version":1,"reason":"missing_pull_request"}
[apply] 2026-08-30T21:40:06.706Z closing #353 closed=0/10 processed=0/3 counts={}
[apply] 2026-08-30T21:40:13.122Z closed #353 closed=1/10 processed=1/3 counts={"closed":1}
[apply] 2026-08-30T21:40:13.125Z finished apply closed=1/10 processed=1/3 counts={"closed":1}
[apply] 2026-08-30T21:40:13.619Z starting apply: files=1 dry_run=true apply_kind=all min_age=99999 days apply_close_reasons=all stale_min_age_days=60 close_delay_ms=0 sync_comments_only=false suppress_automation_markers=false comment_sync_min_age_days=0 comment_sync_cursor=none max_runtime_ms=0 item_numbers=all reconciliation_deferred=none closed=0/10 processed=0/3 counts={}
{"event":"reviewed_pr_activity_cursor_v2_fallback","repo":"openclaw/openclaw","number":351,"from_version":2,"to_version":1,"reason":"missing_pull_request"}
[apply] 2026-08-30T21:40:16.566Z finished apply closed=0/10 processed=1/3 counts={"kept_open":1}
[apply] 2026-08-30T21:40:17.040Z starting apply: files=1 dry_run=true apply_kind=all min_age=0 days apply_close_reasons=all stale_min_age_days=60 close_delay_ms=0 sync_comments_only=false suppress_automation_markers=false comment_sync_min_age_days=0 comment_sync_cursor=none max_runtime_ms=0 item_numbers=all reconciliation_deferred=none closed=0/10 processed=0/3 counts={}
{"event":"reviewed_pr_activity_cursor_v2_fallback","repo":"openclaw/openclaw","number":347,"from_version":2,"to_version":1,"reason":"missing_pull_request"}
[apply] 2026-08-30T21:40:21.793Z closing #347 closed=0/10 processed=0/3 counts={}
[apply] 2026-08-30T21:40:21.861Z would close #347 closed=1/10 processed=1/3 counts={"closed":1}
[apply] 2026-08-30T21:40:21.867Z finished apply closed=1/10 processed=1/3 counts={"closed":1}
[apply] 2026-08-30T21:40:22.331Z starting apply: files=1 dry_run=true apply_kind=all min_age=0 days apply_close_reasons=all stale_min_age_days=60 close_delay_ms=0 sync_comments_only=false suppress_automation_markers=false comment_sync_min_age_days=0 comment_sync_cursor=none max_runtime_ms=0 item_numbers=all reconciliation_deferred=none closed=0/10 processed=0/3 counts={}
{"event":"reviewed_pr_activity_cursor_v2_fallback","repo":"openclaw/openclaw","number":341,"from_version":2,"to_version":1,"reason":"missing_pull_request"}
[apply] 2026-08-30T21:40:24.894Z finished apply closed=0/10 processed=1/3 counts={"kept_open":1}
[apply] 2026-08-30T21:40:25.377Z starting apply: files=1 dry_run=true apply_kind=all min_age=0 days apply_close_reasons=all stale_min_age_days=60 close_delay_ms=0 sync_comments_only=false suppress_automation_markers=false comment_sync_min_age_days=0 comment_sync_cursor=none max_runtime_ms=0 item_numbers=all reconciliation_deferred=none closed=0/10 processed=0/3 counts={}
{"event":"reviewed_pr_activity_cursor_v2_fallback","repo":"openclaw/openclaw","number":340,"from_version":2,"to_version":1,"reason":"missing_pull_request"}
[apply] 2026-08-30T21:40:28.268Z finished apply closed=0/10 processed=1/3 counts={"retry_pr_close_coverage_proof":1}
✔ post-proof freshness accepts a prior-run automation receipt only with a complete match (16.821762ms)
✔ forced final freshness rechecks an item without coverage proof or a new self receipt (1.435471ms)
✔ apply-decisions fails closed when a self-mutation receipt is truncated (5835.696883ms)
✔ apply-decisions blocks same-second human timeline activity hidden by self-updates (4274.887225ms)
✔ apply-decisions accepts same-second human activity already captured by the review (15711.10034ms)
✔ apply-decisions keeps existing duplicate PR close proposals open when coverage proof fails (3785.09534ms)
✔ apply-decisions retries transient duplicate PR coverage proof failures (22085.575722ms)
✔ apply-decisions checks age before duplicate PR coverage proof (3442.057481ms)
✔ apply-decisions ignores unrelated unsafe PR links when canonical PR is safe (5302.127029ms)
✔ apply-decisions blocks duplicate close when canonical PR is a bare cluster ref (3028.983162ms)
✔ apply-decisions retries duplicate close when linked canonical PR comments cannot be read (3355.398248ms)
[apply] 2026-08-30T21:39:58.976Z starting apply: files=1 dry_run=true apply_kind=all min_age=0 days apply_close_reasons=all stale_min_age_days=60 close_delay_ms=0 sync_comments_only=false suppress_automation_markers=false comment_sync_min_age_days=0 comment_sync_cursor=none max_runtime_ms=0 item_numbers=all reconciliation_deferred=none closed=0/10 processed=0/3 counts={}
{"event":"reviewed_pr_activity_cursor_v2_fallback","repo":"openclaw/openclaw","number":336,"from_version":2,"to_version":1,"reason":"missing_pull_request"}
[apply] 2026-08-30T21:40:01.662Z finished apply closed=0/10 processed=1/3 counts={"kept_open":1}
[apply] 2026-08-30T21:40:02.141Z starting apply: files=1 dry_run=false apply_kind=all min_age=0 days apply_close_reasons=all stale_min_age_days=60 close_delay_ms=0 sync_comments_only=true suppress_automation_markers=false comment_sync_min_age_days=0 comment_sync_cursor=none max_runtime_ms=0 item_numbers=336 reconciliation_deferred=none closed=0/10 processed=0/1 counts={}
{"event":"reviewed_pr_activity_cursor_v2_fallback","repo":"openclaw/openclaw","number":336,"from_version":2,"to_version":1,"reason":"missing_pull_request"}
[apply] 2026-08-30T21:40:03.670Z finished apply closed=0/10 processed=1/1 counts={"retry_stale_canonical_comment_sync":1}
[apply] 2026-08-30T21:40:04.576Z starting apply: files=1 dry_run=false apply_kind=all min_age=0 days apply_close_reasons=all stale_min_age_days=60 close_delay_ms=0 sync_comments_only=true suppress_automation_markers=false comment_sync_min_age_days=7 comment_sync_cursor=none max_runtime_ms=0 item_numbers=336 reconciliation_deferred=none closed=0/10 processed=0/1 counts={}
{"event":"reviewed_pr_activity_cursor_v2_fallback","repo":"openclaw/openclaw","number":336,"from_version":2,"to_version":1,"reason":"missing_pull_request"}
[apply] 2026-08-30T21:40:07.688Z finished apply closed=0/10 processed=0/1 counts={}
[apply] 2026-08-30T21:40:08.180Z starting apply: files=1 dry_run=false apply_kind=all min_age=0 days apply_close_reasons=all stale_min_age_days=60 close_delay_ms=0 sync_comments_only=true suppress_automation_markers=false comment_sync_min_age_days=7 comment_sync_cursor=none max_runtime_ms=0 item_numbers=336 reconciliation_deferred=none closed=0/10 processed=0/1 counts={}
{"event":"reviewed_pr_activity_cursor_v2_fallback","repo":"openclaw/openclaw","number":336,"from_version":2,"to_version":1,"reason":"missing_pull_request"}
[apply] 2026-08-30T21:40:09.811Z finished apply closed=0/10 processed=1/1 counts={"skipped_changed_since_review":1}
[apply] 2026-08-30T21:40:10.265Z starting apply: files=1 dry_run=false apply_kind=all min_age=0 days apply_close_reasons=all stale_min_age_days=60 close_delay_ms=0 sync_comments_only=true suppress_automation_markers=false comment_sync_min_age_days=7 comment_sync_cursor=none max_runtime_ms=0 item_numbers=336 reconciliation_deferred=none closed=0/10 processed=0/1 counts={}
{"event":"reviewed_pr_activity_cursor_v2_fallback","repo":"openclaw/openclaw","number":336,"from_version":2,"to_version":1,"reason":"missing_pull_request"}
[review] 2026-08-30T21:40:10.989Z check-state=unavailable #336: Command failed: /home/jules/.nvm/versions/node/v24.20.0/bin/node /tmp/clawsweeper-test-Go5O6F/bin/gh.js api repos/openclaw/openclaw/commits/new-head/check-runs?per_page=100
unexpected gh args ["api","repos/openclaw/openclaw/commits/new-head/check-runs?per_page=100"]

[review] 2026-08-30T21:40:13.444Z check-state=unavailable #336: Command failed: /home/jules/.nvm/versions/node/v24.20.0/bin/node /tmp/clawsweeper-test-Go5O6F/bin/gh.js api repos/openclaw/openclaw/commits/new-head/check-runs?per_page=100
unexpected gh args ["api","repos/openclaw/openclaw/commits/new-head/check-runs?per_page=100"]

[apply] 2026-08-30T21:40:13.452Z finished apply closed=0/10 processed=1/1 counts={"review_comment_synced":1}
[apply] 2026-08-30T21:40:13.911Z starting apply: files=1 dry_run=false apply_kind=all min_age=0 days apply_close_reasons=all stale_min_age_days=60 close_delay_ms=0 sync_comments_only=true suppress_automation_markers=false comment_sync_min_age_days=7 comment_sync_cursor=none max_runtime_ms=0 item_numbers=338 reconciliation_deferred=none closed=0/10 processed=0/1 counts={}
{"event":"reviewed_pr_activity_cursor_v2_fallback","repo":"openclaw/openclaw","number":338,"from_version":2,"to_version":1,"reason":"missing_pull_request"}
[apply] 2026-08-30T21:40:16.330Z finished apply closed=0/10 processed=0/1 counts={}
[apply] 2026-08-30T21:40:16.762Z starting apply: files=1 dry_run=true apply_kind=all min_age=0 days apply_close_reasons=all stale_min_age_days=60 close_delay_ms=0 sync_comments_only=false suppress_automation_markers=false comment_sync_min_age_days=0 comment_sync_cursor=none max_runtime_ms=0 item_numbers=all reconciliation_deferred=none closed=0/10 processed=0/3 counts={}
{"event":"reviewed_pr_activity_cursor_v2_fallback","repo":"openclaw/openclaw","number":346,"from_version":2,"to_version":1,"reason":"missing_pull_request"}
[apply] 2026-08-30T21:40:19.238Z finished apply closed=0/10 processed=1/3 counts={"kept_open":1}
[apply] 2026-08-30T21:40:19.721Z starting apply: files=1 dry_run=false apply_kind=all min_age=0 days apply_close_reasons=all stale_min_age_days=60 close_delay_ms=0 sync_comments_only=false suppress_automation_markers=false comment_sync_min_age_days=0 comment_sync_cursor=none max_runtime_ms=0 item_numbers=all reconciliation_deferred=none closed=0/10 processed=0/3 counts={}
{"event":"reviewed_pr_activity_cursor_v2_fallback","repo":"openclaw/openclaw","number":348,"from_version":2,"to_version":1,"reason":"missing_pull_request"}
[apply] 2026-08-30T21:40:26.477Z finished apply closed=0/10 processed=1/3 counts={"skipped_pr_close_coverage_proof":1}
[apply] 2026-08-30T21:40:26.992Z starting apply: files=1 dry_run=false apply_kind=all min_age=0 days apply_close_reasons=all stale_min_age_days=60 close_delay_ms=0 sync_comments_only=true suppress_automation_markers=false comment_sync_min_age_days=0 comment_sync_cursor=none max_runtime_ms=0 item_numbers=all reconciliation_deferred=none closed=0/10 processed=0/3 counts={}
{"event":"reviewed_pr_activity_cursor_v2_fallback","repo":"openclaw/openclaw","number":348,"from_version":2,"to_version":1,"reason":"missing_pull_request"}
[apply] 2026-08-30T21:40:31.150Z finished apply closed=0/10 processed=1/3 counts={"kept_open":1}
[apply] 2026-08-30T21:40:31.609Z starting apply: files=1 dry_run=false apply_kind=all min_age=0 days apply_close_reasons=all stale_min_age_days=60 close_delay_ms=0 sync_comments_only=true suppress_automation_markers=false comment_sync_min_age_days=0 comment_sync_cursor=none max_runtime_ms=0 item_numbers=all reconciliation_deferred=none closed=0/10 processed=0/1 counts={}
{"event":"reviewed_pr_activity_cursor_v2_fallback","repo":"openclaw/openclaw","number":348,"from_version":2,"to_version":1,"reason":"missing_pull_request"}
[apply] 2026-08-30T21:40:35.806Z finished apply closed=0/10 processed=1/1 counts={"review_comment_synced":1}
[apply] 2026-08-30T21:40:36.262Z starting apply: files=1 dry_run=false apply_kind=all min_age=0 days apply_close_reasons=all stale_min_age_days=60 close_delay_ms=0 sync_comments_only=true suppress_automation_markers=false comment_sync_min_age_days=0 comment_sync_cursor=none max_runtime_ms=0 item_numbers=all reconciliation_deferred=none closed=0/10 processed=0/1 counts={}
{"event":"reviewed_pr_activity_cursor_v2_fallback","repo":"openclaw/openclaw","number":349,"from_version":2,"to_version":1,"reason":"missing_pull_request"}
[apply] 2026-08-30T21:40:42.350Z finished apply closed=0/10 processed=1/1 counts={"review_comment_synced":1}
[apply] 2026-08-30T21:40:42.825Z starting apply: files=1 dry_run=false apply_kind=all min_age=0 days apply_close_reasons=all stale_min_age_days=60 close_delay_ms=0 sync_comments_only=true suppress_automation_markers=false comment_sync_min_age_days=30 comment_sync_cursor=none max_runtime_ms=0 item_numbers=all reconciliation_deferred=none closed=0/10 processed=0/1 counts={}
{"event":"reviewed_pr_activity_cursor_v2_fallback","repo":"openclaw/openclaw","number":350,"from_version":2,"to_version":1,"reason":"missing_pull_request"}
[review] 2026-08-30T21:40:43.588Z check-state=unavailable #350: Command failed: /home/jules/.nvm/versions/node/v24.20.0/bin/node /tmp/clawsweeper-test-EHaNg9/bin/gh.js api repos/openclaw/openclaw/commits/aaaaaaaaaaaaaaaaaaaaaaaaaaaaaaaaaaaaaaaa/check-runs?per_page=100
unexpected gh args ["api","repos/openclaw/openclaw/commits/aaaaaaaaaaaaaaaaaaaaaaaaaaaaaaaaaaaaaaaa/check-runs?per_page=100"]

[review] 2026-08-30T21:40:47.662Z check-state=unavailable #350: Command failed: /home/jules/.nvm/versions/node/v24.20.0/bin/node /tmp/clawsweeper-test-EHaNg9/bin/gh.js api repos/openclaw/openclaw/commits/aaaaaaaaaaaaaaaaaaaaaaaaaaaaaaaaaaaaaaaa/check-runs?per_page=100
unexpected gh args ["api","repos/openclaw/openclaw/commits/aaaaaaaaaaaaaaaaaaaaaaaaaaaaaaaaaaaaaaaa/check-runs?per_page=100"]

[review] 2026-08-30T21:40:48.392Z check-state=unavailable #350: Command failed: /home/jules/.nvm/versions/node/v24.20.0/bin/node /tmp/clawsweeper-test-EHaNg9/bin/gh.js api repos/openclaw/openclaw/commits/aaaaaaaaaaaaaaaaaaaaaaaaaaaaaaaaaaaaaaaa/check-runs?per_page=100
unexpected gh args ["api","repos/openclaw/openclaw/commits/aaaaaaaaaaaaaaaaaaaaaaaaaaaaaaaaaaaaaaaa/check-runs?per_page=100"]

[review] 2026-08-30T21:40:48.576Z check-state=unavailable #350: Command failed: /home/jules/.nvm/versions/node/v24.20.0/bin/node /tmp/clawsweeper-test-EHaNg9/bin/gh.js api repos/openclaw/openclaw/commits/aaaaaaaaaaaaaaaaaaaaaaaaaaaaaaaaaaaaaaaa/check-runs?per_page=100
unexpected gh args ["api","repos/openclaw/openclaw/commits/aaaaaaaaaaaaaaaaaaaaaaaaaaaaaaaaaaaaaaaa/check-runs?per_page=100"]

[apply] 2026-08-30T21:40:52.936Z finished apply closed=0/10 processed=1/1 counts={"retry_stale_canonical_comment_sync":1}
[apply] 2026-08-30T21:40:53.380Z starting apply: files=1 dry_run=false apply_kind=all min_age=0 days apply_close_reasons=all stale_min_age_days=60 close_delay_ms=0 sync_comments_only=true suppress_automation_markers=false comment_sync_min_age_days=30 comment_sync_cursor=none max_runtime_ms=0 item_numbers=all reconciliation_deferred=none closed=0/10 processed=0/1 counts={}
{"event":"reviewed_pr_activity_cursor_v2_fallback","repo":"openclaw/openclaw","number":350,"from_version":2,"to_version":1,"reason":"missing_pull_request"}
[review] 2026-08-30T21:40:54.090Z check-state=unavailable #350: Command failed: /home/jules/.nvm/versions/node/v24.20.0/bin/node /tmp/clawsweeper-test-EHaNg9/bin/gh.js api repos/openclaw/openclaw/commits/aaaaaaaaaaaaaaaaaaaaaaaaaaaaaaaaaaaaaaaa/check-runs?per_page=100
unexpected gh args ["api","repos/openclaw/openclaw/commits/aaaaaaaaaaaaaaaaaaaaaaaaaaaaaaaaaaaaaaaa/check-runs?per_page=100"]

[apply] 2026-08-30T21:40:54.181Z finished apply closed=0/10 processed=1/1 counts={"retry_stale_canonical_comment_sync":1}
[apply] 2026-08-30T21:40:54.649Z starting apply: files=1 dry_run=false apply_kind=all min_age=0 days apply_close_reasons=all stale_min_age_days=60 close_delay_ms=0 sync_comments_only=true suppress_automation_markers=false comment_sync_min_age_days=30 comment_sync_cursor=none max_runtime_ms=0 item_numbers=all reconciliation_deferred=none closed=0/10 processed=0/1 counts={}
{"event":"reviewed_pr_activity_cursor_v2_fallback","repo":"openclaw/openclaw","number":350,"from_version":2,"to_version":1,"reason":"missing_pull_request"}
[review] 2026-08-30T21:40:55.431Z check-state=unavailable #350: Command failed: /home/jules/.nvm/versions/node/v24.20.0/bin/node /tmp/clawsweeper-test-EHaNg9/bin/gh.js api repos/openclaw/openclaw/commits/aaaaaaaaaaaaaaaaaaaaaaaaaaaaaaaaaaaaaaaa/check-runs?per_page=100
unexpected gh args ["api","repos/openclaw/openclaw/commits/aaaaaaaaaaaaaaaaaaaaaaaaaaaaaaaaaaaaaaaa/check-runs?per_page=100"]

[apply] 2026-08-30T21:40:55.784Z finished apply closed=0/10 processed=1/1 counts={"retry_stale_canonical_comment_sync":1}
[apply] 2026-08-30T21:40:56.231Z starting apply: files=1 dry_run=false apply_kind=all min_age=0 days apply_close_reasons=all stale_min_age_days=60 close_delay_ms=0 sync_comments_only=true suppress_automation_markers=false comment_sync_min_age_days=30 comment_sync_cursor=none max_runtime_ms=0 item_numbers=all reconciliation_deferred=none closed=0/10 processed=0/1 counts={}
{"event":"reviewed_pr_activity_cursor_v2_fallback","repo":"openclaw/openclaw","number":350,"from_version":2,"to_version":1,"reason":"missing_pull_request"}
[review] 2026-08-30T21:40:57.027Z check-state=unavailable #350: Command failed: /home/jules/.nvm/versions/node/v24.20.0/bin/node /tmp/clawsweeper-test-EHaNg9/bin/gh.js api repos/openclaw/openclaw/commits/aaaaaaaaaaaaaaaaaaaaaaaaaaaaaaaaaaaaaaaa/check-runs?per_page=100
unexpected gh args ["api","repos/openclaw/openclaw/commits/aaaaaaaaaaaaaaaaaaaaaaaaaaaaaaaaaaaaaaaa/check-runs?per_page=100"]

[apply] 2026-08-30T21:40:57.383Z finished apply closed=0/10 processed=1/1 counts={"retry_stale_canonical_comment_sync":1}
[apply] 2026-08-30T21:40:57.813Z starting apply: files=1 dry_run=false apply_kind=all min_age=0 days apply_close_reasons=all stale_min_age_days=60 close_delay_ms=0 sync_comments_only=true suppress_automation_markers=false comment_sync_min_age_days=30 comment_sync_cursor=none max_runtime_ms=0 item_numbers=all reconciliation_deferred=none closed=0/10 processed=0/1 counts={}
{"event":"reviewed_pr_activity_cursor_v2_fallback","repo":"openclaw/openclaw","number":350,"from_version":2,"to_version":1,"reason":"missing_pull_request"}
[review] 2026-08-30T21:40:58.536Z check-state=unavailable #350: Command failed: /home/jules/.nvm/versions/node/v24.20.0/bin/node /tmp/clawsweeper-test-EHaNg9/bin/gh.js api repos/openclaw/openclaw/commits/aaaaaaaaaaaaaaaaaaaaaaaaaaaaaaaaaaaaaaaa/check-runs?per_page=100
unexpected gh args ["api","repos/openclaw/openclaw/commits/aaaaaaaaaaaaaaaaaaaaaaaaaaaaaaaaaaaaaaaa/check-runs?per_page=100"]

[review] 2026-08-30T21:41:02.599Z check-state=unavailable #350: Command failed: /home/jules/.nvm/versions/node/v24.20.0/bin/node /tmp/clawsweeper-test-EHaNg9/bin/gh.js api repos/openclaw/openclaw/commits/aaaaaaaaaaaaaaaaaaaaaaaaaaaaaaaaaaaaaaaa/check-runs?per_page=100
unexpected gh args ["api","repos/openclaw/openclaw/commits/aaaaaaaaaaaaaaaaaaaaaaaaaaaaaaaaaaaaaaaa/check-runs?per_page=100"]

[review] 2026-08-30T21:41:03.363Z check-state=unavailable #350: Command failed: /home/jules/.nvm/versions/node/v24.20.0/bin/node /tmp/clawsweeper-test-EHaNg9/bin/gh.js api repos/openclaw/openclaw/commits/aaaaaaaaaaaaaaaaaaaaaaaaaaaaaaaaaaaaaaaa/check-runs?per_page=100
unexpected gh args ["api","repos/openclaw/openclaw/commits/aaaaaaaaaaaaaaaaaaaaaaaaaaaaaaaaaaaaaaaa/check-runs?per_page=100"]

[review] 2026-08-30T21:41:03.534Z check-state=unavailable #350: Command failed: /home/jules/.nvm/versions/node/v24.20.0/bin/node /tmp/clawsweeper-test-EHaNg9/bin/gh.js api repos/openclaw/openclaw/commits/aaaaaaaaaaaaaaaaaaaaaaaaaaaaaaaaaaaaaaaa/check-runs?per_page=100
unexpected gh args ["api","repos/openclaw/openclaw/commits/aaaaaaaaaaaaaaaaaaaaaaaaaaaaaaaaaaaaaaaa/check-runs?per_page=100"]

[review] 2026-08-30T21:41:08.390Z check-state=unavailable #350: Command failed: /home/jules/.nvm/versions/node/v24.20.0/bin/node /tmp/clawsweeper-test-EHaNg9/bin/gh.js api repos/openclaw/openclaw/commits/aaaaaaaaaaaaaaaaaaaaaaaaaaaaaaaaaaaaaaaa/check-runs?per_page=100
unexpected gh args ["api","repos/openclaw/openclaw/commits/aaaaaaaaaaaaaaaaaaaaaaaaaaaaaaaaaaaaaaaa/check-runs?per_page=100"]

[apply] 2026-08-30T21:41:08.570Z finished apply closed=0/10 processed=1/1 counts={"kept_open":1}
[apply] 2026-08-30T21:41:09.008Z starting apply: files=1 dry_run=true apply_kind=all min_age=0 days apply_close_reasons=all stale_min_age_days=60 close_delay_ms=0 sync_comments_only=false suppress_automation_markers=false comment_sync_min_age_days=0 comment_sync_cursor=none max_runtime_ms=0 item_numbers=all reconciliation_deferred=none closed=0/10 processed=0/1 counts={}
[apply] 2026-08-30T21:41:09.016Z finished apply closed=0/10 processed=0/1 counts={}
[apply] 2026-08-30T21:41:09.454Z starting apply: files=1 dry_run=true apply_kind=all min_age=0 days apply_close_reasons=all stale_min_age_days=60 close_delay_ms=0 sync_comments_only=true suppress_automation_markers=false comment_sync_min_age_days=0 comment_sync_cursor=none max_runtime_ms=0 item_numbers=all reconciliation_deferred=none closed=0/10 processed=0/1 counts={}
{"event":"reviewed_pr_activity_cursor_v2_fallback","repo":"openclaw/openclaw","number":369,"from_version":2,"to_version":1,"reason":"missing_pull_request"}
[apply] 2026-08-30T21:41:11.328Z finished apply closed=0/10 processed=0/1 counts={}
[apply] 2026-08-30T21:41:11.771Z starting apply: files=1 dry_run=false apply_kind=all min_age=0 days apply_close_reasons=all stale_min_age_days=60 close_delay_ms=0 sync_comments_only=true suppress_automation_markers=false comment_sync_min_age_days=0 comment_sync_cursor=none max_runtime_ms=0 item_numbers=all reconciliation_deferred=none closed=0/10 processed=0/1 counts={}
{"event":"reviewed_pr_activity_cursor_v2_fallback","repo":"openclaw/openclaw","number":369,"from_version":2,"to_version":1,"reason":"missing_pull_request"}
[apply] 2026-08-30T21:41:13.666Z finished apply closed=0/10 processed=0/1 counts={}
[apply] 2026-08-30T21:41:14.111Z starting apply: files=1 dry_run=false apply_kind=all min_age=0 days apply_close_reasons=all stale_min_age_days=60 close_delay_ms=0 sync_comments_only=true suppress_automation_markers=false comment_sync_min_age_days=0 comment_sync_cursor=none max_runtime_ms=0 item_numbers=all reconciliation_deferred=none closed=0/10 processed=0/1 counts={}
{"event":"reviewed_pr_activity_cursor_v2_fallback","repo":"openclaw/openclaw","number":352,"from_version":2,"to_version":1,"reason":"missing_pull_request"}
[apply] 2026-08-30T21:41:20.632Z finished apply closed=0/10 processed=1/1 counts={"kept_open":1}
[apply] 2026-08-30T21:41:21.123Z starting apply: files=1 dry_run=false apply_kind=all min_age=0 days apply_close_reasons=all stale_min_age_days=60 close_delay_ms=0 sync_comments_only=true suppress_automation_markers=false comment_sync_min_age_days=0 comment_sync_cursor=none max_runtime_ms=0 item_numbers=all reconciliation_deferred=none closed=0/10 processed=0/1 counts={}
{"event":"reviewed_pr_activity_cursor_v2_fallback","repo":"openclaw/openclaw","number":351,"from_version":2,"to_version":1,"reason":"missing_pull_request"}
[apply] 2026-08-30T21:41:22.159Z finished apply closed=0/10 processed=1/1 counts={"retry_pr_close_coverage_proof":1}
[apply] 2026-08-30T21:41:22.606Z starting apply: files=1 dry_run=false apply_kind=all min_age=0 days apply_close_reasons=all stale_min_age_days=60 close_delay_ms=0 sync_comments_only=false suppress_automation_markers=false comment_sync_min_age_days=0 comment_sync_cursor=none max_runtime_ms=0 item_numbers=all reconciliation_deferred=none closed=0/10 processed=0/3 counts={}
{"event":"reviewed_pr_activity_cursor_v2_fallback","repo":"openclaw/openclaw","number":356,"from_version":2,"to_version":1,"reason":"missing_pull_request"}
[apply] 2026-08-30T21:41:29.536Z finished apply closed=0/10 processed=1/3 counts={"skipped_pr_close_coverage_proof":1}
[apply] 2026-08-30T21:41:29.982Z starting apply: files=1 dry_run=false apply_kind=all min_age=0 days apply_close_reasons=all stale_min_age_days=60 close_delay_ms=0 sync_comments_only=false suppress_automation_markers=false comment_sync_min_age_days=0 comment_sync_cursor=none max_runtime_ms=0 item_numbers=all reconciliation_deferred=none closed=0/10 processed=0/3 counts={}
{"event":"reviewed_pr_activity_cursor_v2_fallback","repo":"openclaw/openclaw","number":359,"from_version":2,"to_version":1,"reason":"missing_pull_request"}
[apply] 2026-08-30T21:41:36.989Z finished apply closed=0/10 processed=1/3 counts={"skipped_pr_close_coverage_proof":1}
✔ apply-decisions blocks duplicate close when linked canonical PR closed unmerged (3168.721814ms)
✔ locked duplicate reviews retain newly discovered canonical correction work (2066.492541ms)
✔ changed PR reviews never force a recently synchronized stale close verdict (3949.348966ms)
✔ invalid PR decisions never force stale close verdicts after source drift (2117.442696ms)
✔ protected PR head changes immediately replace obsolete close markers (3664.448898ms)
✔ unchanged changed-duplicate records do not consume a bounded comment-sync slot (2847.991424ms)
✔ apply-decisions blocks duplicate close when canonical PR is only in close comment (2925.655102ms)
✔ apply-decisions keeps existing duplicate PR close proposals open when coverage proof says keep_open (11896.611865ms)
✔ apply-decisions skips duplicate PR coverage proof during synced comment-only runs (4660.741515ms)
✔ apply-decisions skips duplicate PR coverage proof during stale comment-only sync (6547.956739ms)
✔ apply-decisions corrects stale close comments when the canonical PR closed unmerged (26658.412262ms)
✔ apply-decisions does not create close comments from changed reports while canonical stays open (4655.192383ms)
✔ apply-decisions rechecks a structured canonical ref at the comment mutation boundary (6963.257865ms)
✔ apply-decisions keeps an unreadable canonical PR in the comment-sync queue (1523.283916ms)
✔ apply-decisions gates duplicate PR closes with shorthand canonical refs (7393.680435ms)
✔ apply-decisions gates duplicate PR closes when unrelated bare issue refs accompany one PR URL (7443.241693ms)
[apply] 2026-08-30T21:40:15.214Z starting apply: files=1 dry_run=true apply_kind=all min_age=0 days apply_close_reasons=all stale_min_age_days=60 close_delay_ms=0 sync_comments_only=false suppress_automation_markers=false comment_sync_min_age_days=0 comment_sync_cursor=none max_runtime_ms=0 item_numbers=all reconciliation_deferred=none closed=0/10 processed=0/3 counts={}
{"event":"reviewed_pr_activity_cursor_v2_fallback","repo":"openclaw/openclaw","number":357,"from_version":2,"to_version":1,"reason":"missing_pull_request"}
[apply] 2026-08-30T21:40:17.950Z closing #357 closed=0/10 processed=0/3 counts={}
[apply] 2026-08-30T21:40:18.032Z would close #357 closed=1/10 processed=1/3 counts={"closed":1}
[apply] 2026-08-30T21:40:18.037Z finished apply closed=1/10 processed=1/3 counts={"closed":1}
[apply] 2026-08-30T21:40:18.474Z starting apply: files=1 dry_run=false apply_kind=all min_age=0 days apply_close_reasons=all stale_min_age_days=60 close_delay_ms=0 sync_comments_only=false suppress_automation_markers=false comment_sync_min_age_days=0 comment_sync_cursor=none max_runtime_ms=0 item_numbers=all reconciliation_deferred=none closed=0/10 processed=0/3 counts={}
{"event":"reviewed_pr_activity_cursor_v2_fallback","repo":"openclaw/openclaw","number":358,"from_version":2,"to_version":1,"reason":"missing_pull_request"}
[apply] 2026-08-30T21:40:25.037Z finished apply closed=0/10 processed=1/3 counts={"skipped_pr_close_coverage_proof":1}
[apply] 2026-08-30T21:40:25.507Z starting apply: files=1 dry_run=false apply_kind=all min_age=0 days apply_close_reasons=all stale_min_age_days=60 close_delay_ms=0 sync_comments_only=false suppress_automation_markers=false comment_sync_min_age_days=0 comment_sync_cursor=none max_runtime_ms=0 item_numbers=all reconciliation_deferred=none closed=0/10 processed=0/3 counts={}
{"event":"reviewed_pr_activity_cursor_v2_fallback","repo":"openclaw/openclaw","number":358,"from_version":2,"to_version":1,"reason":"missing_pull_request"}
[apply] 2026-08-30T21:40:32.365Z finished apply closed=0/10 processed=1/3 counts={"skipped_pr_close_coverage_proof":1}
[apply] 2026-08-30T21:40:32.840Z starting apply: files=1 dry_run=true apply_kind=all min_age=0 days apply_close_reasons=all stale_min_age_days=60 close_delay_ms=0 sync_comments_only=false suppress_automation_markers=false comment_sync_min_age_days=0 comment_sync_cursor=none max_runtime_ms=0 item_numbers=all reconciliation_deferred=none closed=0/10 processed=0/3 counts={}
{"event":"reviewed_pr_activity_cursor_v2_fallback","repo":"openclaw/openclaw","number":361,"from_version":2,"to_version":1,"reason":"missing_pull_request"}
[apply] 2026-08-30T21:40:37.829Z closing #361 closed=0/10 processed=0/3 counts={}
[apply] 2026-08-30T21:40:37.920Z would close #361 closed=1/10 processed=1/3 counts={"closed":1}
[apply] 2026-08-30T21:40:37.930Z finished apply closed=1/10 processed=1/3 counts={"closed":1}
[apply] 2026-08-30T21:40:38.411Z starting apply: files=1 dry_run=true apply_kind=all min_age=0 days apply_close_reasons=all stale_min_age_days=60 close_delay_ms=0 sync_comments_only=false suppress_automation_markers=false comment_sync_min_age_days=0 comment_sync_cursor=none max_runtime_ms=0 item_numbers=all reconciliation_deferred=none closed=0/10 processed=0/3 counts={}
{"event":"reviewed_pr_activity_cursor_v2_fallback","repo":"openclaw/openclaw","number":364,"from_version":2,"to_version":1,"reason":"missing_pull_request"}
[apply] 2026-08-30T21:40:45.254Z closing #364 closed=0/10 processed=0/3 counts={}
[apply] 2026-08-30T21:40:45.334Z would close #364 closed=1/10 processed=1/3 counts={"closed":1}
[apply] 2026-08-30T21:40:45.340Z finished apply closed=1/10 processed=1/3 counts={"closed":1}
[apply] 2026-08-30T21:40:45.793Z starting apply: files=1 dry_run=true apply_kind=all min_age=0 days apply_close_reasons=all stale_min_age_days=60 close_delay_ms=0 sync_comments_only=false suppress_automation_markers=false comment_sync_min_age_days=0 comment_sync_cursor=none max_runtime_ms=0 item_numbers=all reconciliation_deferred=none closed=0/10 processed=0/3 counts={}
{"event":"reviewed_pr_activity_cursor_v2_fallback","repo":"openclaw/openclaw","number":365,"from_version":2,"to_version":1,"reason":"missing_pull_request"}
[apply] 2026-08-30T21:40:52.663Z closing #365 closed=0/10 processed=0/3 counts={}
[apply] 2026-08-30T21:40:52.736Z would close #365 closed=1/10 processed=1/3 counts={"closed":1}
[apply] 2026-08-30T21:40:52.742Z finished apply closed=1/10 processed=1/3 counts={"closed":1}
[apply] 2026-08-30T21:40:53.219Z starting apply: files=1 dry_run=true apply_kind=all min_age=0 days apply_close_reasons=all stale_min_age_days=60 close_delay_ms=0 sync_comments_only=false suppress_automation_markers=false comment_sync_min_age_days=0 comment_sync_cursor=none max_runtime_ms=0 item_numbers=all reconciliation_deferred=none closed=0/10 processed=0/3 counts={}
{"event":"reviewed_pr_activity_cursor_v2_fallback","repo":"openclaw/openclaw","number":366,"from_version":2,"to_version":1,"reason":"missing_pull_request"}
[apply] 2026-08-30T21:41:00.134Z closing #366 closed=0/10 processed=0/3 counts={}
[apply] 2026-08-30T21:41:00.225Z would close #366 closed=1/10 processed=1/3 counts={"closed":1}
[apply] 2026-08-30T21:41:00.228Z finished apply closed=1/10 processed=1/3 counts={"closed":1}
[apply] 2026-08-30T21:41:00.684Z starting apply: files=1 dry_run=true apply_kind=all min_age=0 days apply_close_reasons=all stale_min_age_days=60 close_delay_ms=0 sync_comments_only=false suppress_automation_markers=false comment_sync_min_age_days=0 comment_sync_cursor=none max_runtime_ms=0 item_numbers=all reconciliation_deferred=none closed=0/10 processed=0/3 counts={}
{"event":"reviewed_pr_activity_cursor_v2_fallback","repo":"openclaw/openclaw","number":367,"from_version":2,"to_version":1,"reason":"missing_pull_request"}
[apply] 2026-08-30T21:41:08.617Z closing #367 closed=0/10 processed=0/3 counts={}
[apply] 2026-08-30T21:41:08.693Z would close #367 closed=1/10 processed=1/3 counts={"closed":1}
[apply] 2026-08-30T21:41:08.696Z finished apply closed=1/10 processed=1/3 counts={"closed":1}
[apply] 2026-08-30T21:41:09.187Z starting apply: files=1 dry_run=true apply_kind=all min_age=0 days apply_close_reasons=all stale_min_age_days=60 close_delay_ms=0 sync_comments_only=false suppress_automation_markers=false comment_sync_min_age_days=0 comment_sync_cursor=none max_runtime_ms=0 item_numbers=all reconciliation_deferred=none closed=0/10 processed=0/3 counts={}
{"event":"reviewed_pr_activity_cursor_v2_fallback","repo":"openclaw/openclaw","number":368,"from_version":2,"to_version":1,"reason":"missing_pull_request"}
[apply] 2026-08-30T21:41:15.030Z closing #368 closed=0/10 processed=0/3 counts={}
[apply] 2026-08-30T21:41:15.117Z would close #368 closed=1/10 processed=1/3 counts={"closed":1}
[apply] 2026-08-30T21:41:15.121Z finished apply closed=1/10 processed=1/3 counts={"closed":1}
[apply] 2026-08-30T21:41:15.588Z starting apply: files=1 dry_run=true apply_kind=all min_age=0 days apply_close_reasons=all stale_min_age_days=60 close_delay_ms=0 sync_comments_only=false suppress_automation_markers=false comment_sync_min_age_days=0 comment_sync_cursor=none max_runtime_ms=0 item_numbers=all reconciliation_deferred=none closed=0/10 processed=0/3 counts={}
{"event":"reviewed_pr_activity_cursor_v2_fallback","repo":"openclaw/openclaw","number":357,"from_version":2,"to_version":1,"reason":"missing_pull_request"}
[apply] 2026-08-30T21:41:19.799Z closing #357 closed=0/10 processed=0/3 counts={}
[apply] 2026-08-30T21:41:19.897Z would close #357 closed=1/10 processed=1/3 counts={"closed":1}
[apply] 2026-08-30T21:41:19.903Z finished apply closed=1/10 processed=1/3 counts={"closed":1}
[apply] 2026-08-30T21:41:20.491Z starting apply: files=1 dry_run=false apply_kind=all min_age=0 days apply_close_reasons=all stale_min_age_days=60 close_delay_ms=0 sync_comments_only=false suppress_automation_markers=false comment_sync_min_age_days=0 comment_sync_cursor=none max_runtime_ms=0 item_numbers=all reconciliation_deferred=none closed=0/10 processed=0/3 counts={}
{"event":"reviewed_pr_activity_cursor_v2_fallback","repo":"openclaw/openclaw","number":348,"from_version":2,"to_version":1,"reason":"missing_pull_request"}
[apply] 2026-08-30T21:41:21.643Z finished apply closed=0/10 processed=1/3 counts={"retry_pr_close_coverage_proof":1}
✔ apply-decisions ignores bare refs inside cross-repo markdown link labels for duplicate proof (3309.138587ms)
✔ apply-decisions ignores bare refs inside same-repo markdown link labels for duplicate proof (7017.572174ms)
✔ apply-decisions keeps newline-start bare PR refs tied to their own line (7320.3026ms)
✔ apply-decisions ignores unrelated same-line bare PR refs for duplicate proof (5566.753772ms)
✔ apply-decisions preserves supersession context across shorthand PR ref lists with and (7397.68574ms)
✔ apply-decisions preserves supersession context across shorthand PR ref lists with comma (7406.453516ms)
✔ apply-decisions preserves supersession context across shorthand PR ref lists with semicolon (7488.627383ms)
✔ apply-decisions preserves supersession context across shorthand PR ref lists with comma and and (8463.475944ms)
✔ apply-decisions preserves supersession context across shorthand PR ref lists with markdown links (6415.806669ms)
✔ apply-decisions does not proof-gate duplicate PR closes with bare issue refs (4825.371214ms)
✔ apply-decisions preserves full PR URL evidence over later bare refs (1687.06861ms)
[apply] 2026-08-30T21:40:29.350Z starting apply: files=1 dry_run=false apply_kind=issue min_age=0 days apply_close_reasons=all stale_min_age_days=60 close_delay_ms=0 sync_comments_only=false suppress_automation_markers=false comment_sync_min_age_days=0 comment_sync_cursor=none max_runtime_ms=0 item_numbers=all reconciliation_deferred=none closed=0/10 processed=0/3 counts={}
{"event":"reviewed_pr_activity_cursor_v2_fallback","repo":"openclaw/openclaw","number":333,"from_version":2,"to_version":1,"reason":"missing_pull_request"}
[apply] 2026-08-30T21:40:34.849Z finished apply closed=0/10 processed=1/3 counts={"kept_open":1}
[apply] 2026-08-30T21:40:35.346Z starting apply: files=1 dry_run=false apply_kind=issue min_age=0 days apply_close_reasons=all stale_min_age_days=60 close_delay_ms=0 sync_comments_only=false suppress_automation_markers=false comment_sync_min_age_days=0 comment_sync_cursor=none max_runtime_ms=0 item_numbers=all reconciliation_deferred=none closed=0/10 processed=0/3 counts={}
{"event":"reviewed_pr_activity_cursor_v2_fallback","repo":"openclaw/openclaw","number":333,"from_version":2,"to_version":1,"reason":"missing_pull_request"}
[apply] 2026-08-30T21:40:39.462Z finished apply closed=0/10 processed=1/3 counts={"review_comment_synced":1}
[apply] 2026-08-30T21:40:39.902Z starting apply: files=1 dry_run=false apply_kind=issue min_age=0 days apply_close_reasons=all stale_min_age_days=60 close_delay_ms=0 sync_comments_only=false suppress_automation_markers=false comment_sync_min_age_days=0 comment_sync_cursor=none max_runtime_ms=0 item_numbers=all reconciliation_deferred=none closed=0/10 processed=0/3 counts={}
{"event":"reviewed_pr_activity_cursor_v2_fallback","repo":"openclaw/openclaw","number":333,"from_version":2,"to_version":1,"reason":"missing_pull_request"}
[apply] 2026-08-30T21:40:42.203Z finished apply closed=0/10 processed=0/3 counts={}
[apply] 2026-08-30T21:40:42.708Z starting apply: files=1 dry_run=false apply_kind=all min_age=0 days apply_close_reasons=all stale_min_age_days=60 close_delay_ms=0 sync_comments_only=false suppress_automation_markers=false comment_sync_min_age_days=0 comment_sync_cursor=none max_runtime_ms=0 item_numbers=74487 reconciliation_deferred=none closed=0/10 processed=0/1 counts={}
{"event":"reviewed_pr_activity_cursor_v2_fallback","repo":"openclaw/openclaw","number":74487,"from_version":2,"to_version":1,"reason":"missing_pull_request"}
[review] 2026-08-30T21:40:43.412Z check-state=unavailable #74487: Command failed: /home/jules/.nvm/versions/node/v24.20.0/bin/node /tmp/clawsweeper-test-RXGF9p/bin/gh.js api repos/openclaw/openclaw/commits/0123456789abcdef0123456789abcdef01234567/check-runs?per_page=100
unexpected gh args ["api","repos/openclaw/openclaw/commits/0123456789abcdef0123456789abcdef01234567/check-runs?per_page=100"]

[apply] 2026-08-30T21:40:43.685Z finished apply closed=0/10 processed=1/1 counts={"kept_open":1}
[apply] 2026-08-30T21:40:44.139Z starting apply: files=1 dry_run=true apply_kind=all min_age=0 days apply_close_reasons=all stale_min_age_days=60 close_delay_ms=0 sync_comments_only=false suppress_automation_markers=false comment_sync_min_age_days=0 comment_sync_cursor=none max_runtime_ms=0 item_numbers=all reconciliation_deferred=none closed=0/10 processed=0/3 counts={}
{"event":"reviewed_pr_activity_cursor_v2_fallback","repo":"openclaw/openclaw","number":322,"from_version":2,"to_version":1,"reason":"graphql_request_failed"}
[review] 2026-08-30T21:40:44.609Z check-state=unavailable #322: Command failed: /home/jules/.nvm/versions/node/v24.20.0/bin/node /tmp/clawsweeper-test-e371lY/bin/gh.js api repos/openclaw/openclaw/commits/head-sha/check-runs?per_page=100
unexpected gh args ["api","repos/openclaw/openclaw/commits/head-sha/check-runs?per_page=100"]

[apply] 2026-08-30T21:40:46.514Z closing #322 closed=0/10 processed=1/3 counts={"review_comment_synced":1}
[apply] 2026-08-30T21:40:46.592Z would close #322 closed=1/10 processed=2/3 counts={"review_comment_synced":1,"closed":1}
[apply] 2026-08-30T21:40:46.598Z finished apply closed=1/10 processed=2/3 counts={"review_comment_synced":1,"closed":1}
[apply] 2026-08-30T21:40:47.079Z starting apply: files=1 dry_run=false apply_kind=all min_age=0 days apply_close_reasons=all stale_min_age_days=60 close_delay_ms=0 sync_comments_only=false suppress_automation_markers=false comment_sync_min_age_days=0 comment_sync_cursor=none max_runtime_ms=0 item_numbers=all reconciliation_deferred=none closed=0/10 processed=0/3 counts={}
{"event":"reviewed_pr_activity_cursor_v2_fallback","repo":"openclaw/openclaw","number":330,"from_version":2,"to_version":1,"reason":"missing_pull_request"}
[apply] 2026-08-30T21:40:55.025Z closing #330 closed=0/10 processed=1/3 counts={"review_comment_synced":1}
[apply] 2026-08-30T21:41:01.174Z closed #330 closed=1/10 processed=2/3 counts={"review_comment_synced":1,"closed":1}
[apply] 2026-08-30T21:41:01.181Z finished apply closed=1/10 processed=2/3 counts={"review_comment_synced":1,"closed":1}
[apply] 2026-08-30T21:41:01.646Z starting apply: files=1 dry_run=true apply_kind=all min_age=0 days apply_close_reasons=low_signal_unmergeable_pr stale_min_age_days=30 close_delay_ms=0 sync_comments_only=false suppress_automation_markers=false comment_sync_min_age_days=0 comment_sync_cursor=none max_runtime_ms=0 item_numbers=341 reconciliation_deferred=none closed=0/10 processed=0/1 counts={}
{"event":"reviewed_pr_activity_cursor_v2_fallback","repo":"openclaw/openclaw","number":341,"from_version":2,"to_version":1,"reason":"missing_pull_request"}
[apply] 2026-08-30T21:41:02.974Z finished apply closed=0/10 processed=1/1 counts={"skipped_low_signal_live_guard":1}
[apply] 2026-08-30T21:41:03.420Z starting apply: files=1 dry_run=false apply_kind=issue min_age=0 days apply_close_reasons=duplicate_or_superseded stale_min_age_days=30 close_delay_ms=0 sync_comments_only=false suppress_automation_markers=false comment_sync_min_age_days=0 comment_sync_cursor=none max_runtime_ms=0 item_numbers=371 reconciliation_deferred=none closed=0/10 processed=0/1 counts={}
{"event":"reviewed_pr_activity_cursor_v2_fallback","repo":"openclaw/openclaw","number":371,"from_version":2,"to_version":1,"reason":"missing_pull_request"}
[apply] 2026-08-30T21:41:04.791Z finished apply closed=0/10 processed=1/1 counts={"skipped_low_signal_live_guard":1}
[apply] 2026-08-30T21:41:05.226Z starting apply: files=1 dry_run=true apply_kind=all min_age=0 days apply_close_reasons=low_signal_unmergeable_pr stale_min_age_days=30 close_delay_ms=0 sync_comments_only=false suppress_automation_markers=false comment_sync_min_age_days=0 comment_sync_cursor=none max_runtime_ms=0 item_numbers=342 reconciliation_deferred=none closed=0/10 processed=0/1 counts={}
{"event":"reviewed_pr_activity_cursor_v2_fallback","repo":"openclaw/openclaw","number":342,"from_version":2,"to_version":1,"reason":"missing_pull_request"}
[review] 2026-08-30T21:41:05.981Z check-state=unavailable #342: Command failed: /home/jules/.nvm/versions/node/v24.20.0/bin/node /tmp/clawsweeper-test-mtGHmK/bin/gh.js api repos/openclaw/openclaw/commits/3423423423423423423423423423423423423423/check-runs?per_page=100
unexpected gh args ["api","repos/openclaw/openclaw/commits/3423423423423423423423423423423423423423/check-runs?per_page=100"]

[apply] 2026-08-30T21:41:06.667Z finished apply closed=0/10 processed=1/1 counts={"skipped_low_signal_live_guard":1}
[apply] 2026-08-30T21:41:07.120Z starting apply: files=1 dry_run=true apply_kind=all min_age=0 days apply_close_reasons=low_signal_unmergeable_pr stale_min_age_days=30 close_delay_ms=0 sync_comments_only=false suppress_automation_markers=false comment_sync_min_age_days=0 comment_sync_cursor=none max_runtime_ms=0 item_numbers=343 reconciliation_deferred=none closed=0/10 processed=0/1 counts={}
{"event":"reviewed_pr_activity_cursor_v2_fallback","repo":"openclaw/openclaw","number":343,"from_version":2,"to_version":1,"reason":"missing_pull_request"}
[apply] 2026-08-30T21:41:10.801Z closing #343 closed=0/10 processed=0/1 counts={}
[apply] 2026-08-30T21:41:10.883Z would close #343 closed=1/10 processed=1/1 counts={"closed":1}
[apply] 2026-08-30T21:41:10.886Z finished apply closed=1/10 processed=1/1 counts={"closed":1}
[apply] 2026-08-30T21:41:11.348Z starting apply: files=1 dry_run=true apply_kind=all min_age=0 days apply_close_reasons=low_signal_unmergeable_pr stale_min_age_days=30 close_delay_ms=0 sync_comments_only=false suppress_automation_markers=false comment_sync_min_age_days=0 comment_sync_cursor=none max_runtime_ms=0 item_numbers=345 reconciliation_deferred=none closed=0/10 processed=0/1 counts={}
{"event":"reviewed_pr_activity_cursor_v2_fallback","repo":"openclaw/openclaw","number":345,"from_version":2,"to_version":1,"reason":"missing_pull_request"}
[apply] 2026-08-30T21:41:12.894Z finished apply closed=0/10 processed=1/1 counts={"skipped_low_signal_live_guard":1}
[apply] 2026-08-30T21:41:13.351Z starting apply: files=1 dry_run=true apply_kind=all min_age=0 days apply_close_reasons=low_signal_unmergeable_pr stale_min_age_days=30 close_delay_ms=0 sync_comments_only=false suppress_automation_markers=false comment_sync_min_age_days=0 comment_sync_cursor=none max_runtime_ms=0 item_numbers=344 reconciliation_deferred=none closed=0/10 processed=0/1 counts={}
{"event":"reviewed_pr_activity_cursor_v2_fallback","repo":"openclaw/openclaw","number":344,"from_version":2,"to_version":1,"reason":"missing_pull_request"}
[review] 2026-08-30T21:41:14.079Z check-state=unavailable #344: Command failed: /home/jules/.nvm/versions/node/v24.20.0/bin/node /tmp/clawsweeper-test-3NUfUm/bin/gh.js api repos/openclaw/openclaw/commits/3443443443443443443443443443443443443443/check-runs?per_page=100
unexpected gh args ["api","repos/openclaw/openclaw/commits/3443443443443443443443443443443443443443/check-runs?per_page=100"]

[apply] 2026-08-30T21:41:14.872Z finished apply closed=0/10 processed=1/1 counts={"skipped_changed_since_review":1}
[apply] 2026-08-30T21:41:15.320Z starting apply: files=1 dry_run=false apply_kind=all min_age=0 days apply_close_reasons=low_signal_unmergeable_pr stale_min_age_days=60 close_delay_ms=0 sync_comments_only=false suppress_automation_markers=false comment_sync_min_age_days=0 comment_sync_cursor=none max_runtime_ms=0 item_numbers=all reconciliation_deferred=none closed=0/10 processed=0/3 counts={}
{"event":"reviewed_pr_activity_cursor_v2_fallback","repo":"openclaw/openclaw","number":338,"from_version":2,"to_version":1,"reason":"missing_pull_request"}
[apply] 2026-08-30T21:41:19.652Z finished apply closed=0/10 processed=1/3 counts={"kept_open":1}
[apply] 2026-08-30T21:41:20.206Z starting apply: files=1 dry_run=false apply_kind=all min_age=0 days apply_close_reasons=duplicate_or_superseded stale_min_age_days=60 close_delay_ms=0 sync_comments_only=false suppress_automation_markers=false comment_sync_min_age_days=0 comment_sync_cursor=none max_runtime_ms=0 item_numbers=all reconciliation_deferred=none closed=0/10 processed=0/3 counts={}
{"event":"reviewed_pr_activity_cursor_v2_fallback","repo":"openclaw/openclaw","number":339,"from_version":2,"to_version":1,"reason":"missing_pull_request"}
[apply] 2026-08-30T21:41:26.007Z finished apply closed=0/10 processed=1/3 counts={"kept_open":1}
[apply] 2026-08-30T21:41:26.508Z starting apply: files=1 dry_run=false apply_kind=all min_age=0 days apply_close_reasons=low_signal_unmergeable_pr stale_min_age_days=60 close_delay_ms=0 sync_comments_only=false suppress_automation_markers=false comment_sync_min_age_days=0 comment_sync_cursor=none max_runtime_ms=0 item_numbers=all reconciliation_deferred=none closed=0/10 processed=0/3 counts={}
{"event":"reviewed_pr_activity_cursor_v2_fallback","repo":"openclaw/openclaw","number":340,"from_version":2,"to_version":1,"reason":"missing_pull_request"}
[apply] 2026-08-30T21:41:30.426Z finished apply closed=0/10 processed=1/3 counts={"kept_open":1}
[apply] 2026-08-30T21:41:30.868Z starting apply: files=1 dry_run=true apply_kind=all min_age=0 days apply_close_reasons=all stale_min_age_days=60 close_delay_ms=0 sync_comments_only=false suppress_automation_markers=false comment_sync_min_age_days=0 comment_sync_cursor=none max_runtime_ms=0 item_numbers=all reconciliation_deferred=none closed=0/10 processed=0/3 counts={}
{"event":"reviewed_pr_activity_cursor_v2_fallback","repo":"openclaw/openclaw","number":330,"from_version":2,"to_version":1,"reason":"missing_pull_request"}
[apply] 2026-08-30T21:41:34.575Z closing #330 closed=0/10 processed=1/3 counts={"review_comment_synced":1}
[apply] 2026-08-30T21:41:34.657Z would close #330 closed=1/10 processed=2/3 counts={"review_comment_synced":1,"closed":1}
[apply] 2026-08-30T21:41:34.661Z finished apply closed=1/10 processed=2/3 counts={"review_comment_synced":1,"closed":1}
[apply] 2026-08-30T21:41:35.133Z starting apply: files=1 dry_run=true apply_kind=all min_age=0 days apply_close_reasons=all stale_min_age_days=60 close_delay_ms=0 sync_comments_only=false suppress_automation_markers=false comment_sync_min_age_days=0 comment_sync_cursor=none max_runtime_ms=0 item_numbers=all reconciliation_deferred=none closed=0/10 processed=0/3 counts={}
{"event":"reviewed_pr_activity_cursor_v2_fallback","repo":"openclaw/openclaw","number":330,"from_version":2,"to_version":1,"reason":"missing_pull_request"}
[apply] 2026-08-30T21:41:37.578Z finished apply closed=0/10 processed=1/3 counts={"kept_open":1}
[apply] 2026-08-30T21:41:38.052Z starting apply: files=1 dry_run=true apply_kind=all min_age=0 days apply_close_reasons=all stale_min_age_days=60 close_delay_ms=0 sync_comments_only=false suppress_automation_markers=false comment_sync_min_age_days=0 comment_sync_cursor=none max_runtime_ms=0 item_numbers=all reconciliation_deferred=none closed=0/10 processed=0/3 counts={}
{"event":"reviewed_pr_activity_cursor_v2_fallback","repo":"openclaw/openclaw","number":330,"from_version":2,"to_version":1,"reason":"missing_pull_request"}
[apply] 2026-08-30T21:41:40.411Z finished apply closed=0/10 processed=1/3 counts={"review_comment_synced":1}
[apply] 2026-08-30T21:41:40.898Z starting apply: files=1 dry_run=true apply_kind=all min_age=0 days apply_close_reasons=all stale_min_age_days=60 close_delay_ms=0 sync_comments_only=false suppress_automation_markers=false comment_sync_min_age_days=0 comment_sync_cursor=none max_runtime_ms=0 item_numbers=all reconciliation_deferred=none closed=0/10 processed=0/3 counts={}
{"event":"reviewed_pr_activity_cursor_v2_fallback","repo":"openclaw/openclaw","number":330,"from_version":2,"to_version":1,"reason":"missing_pull_request"}
[apply] 2026-08-30T21:41:43.317Z finished apply closed=0/10 processed=1/3 counts={"kept_open":1}
[apply] 2026-08-30T21:41:43.793Z starting apply: files=1 dry_run=true apply_kind=all min_age=0 days apply_close_reasons=all stale_min_age_days=60 close_delay_ms=0 sync_comments_only=false suppress_automation_markers=false comment_sync_min_age_days=0 comment_sync_cursor=none max_runtime_ms=0 item_numbers=all reconciliation_deferred=none closed=0/10 processed=0/3 counts={}
{"event":"reviewed_pr_activity_cursor_v2_fallback","repo":"openclaw/openclaw","number":331,"from_version":2,"to_version":1,"reason":"missing_pull_request"}
[apply] 2026-08-30T21:41:46.500Z closing #331 closed=0/10 processed=1/3 counts={"review_comment_synced":1}
[apply] 2026-08-30T21:41:46.584Z would close #331 closed=1/10 processed=2/3 counts={"review_comment_synced":1,"closed":1}
[apply] 2026-08-30T21:41:46.588Z finished apply closed=1/10 processed=2/3 counts={"review_comment_synced":1,"closed":1}
[apply] 2026-08-30T21:41:46.996Z starting apply: files=1 dry_run=true apply_kind=all min_age=0 days apply_close_reasons=all stale_min_age_days=60 close_delay_ms=0 sync_comments_only=false suppress_automation_markers=false comment_sync_min_age_days=0 comment_sync_cursor=none max_runtime_ms=0 item_numbers=all reconciliation_deferred=none closed=0/10 processed=0/3 counts={}
{"event":"reviewed_pr_activity_cursor_v2_fallback","repo":"openclaw/openclaw","number":332,"from_version":2,"to_version":1,"reason":"missing_pull_request"}
[apply] 2026-08-30T21:41:51.489Z closing #332 closed=0/10 processed=1/3 counts={"review_comment_synced":1}
[apply] 2026-08-30T21:41:51.565Z would close #332 closed=1/10 processed=2/3 counts={"review_comment_synced":1,"closed":1}
[apply] 2026-08-30T21:41:51.569Z finished apply closed=1/10 processed=2/3 counts={"review_comment_synced":1,"closed":1}
[apply] 2026-08-30T21:41:52.031Z starting apply: files=1 dry_run=true apply_kind=all min_age=0 days apply_close_reasons=all stale_min_age_days=60 close_delay_ms=0 sync_comments_only=false suppress_automation_markers=false comment_sync_min_age_days=0 comment_sync_cursor=none max_runtime_ms=0 item_numbers=all reconciliation_deferred=none closed=0/10 processed=0/3 counts={}
{"event":"reviewed_pr_activity_cursor_v2_fallback","repo":"openclaw/openclaw","number":337,"from_version":2,"to_version":1,"reason":"missing_pull_request"}
[apply] 2026-08-30T21:41:54.527Z finished apply closed=0/10 processed=1/3 counts={"kept_open":1}
✔ apply-decisions checkpoints a valid promotion probe with no action record (13403.627634ms)
✔ apply leaves a promotable old report unchanged while exact-head review is active (1459.657688ms)
✔ apply-decisions upgrades live no-diff kept-open PRs to duplicate closes (2911.843141ms)
✔ apply-decisions promotes old F-rated stale PRs with low-signal close semantics (14594.476986ms)
✔ apply-decisions keeps MERGEABLE UNSTABLE low-signal proposals open (1774.285528ms)
✔ apply-decisions rechecks low-signal liveness before writing an unsynced close comment (1827.015927ms)
✔ apply-decisions keeps recently updated DIRTY low-signal proposals open (1862.090514ms)
✔ apply-decisions still closes old DIRTY low-signal proposals (4240.615926ms)
✔ apply-decisions fails closed without current-head activity evidence (1989.695238ms)
✔ stale F promotion ignores recent pre-review author reviews (1977.868326ms)
✔ apply-decisions does not persist duplicate promotion when only low-signal closes are enabled (4785.024516ms)
✔ apply-decisions does not persist low-signal fallback when only duplicate closes are enabled (6358.819252ms)
✔ apply-decisions does not fall through from filtered no-diff to low-signal promotion (4410.997378ms)
✔ apply-decisions promotes stale PRs after automation-only drift (4252.505141ms)
✔ apply-decisions does not promote stale PRs from truncated activity (2914.914694ms)
✔ apply-decisions does not promote stale PRs after human follow-up (2826.147658ms)
✔ apply-decisions does not promote stale PRs after a command-only re-review request (2911.071364ms)
✔ apply-decisions promotes recommended pause-or-close PRs (3257.078481ms)
✔ apply-decisions promotes PRs superseded by linked pull requests (4988.226477ms)
✔ apply-decisions does not promote docs-only PRs superseded by code-only pull requests (2970.447579ms)
[apply] 2026-08-30T21:41:22.750Z starting apply: files=1 dry_run=true apply_kind=all min_age=0 days apply_close_reasons=all stale_min_age_days=60 close_delay_ms=0 sync_comments_only=false suppress_automation_markers=false comment_sync_min_age_days=0 comment_sync_cursor=none max_runtime_ms=0 item_numbers=337 reconciliation_deferred=none closed=0/10 processed=0/3 counts={}
{"event":"reviewed_pr_activity_cursor_v2_fallback","repo":"openclaw/openclaw","number":337,"from_version":2,"to_version":1,"reason":"missing_pull_request"}
[apply] 2026-08-30T21:41:25.445Z finished apply closed=0/10 processed=1/3 counts={"kept_open":1}
[apply] 2026-08-30T21:41:25.938Z starting apply: files=1 dry_run=true apply_kind=all min_age=0 days apply_close_reasons=all stale_min_age_days=60 close_delay_ms=0 sync_comments_only=false suppress_automation_markers=false comment_sync_min_age_days=0 comment_sync_cursor=none max_runtime_ms=0 item_numbers=339 reconciliation_deferred=none closed=0/10 processed=0/3 counts={}
{"event":"reviewed_pr_activity_cursor_v2_fallback","repo":"openclaw/openclaw","number":339,"from_version":2,"to_version":1,"reason":"missing_pull_request"}
[apply] 2026-08-30T21:41:28.630Z finished apply closed=0/10 processed=1/3 counts={"review_comment_synced":1}
[apply] 2026-08-30T21:41:29.086Z starting apply: files=1 dry_run=true apply_kind=all min_age=0 days apply_close_reasons=all stale_min_age_days=60 close_delay_ms=0 sync_comments_only=false suppress_automation_markers=false comment_sync_min_age_days=0 comment_sync_cursor=none max_runtime_ms=0 item_numbers=all reconciliation_deferred=none closed=0/10 processed=0/3 counts={}
{"event":"reviewed_pr_activity_cursor_v2_fallback","repo":"openclaw/openclaw","number":333,"from_version":2,"to_version":1,"reason":"missing_pull_request"}
[apply] 2026-08-30T21:41:31.656Z finished apply closed=0/10 processed=1/3 counts={"kept_open":1}
[apply] 2026-08-30T21:41:32.110Z starting apply: files=1 dry_run=true apply_kind=all min_age=0 days apply_close_reasons=all stale_min_age_days=60 close_delay_ms=0 sync_comments_only=false suppress_automation_markers=false comment_sync_min_age_days=0 comment_sync_cursor=none max_runtime_ms=0 item_numbers=all reconciliation_deferred=none closed=0/10 processed=0/3 counts={}
{"event":"reviewed_pr_activity_cursor_v2_fallback","repo":"openclaw/openclaw","number":334,"from_version":2,"to_version":1,"reason":"missing_pull_request"}
[apply] 2026-08-30T21:41:34.582Z finished apply closed=0/10 processed=1/3 counts={"kept_open":1}
✔ apply-decisions does not promote PRs superseded by PRs already proposed for close (3275.007242ms)
✔ apply-decisions does not promote PRs superseded by skipped close proposal PRs (3179.463326ms)
✔ apply-decisions does not promote unrelated linked open PRs (3019.992943ms)
✔ apply-decisions does not promote unrelated linked merged PRs (2924.439031ms)
[apply] 2026-08-30T21:41:35.686Z starting apply: files=1 dry_run=true apply_kind=all min_age=0 days apply_close_reasons=all stale_min_age_days=60 close_delay_ms=0 sync_comments_only=false suppress_automation_markers=false comment_sync_min_age_days=0 comment_sync_cursor=none max_runtime_ms=0 item_numbers=all reconciliation_deferred=none closed=0/10 processed=0/3 counts={}
{"event":"reviewed_pr_activity_cursor_v2_fallback","repo":"openclaw/openclaw","number":352,"from_version":2,"to_version":1,"reason":"missing_pull_request"}
[apply] 2026-08-30T21:41:38.890Z finished apply closed=0/10 processed=1/3 counts={"retry_pr_close_coverage_proof":1}
[apply] 2026-08-30T21:41:39.409Z starting apply: files=1 dry_run=true apply_kind=all min_age=0 days apply_close_reasons=all stale_min_age_days=60 close_delay_ms=0 sync_comments_only=false suppress_automation_markers=false comment_sync_min_age_days=0 comment_sync_cursor=none max_runtime_ms=0 item_numbers=all reconciliation_deferred=none closed=0/10 processed=0/3 counts={}
{"event":"reviewed_pr_activity_cursor_v2_fallback","repo":"openclaw/openclaw","number":333,"from_version":2,"to_version":1,"reason":"missing_pull_request"}
[apply] 2026-08-30T21:41:44.063Z closing #333 closed=0/10 processed=1/3 counts={"review_comment_synced":1}
[apply] 2026-08-30T21:41:44.145Z would close #333 closed=1/10 processed=2/3 counts={"review_comment_synced":1,"closed":1}
[apply] 2026-08-30T21:41:44.148Z finished apply closed=1/10 processed=2/3 counts={"review_comment_synced":1,"closed":1}
[apply] 2026-08-30T21:41:44.629Z starting apply: files=1 dry_run=true apply_kind=all min_age=0 days apply_close_reasons=low_signal_unmergeable_pr stale_min_age_days=60 close_delay_ms=0 sync_comments_only=false suppress_automation_markers=false comment_sync_min_age_days=0 comment_sync_cursor=none max_runtime_ms=0 item_numbers=all reconciliation_deferred=none closed=0/10 processed=0/3 counts={}
{"event":"reviewed_pr_activity_cursor_v2_fallback","repo":"openclaw/openclaw","number":334,"from_version":2,"to_version":1,"reason":"missing_pull_request"}
[apply] 2026-08-30T21:41:47.231Z finished apply closed=0/10 processed=1/3 counts={"kept_open":1}
[apply] 2026-08-30T21:41:47.654Z starting apply: files=1 dry_run=true apply_kind=all min_age=0 days apply_close_reasons=all stale_min_age_days=60 close_delay_ms=0 sync_comments_only=false suppress_automation_markers=false comment_sync_min_age_days=0 comment_sync_cursor=none max_runtime_ms=0 item_numbers=all reconciliation_deferred=none closed=0/10 processed=0/3 counts={}
{"event":"reviewed_pr_activity_cursor_v2_fallback","repo":"openclaw/openclaw","number":335,"from_version":2,"to_version":1,"reason":"missing_pull_request"}
[apply] 2026-08-30T21:41:50.083Z finished apply closed=0/10 processed=1/3 counts={"kept_open":1}
[apply] 2026-08-30T21:41:50.524Z starting apply: files=1 dry_run=true apply_kind=all min_age=0 days apply_close_reasons=all stale_min_age_days=60 close_delay_ms=0 sync_comments_only=false suppress_automation_markers=false comment_sync_min_age_days=0 comment_sync_cursor=none max_runtime_ms=0 item_numbers=all reconciliation_deferred=none closed=0/10 processed=0/3 counts={}
{"event":"reviewed_pr_activity_cursor_v2_fallback","repo":"openclaw/openclaw","number":338,"from_version":2,"to_version":1,"reason":"missing_pull_request"}
[apply] 2026-08-30T21:41:53.082Z finished apply closed=0/10 processed=1/3 counts={"review_comment_synced":1}
[apply] 2026-08-30T21:41:53.551Z starting apply: files=1 dry_run=true apply_kind=all min_age=0 days apply_close_reasons=all stale_min_age_days=60 close_delay_ms=0 sync_comments_only=false suppress_automation_markers=false comment_sync_min_age_days=0 comment_sync_cursor=none max_runtime_ms=0 item_numbers=340 reconciliation_deferred=none closed=0/10 processed=0/3 counts={}
{"event":"reviewed_pr_activity_cursor_v2_fallback","repo":"openclaw/openclaw","number":340,"from_version":2,"to_version":1,"reason":"missing_pull_request"}
[apply] 2026-08-30T21:41:56.140Z finished apply closed=0/10 processed=1/3 counts={"review_comment_synced":1}
[apply] 2026-08-30T21:41:56.609Z starting apply: files=1 dry_run=true apply_kind=all min_age=0 days apply_close_reasons=all stale_min_age_days=60 close_delay_ms=0 sync_comments_only=false suppress_automation_markers=false comment_sync_min_age_days=0 comment_sync_cursor=none max_runtime_ms=0 item_numbers=342 reconciliation_deferred=none closed=0/10 processed=0/3 counts={}
{"event":"reviewed_pr_activity_cursor_v2_fallback","repo":"openclaw/openclaw","number":342,"from_version":2,"to_version":1,"reason":"missing_pull_request"}
[apply] 2026-08-30T21:42:01.300Z closing #342 closed=0/10 processed=1/3 counts={"review_comment_synced":1}
[apply] 2026-08-30T21:42:01.382Z would close #342 closed=1/10 processed=2/3 counts={"review_comment_synced":1,"closed":1}
[apply] 2026-08-30T21:42:01.386Z finished apply closed=1/10 processed=2/3 counts={"review_comment_synced":1,"closed":1}
[apply] 2026-08-30T21:42:01.859Z starting apply: files=1 dry_run=true apply_kind=all min_age=0 days apply_close_reasons=all stale_min_age_days=60 close_delay_ms=0 sync_comments_only=false suppress_automation_markers=false comment_sync_min_age_days=0 comment_sync_cursor=none max_runtime_ms=0 item_numbers=344 reconciliation_deferred=none closed=0/10 processed=0/3 counts={}
{"event":"reviewed_pr_activity_cursor_v2_fallback","repo":"openclaw/openclaw","number":344,"from_version":2,"to_version":1,"reason":"missing_pull_request"}
[apply] 2026-08-30T21:42:04.426Z finished apply closed=0/10 processed=1/3 counts={"review_comment_synced":1}
[apply] 2026-08-30T21:42:04.880Z starting apply: files=1 dry_run=true apply_kind=all min_age=0 days apply_close_reasons=all stale_min_age_days=60 close_delay_ms=0 sync_comments_only=false suppress_automation_markers=false comment_sync_min_age_days=0 comment_sync_cursor=none max_runtime_ms=0 item_numbers=all reconciliation_deferred=none closed=0/10 processed=0/3 counts={}
{"event":"reviewed_pr_activity_cursor_v2_fallback","repo":"openclaw/openclaw","number":343,"from_version":2,"to_version":1,"reason":"missing_pull_request"}
[apply] 2026-08-30T21:42:07.986Z finished apply closed=0/10 processed=1/3 counts={"review_comment_synced":1}
[apply] 2026-08-30T21:42:08.898Z starting apply: files=1 dry_run=true apply_kind=all min_age=0 days apply_close_reasons=all stale_min_age_days=60 close_delay_ms=0 sync_comments_only=false suppress_automation_markers=false comment_sync_min_age_days=0 comment_sync_cursor=none max_runtime_ms=0 item_numbers=all reconciliation_deferred=none closed=0/10 processed=0/3 counts={}
{"event":"reviewed_pr_activity_cursor_v2_fallback","repo":"openclaw/openclaw","number":345,"from_version":2,"to_version":1,"reason":"missing_pull_request"}
[apply] 2026-08-30T21:42:12.050Z finished apply closed=0/10 processed=1/3 counts={"review_comment_synced":1}
✔ apply-decisions keeps promoted PR close proposals open when coverage proof fails (3741.333262ms)
✔ apply-decisions promotes PRs superseded by merged linked pull requests without proof labels (5231.495161ms)
✔ apply-decisions does not promote PRs superseded by no-proof linked pull requests (3085.315211ms)
✔ apply-decisions does not promote PRs superseded by unsafe linked pull requests (2850.624029ms)
✔ apply-decisions does not promote PRs superseded by F-rated linked pull requests (3002.594181ms)
✔ apply-decisions does not promote PRs superseded by section-only unsafe linked reports (3049.513638ms)
✔ apply-decisions promotes PRs when a proof-backed canonical PR is behind (5248.978251ms)
✔ apply-decisions does not promote PRs when live labels supersede stale proof reports (3051.692026ms)
✔ apply-decisions does not promote PRs superseded by unknown-mergeability PRs (3612.889945ms)
✔ apply-decisions does not promote PRs superseded by non-clean linked pull requests (4005.862673ms)
[apply] 2026-08-30T21:41:38.106Z starting apply: files=2 dry_run=true apply_kind=all min_age=0 days apply_close_reasons=all stale_min_age_days=60 close_delay_ms=0 sync_comments_only=false suppress_automation_markers=false comment_sync_min_age_days=0 comment_sync_cursor=none max_runtime_ms=0 item_numbers=all reconciliation_deferred=none closed=0/10 processed=0/4 counts={}
{"event":"reviewed_pr_activity_cursor_v2_fallback","repo":"openclaw/openclaw","number":321,"from_version":2,"to_version":1,"reason":"graphql_request_failed"}
[review] 2026-08-30T21:41:38.826Z check-state=unavailable #321: Command failed: /home/jules/.nvm/versions/node/v24.20.0/bin/node /tmp/clawsweeper-test-Zg0673/bin/gh.js api repos/openclaw/openclaw/commits/head-sha/check-runs?per_page=100
unexpected gh args ["api","repos/openclaw/openclaw/commits/head-sha/check-runs?per_page=100"]

[referencingMergedPullRequestsForIssue] number=320 status=failed reason=Command failed: gh api search/issues?q=repo%3Aopenclaw%2Fopenclaw%20is%3Apr%20is%3Amerged%20%23320&per_page=10
unexpected gh args ["api","search/issues?q=repo%3Aopenclaw%2Fopenclaw%20is%3Apr%20is%3Amerged%20%23320&per_page=10"]
[apply] 2026-08-30T21:41:40.655Z finished apply closed=0/10 processed=2/4 counts={"kept_open":1,"skipped_same_author_pair":1}
[apply] 2026-08-30T21:41:41.120Z starting apply: files=1 dry_run=false apply_kind=pull_request min_age=0 days apply_close_reasons=all stale_min_age_days=60 close_delay_ms=0 sync_comments_only=false suppress_automation_markers=false comment_sync_min_age_days=0 comment_sync_cursor=none max_runtime_ms=0 item_numbers=321 reconciliation_deferred=none closed=0/10 processed=0/1 counts={}
{"event":"reviewed_pr_activity_cursor_v2_fallback","repo":"openclaw/openclaw","number":321,"from_version":2,"to_version":1,"reason":"graphql_request_failed"}
[review] 2026-08-30T21:41:41.824Z check-state=unavailable #321: Command failed: /home/jules/.nvm/versions/node/v24.20.0/bin/node /tmp/clawsweeper-test-lPKKXd/bin/gh.js api repos/openclaw/openclaw/commits/head-sha/check-runs?per_page=100
unexpected gh args ["api","repos/openclaw/openclaw/commits/head-sha/check-runs?per_page=100"]

[apply] 2026-08-30T21:41:42.088Z finished apply closed=0/10 processed=1/1 counts={"kept_open":1}
[apply] 2026-08-30T21:41:42.555Z starting apply: files=1 dry_run=false apply_kind=pull_request min_age=0 days apply_close_reasons=all stale_min_age_days=60 close_delay_ms=0 sync_comments_only=false suppress_automation_markers=false comment_sync_min_age_days=0 comment_sync_cursor=none max_runtime_ms=0 item_numbers=321 reconciliation_deferred=none closed=0/10 processed=0/1 counts={}
{"event":"reviewed_pr_activity_cursor_v2_fallback","repo":"openclaw/openclaw","number":321,"from_version":2,"to_version":1,"reason":"graphql_request_failed"}
[review] 2026-08-30T21:41:43.321Z check-state=unavailable #321: Command failed: /home/jules/.nvm/versions/node/v24.20.0/bin/node /tmp/clawsweeper-test-sU8r7z/bin/gh.js api repos/openclaw/openclaw/commits/head-sha/check-runs?per_page=100
unexpected gh args ["api","repos/openclaw/openclaw/commits/head-sha/check-runs?per_page=100"]

[apply] 2026-08-30T21:41:43.671Z finished apply closed=0/10 processed=1/1 counts={"kept_open":1}
✔ apply-decisions does not pair-close an issue when product-direction apply is disabled (3072.854806ms)
✔ default-off product-direction apply preserves the durable close proposal (1416.489293ms)
✔ product-direction apply keeps a PR open when a maintainer comment calibrates direction (1580.500005ms)
✔ apply read-generation loopback proof preserves mutation barriers (1224.258054ms)
[apply] 2026-08-30T21:41:46.112Z starting apply: files=1 dry_run=false apply_kind=issue min_age=0 days apply_close_reasons=all stale_min_age_days=60 close_delay_ms=0 sync_comments_only=false suppress_automation_markers=false comment_sync_min_age_days=0 comment_sync_cursor=none max_runtime_ms=1 item_numbers=all reconciliation_deferred=none closed=0/10 processed=0/1 counts={}
[apply] 2026-08-30T21:41:46.114Z budget stop, resume next cycle: apply token budget reached at 1788126105742ms since epoch closed=0/10 processed=0/1 counts={"skipped_runtime_budget":1}
[apply] 2026-08-30T21:41:46.116Z finished apply closed=0/10 processed=0/1 counts={"skipped_runtime_budget":1}
[apply] 2026-08-30T21:41:46.521Z starting apply: files=1 dry_run=false apply_kind=issue min_age=0 days apply_close_reasons=all stale_min_age_days=60 close_delay_ms=0 sync_comments_only=false suppress_automation_markers=false comment_sync_min_age_days=0 comment_sync_cursor=none max_runtime_ms=2200 item_numbers=all reconciliation_deferred=none closed=0/10 processed=0/1 counts={}
[apply] 2026-08-30T21:41:47.722Z budget stop, resume next cycle: max runtime 2200ms reached after GitHub operation closed=0/10 processed=0/1 counts={"skipped_runtime_budget":2}
[apply] 2026-08-30T21:41:47.728Z finished apply closed=0/10 processed=0/1 counts={"skipped_runtime_budget":2}
No items directory.
[apply] 2026-08-30T21:41:49.502Z finished apply closed=0/1 processed=0/50 counts={}
[]
No items directory.
[apply] 2026-08-30T21:41:49.503Z finished apply closed=0/1 processed=0/50 counts={}
[]
[apply] 2026-08-30T21:41:49.965Z starting apply: files=1 dry_run=false apply_kind=issue min_age=0 days apply_close_reasons=all stale_min_age_days=60 close_delay_ms=0 sync_comments_only=false suppress_automation_markers=false comment_sync_min_age_days=0 comment_sync_cursor=none max_runtime_ms=2500 item_numbers=all reconciliation_deferred=none closed=0/10 processed=0/1 counts={}
[apply] 2026-08-30T21:41:50.051Z budget stop, resume next cycle: max runtime 2500ms reached before GitHub retry closed=0/10 processed=0/1 counts={"skipped_runtime_budget":2}
[apply] 2026-08-30T21:41:50.055Z finished apply closed=0/10 processed=0/1 counts={"skipped_runtime_budget":2}
[apply] 2026-08-30T21:41:50.525Z starting apply: files=1 dry_run=false apply_kind=issue min_age=0 days apply_close_reasons=all stale_min_age_days=60 close_delay_ms=0 sync_comments_only=false suppress_automation_markers=false comment_sync_min_age_days=0 comment_sync_cursor=none max_runtime_ms=2500 item_numbers=all reconciliation_deferred=none closed=0/10 processed=0/1 counts={}
Malformed GitHub JSON response; retrying gh api repos/openclaw/clawsweeper/issues/726 in 2s
[apply] 2026-08-30T21:41:50.609Z budget stop, resume next cycle: max runtime 2500ms reached before GitHub retry closed=0/10 processed=0/1 counts={"skipped_runtime_budget":2}
[apply] 2026-08-30T21:41:50.613Z finished apply closed=0/10 processed=0/1 counts={"skipped_runtime_budget":2}
[apply] 2026-08-30T21:41:51.083Z starting apply: files=1 dry_run=false apply_kind=all min_age=0 days apply_close_reasons=all stale_min_age_days=60 close_delay_ms=0 sync_comments_only=false suppress_automation_markers=false comment_sync_min_age_days=0 comment_sync_cursor=none max_runtime_ms=3000 item_numbers=all reconciliation_deferred=none closed=0/10 processed=0/1 counts={}
{"event":"reviewed_pr_activity_cursor_v2_fallback","repo":"openclaw/openclaw","number":723,"from_version":2,"to_version":1,"reason":"missing_pull_request"}
[apply] 2026-08-30T21:41:53.076Z budget stop, resume next cycle: max runtime 3000ms reached after GitHub operation closed=0/10 processed=0/1 counts={"skipped_runtime_budget":2}
[apply] 2026-08-30T21:41:53.079Z finished apply closed=0/10 processed=0/1 counts={"skipped_runtime_budget":2}
[apply] 2026-08-30T21:41:53.522Z starting apply: files=1 dry_run=false apply_kind=issue min_age=0 days apply_close_reasons=all stale_min_age_days=60 close_delay_ms=0 sync_comments_only=false suppress_automation_markers=false comment_sync_min_age_days=0 comment_sync_cursor=none max_runtime_ms=3000 item_numbers=all reconciliation_deferred=none closed=0/10 processed=0/1 counts={}
[apply] 2026-08-30T21:41:55.516Z budget stop, resume next cycle: max runtime 3000ms reached during GitHub operation closed=0/10 processed=0/1 counts={"skipped_runtime_budget":2}
[apply] 2026-08-30T21:41:55.520Z finished apply closed=0/10 processed=0/1 counts={"skipped_runtime_budget":2}
[apply] 2026-08-30T21:41:55.945Z starting apply: files=1 dry_run=false apply_kind=all min_age=0 days apply_close_reasons=all stale_min_age_days=60 close_delay_ms=30000 sync_comments_only=false suppress_automation_markers=false comment_sync_min_age_days=0 comment_sync_cursor=none max_runtime_ms=15000 item_numbers=all reconciliation_deferred=none closed=0/10 processed=0/1 counts={}
{"event":"reviewed_pr_activity_cursor_v2_fallback","repo":"openclaw/openclaw","number":725,"from_version":2,"to_version":1,"reason":"missing_pull_request"}
[apply] 2026-08-30T21:42:02.455Z closing #725 closed=0/10 processed=0/1 counts={}
[apply] 2026-08-30T21:42:02.768Z budget stop, resume next cycle: max runtime 15000ms reached before close closed=0/10 processed=0/1 counts={"skipped_runtime_budget":2}
[apply] 2026-08-30T21:42:02.772Z finished apply closed=0/10 processed=0/1 counts={"skipped_runtime_budget":2}
[apply] 2026-08-30T21:42:03.256Z starting apply: files=1 dry_run=false apply_kind=all min_age=0 days apply_close_reasons=all stale_min_age_days=60 close_delay_ms=8000 sync_comments_only=false suppress_automation_markers=false comment_sync_min_age_days=0 comment_sync_cursor=none max_runtime_ms=25000 item_numbers=all reconciliation_deferred=none closed=0/10 processed=0/1 counts={}
{"event":"reviewed_pr_activity_cursor_v2_fallback","repo":"openclaw/openclaw","number":727,"from_version":2,"to_version":1,"reason":"missing_pull_request"}
[apply] 2026-08-30T21:42:11.109Z closing #727 closed=0/10 processed=0/1 counts={}
[apply] 2026-08-30T21:42:17.488Z closed #727 closed=1/10 processed=1/1 counts={"closed":1}
[apply] 2026-08-30T21:42:17.489Z budget stop, resume next cycle: max runtime 25000ms reached before close delay closed=1/10 processed=1/1 counts={"closed":1,"skipped_runtime_budget":1}
[apply] 2026-08-30T21:42:17.510Z finished apply closed=1/10 processed=1/1 counts={"closed":1,"skipped_runtime_budget":1}
✔ apply runtime budget uses the token deadline as an absolute wall clock (3.536973ms)
✔ GitHub command timeouts and close delays share the elapsed runtime and flush reserve (2.184201ms)
✔ apply-decisions exits cleanly at an expired token deadline and retries the same item (2094.506684ms)
✔ apply-decisions bounds a hung GitHub command and writes a resumable runtime yield (1653.524849ms)
✔ concurrent apply invocations do not leak a runtime budget (95.06803ms)
✔ apply-decisions yields instead of starting a GitHub retry that cannot fit (548.5956ms)
✔ apply-decisions yields instead of retrying malformed GitHub JSON past the deadline (559.320792ms)
✔ apply-decisions preserves a runtime yield through post-proof freshness handling (2471.173299ms)
✔ apply-decisions preserves a runtime yield from a bounded one-shot GitHub search (2434.379626ms)
✔ apply-decisions yields before closing when its post-close delay cannot fit (7252.560782ms)
✔ apply-decisions records a successful close before yielding after it (14744.823945ms)
[apply] 2026-08-30T21:41:55.508Z starting apply: files=3 dry_run=true apply_kind=all min_age=0 days apply_close_reasons=all stale_min_age_days=60 close_delay_ms=0 sync_comments_only=false suppress_automation_markers=false comment_sync_min_age_days=0 comment_sync_cursor=none max_runtime_ms=0 item_numbers=all reconciliation_deferred=none closed=0/10 processed=0/2 counts={}
{"event":"reviewed_pr_activity_cursor_v2_fallback","repo":"openclaw/openclaw","number":321,"from_version":2,"to_version":1,"reason":"missing_pull_request"}
[review] 2026-08-30T21:41:56.080Z check-state=unavailable #321: Command failed: /home/jules/.nvm/versions/node/v24.20.0/bin/node /tmp/clawsweeper-test-X5bJO0/bin/gh.js api repos/openclaw/openclaw/commits/head-sha/check-runs?per_page=100
unexpected gh args ["api","repos/openclaw/openclaw/commits/head-sha/check-runs?per_page=100"]

[apply] 2026-08-30T21:41:59.332Z closing #321 closed=0/10 processed=0/2 counts={}
[apply] 2026-08-30T21:41:59.763Z would close #321 closed=1/10 processed=1/2 counts={"closed":1}
[apply] 2026-08-30T21:41:59.764Z would close linked issue #320 closed=2/10 processed=2/2 counts={"closed":2}
[apply] 2026-08-30T21:41:59.771Z finished apply closed=2/10 processed=2/2 counts={"closed":2}
[apply] 2026-08-30T21:42:00.255Z starting apply: files=2 dry_run=true apply_kind=all min_age=0 days apply_close_reasons=all stale_min_age_days=60 close_delay_ms=0 sync_comments_only=false suppress_automation_markers=false comment_sync_min_age_days=0 comment_sync_cursor=none max_runtime_ms=0 item_numbers=all reconciliation_deferred=none closed=0/10 processed=0/4 counts={}
{"event":"reviewed_pr_activity_cursor_v2_fallback","repo":"openclaw/openclaw","number":321,"from_version":2,"to_version":1,"reason":"graphql_request_failed"}
[review] 2026-08-30T21:42:00.988Z check-state=unavailable #321: Command failed: /home/jules/.nvm/versions/node/v24.20.0/bin/node /tmp/clawsweeper-test-bgjgGE/bin/gh.js api repos/openclaw/openclaw/commits/head-sha/check-runs?per_page=100
unexpected gh args ["api","repos/openclaw/openclaw/commits/head-sha/check-runs?per_page=100"]

[referencingMergedPullRequestsForIssue] number=320 status=failed reason=Command failed: gh api search/issues?q=repo%3Aopenclaw%2Fopenclaw%20is%3Apr%20is%3Amerged%20%23320&per_page=10
unexpected gh args ["api","search/issues?q=repo%3Aopenclaw%2Fopenclaw%20is%3Apr%20is%3Amerged%20%23320&per_page=10"]
[apply] 2026-08-30T21:42:02.953Z finished apply closed=0/10 processed=2/4 counts={"retry_stale_canonical_comment_sync":1,"skipped_same_author_pair":1}
[apply] 2026-08-30T21:42:03.404Z starting apply: files=1 dry_run=false apply_kind=all min_age=0 days apply_close_reasons=all stale_min_age_days=60 close_delay_ms=0 sync_comments_only=false suppress_automation_markers=false comment_sync_min_age_days=0 comment_sync_cursor=none max_runtime_ms=0 item_numbers=all reconciliation_deferred=none closed=0/10 processed=0/3 counts={}
{"event":"reviewed_pr_activity_cursor_v2_fallback","repo":"openclaw/openclaw","number":321,"from_version":2,"to_version":1,"reason":"graphql_request_failed"}
[review] 2026-08-30T21:42:04.112Z check-state=unavailable #321: Command failed: /home/jules/.nvm/versions/node/v24.20.0/bin/node /tmp/clawsweeper-test-UHioio/bin/gh.js api repos/openclaw/openclaw/commits/head-sha/check-runs?per_page=100
unexpected gh args ["api","repos/openclaw/openclaw/commits/head-sha/check-runs?per_page=100"]

[review] 2026-08-30T21:42:06.552Z check-state=unavailable #321: Command failed: /home/jules/.nvm/versions/node/v24.20.0/bin/node /tmp/clawsweeper-test-UHioio/bin/gh.js api repos/openclaw/openclaw/commits/head-sha/check-runs?per_page=100
unexpected gh args ["api","repos/openclaw/openclaw/commits/head-sha/check-runs?per_page=100"]

[review] 2026-08-30T21:42:08.993Z check-state=unavailable #321: Command failed: /home/jules/.nvm/versions/node/v24.20.0/bin/node /tmp/clawsweeper-test-UHioio/bin/gh.js api repos/openclaw/openclaw/commits/head-sha/check-runs?per_page=100
unexpected gh args ["api","repos/openclaw/openclaw/commits/head-sha/check-runs?per_page=100"]

[review] 2026-08-30T21:42:10.559Z check-state=unavailable #321: Command failed: /home/jules/.nvm/versions/node/v24.20.0/bin/node /tmp/clawsweeper-test-UHioio/bin/gh.js api repos/openclaw/openclaw/commits/head-sha/check-runs?per_page=100
unexpected gh args ["api","repos/openclaw/openclaw/commits/head-sha/check-runs?per_page=100"]

[apply] 2026-08-30T21:42:11.038Z finished apply closed=0/10 processed=1/3 counts={"retry_pr_close_coverage_proof":1}
[apply] 2026-08-30T21:42:11.517Z starting apply: files=1 dry_run=false apply_kind=all min_age=0 days apply_close_reasons=all stale_min_age_days=60 close_delay_ms=0 sync_comments_only=false suppress_automation_markers=false comment_sync_min_age_days=0 comment_sync_cursor=none max_runtime_ms=0 item_numbers=321 reconciliation_deferred=none closed=0/10 processed=0/1 counts={}
{"event":"reviewed_pr_activity_cursor_v2_fallback","repo":"openclaw/openclaw","number":321,"from_version":2,"to_version":1,"reason":"graphql_request_failed"}
[review] 2026-08-30T21:42:12.049Z check-state=unavailable #321: Command failed: /home/jules/.nvm/versions/node/v24.20.0/bin/node /tmp/clawsweeper-test-GCxg8O/bin/gh.js api repos/openclaw/openclaw/commits/aaaaaaaaaaaaaaaaaaaaaaaaaaaaaaaaaaaaaaaa/check-runs?per_page=100
unexpected gh args ["api","repos/openclaw/openclaw/commits/aaaaaaaaaaaaaaaaaaaaaaaaaaaaaaaaaaaaaaaa/check-runs?per_page=100"]

[apply] 2026-08-30T21:42:15.348Z finished apply closed=0/10 processed=1/1 counts={"skipped_same_author_pair":1}
[apply] 2026-08-30T21:42:15.869Z starting apply: files=2 dry_run=true apply_kind=all min_age=0 days apply_close_reasons=all stale_min_age_days=60 close_delay_ms=0 sync_comments_only=false suppress_automation_markers=false comment_sync_min_age_days=0 comment_sync_cursor=none max_runtime_ms=0 item_numbers=all reconciliation_deferred=none closed=0/10 processed=0/1 counts={}
{"event":"reviewed_pr_activity_cursor_v2_fallback","repo":"openclaw/openclaw","number":321,"from_version":2,"to_version":1,"reason":"graphql_request_failed"}
[review] 2026-08-30T21:42:16.428Z check-state=unavailable #321: Command failed: /home/jules/.nvm/versions/node/v24.20.0/bin/node /tmp/clawsweeper-test-OAjbHL/bin/gh.js api repos/openclaw/openclaw/commits/head-sha/check-runs?per_page=100
unexpected gh args ["api","repos/openclaw/openclaw/commits/head-sha/check-runs?per_page=100"]

[apply] 2026-08-30T21:42:18.015Z finished apply closed=0/10 processed=1/1 counts={"skipped_same_author_pair":1}
[apply] 2026-08-30T21:42:18.495Z starting apply: files=2 dry_run=true apply_kind=all min_age=0 days apply_close_reasons=duplicate_or_superseded stale_min_age_days=60 close_delay_ms=0 sync_comments_only=false suppress_automation_markers=false comment_sync_min_age_days=0 comment_sync_cursor=none max_runtime_ms=0 item_numbers=all reconciliation_deferred=none closed=0/10 processed=0/1 counts={}
{"event":"reviewed_pr_activity_cursor_v2_fallback","repo":"openclaw/openclaw","number":321,"from_version":2,"to_version":1,"reason":"graphql_request_failed"}
[review] 2026-08-30T21:42:19.034Z check-state=unavailable #321: Command failed: /home/jules/.nvm/versions/node/v24.20.0/bin/node /tmp/clawsweeper-test-NFA4PY/bin/gh.js api repos/openclaw/openclaw/commits/head-sha/check-runs?per_page=100
unexpected gh args ["api","repos/openclaw/openclaw/commits/head-sha/check-runs?per_page=100"]

[apply] 2026-08-30T21:42:20.545Z finished apply closed=0/10 processed=1/1 counts={"skipped_same_author_pair":1}
✔ apply-decisions starts same-author pair closes from the PR side (4704.547165ms)
✔ apply-decisions does not start same-author pair close when PR supersession is unsafe (3177.109535ms)
✔ apply-decisions records PR coverage proof retry before same-author pair skip (8086.253359ms)
✔ apply-decisions discards exact staged labels when a same-author counterpart blocks close (4305.720853ms)
✔ apply-decisions keeps same-author PR blocked when counterpart needs a maintainer decision (2656.114124ms)
✔ apply-decisions keeps same-author PR blocked when counterpart reason is disabled (2550.58974ms)
[apply] 2026-08-30T21:42:13.134Z starting apply: files=1 dry_run=true apply_kind=issue min_age=0 days apply_close_reasons=stale_version_bug stale_min_age_days=60 close_delay_ms=0 sync_comments_only=false suppress_automation_markers=false comment_sync_min_age_days=0 comment_sync_cursor=none max_runtime_ms=0 item_numbers=321 reconciliation_deferred=none closed=0/10 processed=0/1 counts={}
[apply] 2026-08-30T21:42:13.676Z finished apply closed=0/10 processed=1/1 counts={"kept_open":1}
[apply] 2026-08-30T21:42:14.149Z starting apply: files=1 dry_run=true apply_kind=issue min_age=0 days apply_close_reasons=stale_version_bug stale_min_age_days=60 close_delay_ms=0 sync_comments_only=false suppress_automation_markers=false comment_sync_min_age_days=0 comment_sync_cursor=none max_runtime_ms=0 item_numbers=321 reconciliation_deferred=none closed=0/10 processed=0/1 counts={}
[apply] 2026-08-30T21:42:15.533Z closing #321 closed=0/10 processed=0/1 counts={}
[apply] 2026-08-30T21:42:15.533Z would close #321 closed=1/10 processed=1/1 counts={"closed":1}
[apply] 2026-08-30T21:42:15.536Z finished apply closed=1/10 processed=1/1 counts={"closed":1}
[apply] 2026-08-30T21:42:16.018Z starting apply: files=1 dry_run=true apply_kind=issue min_age=0 days apply_close_reasons=stale_version_bug stale_min_age_days=60 close_delay_ms=0 sync_comments_only=false suppress_automation_markers=false comment_sync_min_age_days=0 comment_sync_cursor=none max_runtime_ms=0 item_numbers=321 reconciliation_deferred=none closed=0/10 processed=0/1 counts={}
[apply] 2026-08-30T21:42:16.603Z finished apply closed=0/10 processed=1/1 counts={"kept_open":1}
[apply] 2026-08-30T21:42:17.057Z starting apply: files=1 dry_run=true apply_kind=issue min_age=0 days apply_close_reasons=stale_version_bug stale_min_age_days=60 close_delay_ms=0 sync_comments_only=false suppress_automation_markers=false comment_sync_min_age_days=0 comment_sync_cursor=none max_runtime_ms=0 item_numbers=321 reconciliation_deferred=none closed=0/10 processed=0/1 counts={}
[apply] 2026-08-30T21:42:17.596Z finished apply closed=0/10 processed=1/1 counts={"kept_open":1}
[apply] 2026-08-30T21:42:18.044Z starting apply: files=1 dry_run=true apply_kind=issue min_age=0 days apply_close_reasons=stale_version_bug stale_min_age_days=60 close_delay_ms=0 sync_comments_only=false suppress_automation_markers=false comment_sync_min_age_days=0 comment_sync_cursor=none max_runtime_ms=0 item_numbers=321 reconciliation_deferred=none closed=0/10 processed=0/1 counts={}
[apply] 2026-08-30T21:42:18.603Z finished apply closed=0/10 processed=1/1 counts={"kept_open":1}
[apply] 2026-08-30T21:42:19.040Z starting apply: files=1 dry_run=true apply_kind=issue min_age=0 days apply_close_reasons=stale_version_bug stale_min_age_days=60 close_delay_ms=0 sync_comments_only=false suppress_automation_markers=false comment_sync_min_age_days=0 comment_sync_cursor=none max_runtime_ms=0 item_numbers=321 reconciliation_deferred=none closed=0/10 processed=0/1 counts={}
[apply] 2026-08-30T21:42:19.613Z finished apply closed=0/10 processed=1/1 counts={"kept_open":1}
[apply] 2026-08-30T21:42:20.052Z starting apply: files=1 dry_run=true apply_kind=issue min_age=0 days apply_close_reasons=stale_version_bug stale_min_age_days=60 close_delay_ms=0 sync_comments_only=false suppress_automation_markers=false comment_sync_min_age_days=0 comment_sync_cursor=none max_runtime_ms=0 item_numbers=321 reconciliation_deferred=none closed=0/10 processed=0/1 counts={}
[apply] 2026-08-30T21:42:20.590Z finished apply closed=0/10 processed=1/1 counts={"kept_open":1}
[apply] 2026-08-30T21:42:21.064Z starting apply: files=1 dry_run=true apply_kind=issue min_age=0 days apply_close_reasons=stale_version_bug stale_min_age_days=60 close_delay_ms=0 sync_comments_only=false suppress_automation_markers=false comment_sync_min_age_days=0 comment_sync_cursor=none max_runtime_ms=0 item_numbers=321 reconciliation_deferred=none closed=0/10 processed=0/1 counts={}
[apply] 2026-08-30T21:42:21.628Z finished apply closed=0/10 processed=1/1 counts={"kept_open":1}
[apply] 2026-08-30T21:42:22.067Z starting apply: files=1 dry_run=true apply_kind=issue min_age=0 days apply_close_reasons=stale_version_bug stale_min_age_days=60 close_delay_ms=0 sync_comments_only=false suppress_automation_markers=false comment_sync_min_age_days=0 comment_sync_cursor=none max_runtime_ms=0 item_numbers=321 reconciliation_deferred=none closed=0/10 processed=0/1 counts={}
[apply] 2026-08-30T21:42:22.643Z finished apply closed=0/10 processed=1/1 counts={"kept_open":1}
[apply] 2026-08-30T21:42:23.065Z starting apply: files=1 dry_run=true apply_kind=issue min_age=0 days apply_close_reasons=stale_version_bug stale_min_age_days=60 close_delay_ms=0 sync_comments_only=false suppress_automation_markers=false comment_sync_min_age_days=0 comment_sync_cursor=none max_runtime_ms=0 item_numbers=321 reconciliation_deferred=none closed=0/10 processed=0/1 counts={}
[apply] 2026-08-30T21:42:23.616Z finished apply closed=0/10 processed=1/1 counts={"kept_open":1}
[apply] 2026-08-30T21:42:24.070Z starting apply: files=1 dry_run=true apply_kind=issue min_age=0 days apply_close_reasons=stale_version_bug stale_min_age_days=60 close_delay_ms=0 sync_comments_only=false suppress_automation_markers=false comment_sync_min_age_days=0 comment_sync_cursor=none max_runtime_ms=0 item_numbers=321 reconciliation_deferred=none closed=0/10 processed=0/1 counts={}
[apply] 2026-08-30T21:42:24.622Z finished apply closed=0/10 processed=1/1 counts={"kept_open":1}
[apply] 2026-08-30T21:42:25.043Z starting apply: files=1 dry_run=true apply_kind=issue min_age=0 days apply_close_reasons=stale_version_bug stale_min_age_days=60 close_delay_ms=0 sync_comments_only=false suppress_automation_markers=false comment_sync_min_age_days=0 comment_sync_cursor=none max_runtime_ms=0 item_numbers=321 reconciliation_deferred=none closed=0/10 processed=0/1 counts={}
[apply] 2026-08-30T21:42:25.612Z finished apply closed=0/10 processed=1/1 counts={"kept_open":1}
✔ stale-version bug apply is default-off (1033.741736ms)
✔ stale-version bug apply closes an old inactive report (1839.715538ms)
✔ stale-version bug apply blocks assignee (1058.358327ms)
✔ stale-version bug apply blocks milestone (1001.498087ms)
✔ stale-version bug apply blocks reactions (1000.911341ms)
✔ stale-version bug apply blocks missing reaction count (1008.34358ms)
✔ stale-version bug apply blocks live age (991.849142ms)
✔ stale-version bug apply blocks security label (1023.701791ms)
✔ stale-version bug apply blocks protected label (1015.003104ms)
✔ stale-version bug apply blocks linked PR (987.359351ms)
✔ stale-version bug apply blocks maintainer comment (993.062986ms)
✔ stale-version bug apply blocks recent human comment (996.601458ms)
[apply] 2026-08-30T21:42:18.601Z starting apply: files=1 dry_run=true apply_kind=pull_request min_age=0 days apply_close_reasons=all stale_min_age_days=60 close_delay_ms=0 sync_comments_only=false suppress_automation_markers=false comment_sync_min_age_days=0 comment_sync_cursor=none max_runtime_ms=0 item_numbers=321 reconciliation_deferred=none closed=0/10 processed=0/1 counts={}
{"event":"reviewed_pr_activity_cursor_v2_fallback","repo":"openclaw/openclaw","number":321,"from_version":2,"to_version":1,"reason":"graphql_request_failed"}
[apply] 2026-08-30T21:42:21.952Z closing #321 closed=0/10 processed=0/1 counts={}
[apply] 2026-08-30T21:42:22.048Z would close #321 closed=1/10 processed=1/1 counts={"closed":1}
[apply] 2026-08-30T21:42:22.052Z finished apply closed=1/10 processed=1/1 counts={"closed":1}
[apply] 2026-08-30T21:42:22.548Z starting apply: files=1 dry_run=true apply_kind=pull_request min_age=0 days apply_close_reasons=all stale_min_age_days=60 close_delay_ms=0 sync_comments_only=false suppress_automation_markers=false comment_sync_min_age_days=0 comment_sync_cursor=none max_runtime_ms=0 item_numbers=321 reconciliation_deferred=none closed=0/10 processed=0/1 counts={}
{"event":"reviewed_pr_activity_cursor_v2_fallback","repo":"openclaw/openclaw","number":321,"from_version":2,"to_version":1,"reason":"graphql_request_failed"}
[apply] 2026-08-30T21:42:24.047Z finished apply closed=0/10 processed=1/1 counts={"kept_open":1}
[apply] 2026-08-30T21:42:24.503Z starting apply: files=1 dry_run=true apply_kind=pull_request min_age=0 days apply_close_reasons=all stale_min_age_days=60 close_delay_ms=0 sync_comments_only=false suppress_automation_markers=false comment_sync_min_age_days=0 comment_sync_cursor=none max_runtime_ms=0 item_numbers=321 reconciliation_deferred=none closed=0/10 processed=0/1 counts={}
{"event":"reviewed_pr_activity_cursor_v2_fallback","repo":"openclaw/openclaw","number":321,"from_version":2,"to_version":1,"reason":"graphql_request_failed"}
[apply] 2026-08-30T21:42:25.884Z finished apply closed=0/10 processed=1/1 counts={"kept_open":1}
[apply] 2026-08-30T21:42:26.328Z starting apply: files=1 dry_run=true apply_kind=pull_request min_age=0 days apply_close_reasons=all stale_min_age_days=60 close_delay_ms=0 sync_comments_only=false suppress_automation_markers=false comment_sync_min_age_days=0 comment_sync_cursor=none max_runtime_ms=0 item_numbers=321 reconciliation_deferred=none closed=0/10 processed=0/1 counts={}
{"event":"reviewed_pr_activity_cursor_v2_fallback","repo":"openclaw/openclaw","number":321,"from_version":2,"to_version":1,"reason":"graphql_request_failed"}
[apply] 2026-08-30T21:42:28.454Z finished apply closed=0/10 processed=1/1 counts={"kept_open":1}
[apply] 2026-08-30T21:42:28.913Z starting apply: files=1 dry_run=true apply_kind=pull_request min_age=0 days apply_close_reasons=all stale_min_age_days=60 close_delay_ms=0 sync_comments_only=false suppress_automation_markers=false comment_sync_min_age_days=0 comment_sync_cursor=none max_runtime_ms=0 item_numbers=321 reconciliation_deferred=none closed=0/10 processed=0/1 counts={}
{"event":"reviewed_pr_activity_cursor_v2_fallback","repo":"openclaw/openclaw","number":321,"from_version":2,"to_version":1,"reason":"graphql_request_failed"}
[apply] 2026-08-30T21:42:32.343Z closing #321 closed=0/10 processed=0/1 counts={}
[apply] 2026-08-30T21:42:32.422Z would close #321 closed=1/10 processed=1/1 counts={"closed":1}
[apply] 2026-08-30T21:42:32.431Z finished apply closed=1/10 processed=1/1 counts={"closed":1}
[apply] 2026-08-30T21:42:32.902Z starting apply: files=1 dry_run=true apply_kind=pull_request min_age=0 days apply_close_reasons=all stale_min_age_days=60 close_delay_ms=0 sync_comments_only=false suppress_automation_markers=false comment_sync_min_age_days=0 comment_sync_cursor=none max_runtime_ms=0 item_numbers=321 reconciliation_deferred=none closed=0/10 processed=0/1 counts={}
{"event":"reviewed_pr_activity_cursor_v2_fallback","repo":"openclaw/openclaw","number":321,"from_version":2,"to_version":1,"reason":"graphql_request_failed"}
[apply] 2026-08-30T21:42:34.402Z finished apply closed=0/10 processed=1/1 counts={"kept_open":1}
[apply] 2026-08-30T21:42:34.840Z starting apply: files=1 dry_run=true apply_kind=pull_request min_age=0 days apply_close_reasons=all stale_min_age_days=60 close_delay_ms=0 sync_comments_only=false suppress_automation_markers=false comment_sync_min_age_days=0 comment_sync_cursor=none max_runtime_ms=0 item_numbers=321 reconciliation_deferred=none closed=0/10 processed=0/1 counts={}
{"event":"reviewed_pr_activity_cursor_v2_fallback","repo":"openclaw/openclaw","number":321,"from_version":2,"to_version":1,"reason":"graphql_request_failed"}
[apply] 2026-08-30T21:42:36.335Z finished apply closed=0/10 processed=1/1 counts={"kept_open":1}
[apply] 2026-08-30T21:42:36.764Z starting apply: files=1 dry_run=true apply_kind=pull_request min_age=0 days apply_close_reasons=all stale_min_age_days=60 close_delay_ms=0 sync_comments_only=false suppress_automation_markers=false comment_sync_min_age_days=0 comment_sync_cursor=none max_runtime_ms=0 item_numbers=321 reconciliation_deferred=none closed=0/10 processed=0/1 counts={}
{"event":"reviewed_pr_activity_cursor_v2_fallback","repo":"openclaw/openclaw","number":321,"from_version":2,"to_version":1,"reason":"graphql_request_failed"}
[apply] 2026-08-30T21:42:38.163Z finished apply closed=0/10 processed=1/1 counts={"kept_open":1}
[apply] 2026-08-30T21:42:38.568Z starting apply: files=1 dry_run=true apply_kind=pull_request min_age=0 days apply_close_reasons=all stale_min_age_days=60 close_delay_ms=0 sync_comments_only=false suppress_automation_markers=false comment_sync_min_age_days=0 comment_sync_cursor=none max_runtime_ms=0 item_numbers=321 reconciliation_deferred=none closed=0/10 processed=0/1 counts={}
{"event":"reviewed_pr_activity_cursor_v2_fallback","repo":"openclaw/openclaw","number":321,"from_version":2,"to_version":1,"reason":"graphql_request_failed"}
[apply] 2026-08-30T21:42:39.696Z finished apply closed=0/10 processed=1/1 counts={"kept_open":1}
[apply] 2026-08-30T21:42:40.210Z starting apply: files=1 dry_run=true apply_kind=pull_request min_age=0 days apply_close_reasons=all stale_min_age_days=60 close_delay_ms=0 sync_comments_only=false suppress_automation_markers=false comment_sync_min_age_days=0 comment_sync_cursor=none max_runtime_ms=0 item_numbers=321 reconciliation_deferred=none closed=0/10 processed=0/1 counts={}
{"event":"reviewed_pr_activity_cursor_v2_fallback","repo":"openclaw/openclaw","number":321,"from_version":2,"to_version":1,"reason":"graphql_request_failed"}
[apply] 2026-08-30T21:42:41.781Z finished apply closed=0/10 processed=1/1 counts={"kept_open":1}
[apply] 2026-08-30T21:42:42.166Z starting apply: files=1 dry_run=true apply_kind=pull_request min_age=0 days apply_close_reasons=all stale_min_age_days=60 close_delay_ms=0 sync_comments_only=false suppress_automation_markers=false comment_sync_min_age_days=0 comment_sync_cursor=none max_runtime_ms=0 item_numbers=321 reconciliation_deferred=none closed=0/10 processed=0/1 counts={}
{"event":"reviewed_pr_activity_cursor_v2_fallback","repo":"openclaw/openclaw","number":321,"from_version":2,"to_version":1,"reason":"graphql_request_failed"}
[apply] 2026-08-30T21:42:43.670Z finished apply closed=0/10 processed=1/1 counts={"kept_open":1}
[apply] 2026-08-30T21:42:44.072Z starting apply: files=1 dry_run=true apply_kind=pull_request min_age=0 days apply_close_reasons=all stale_min_age_days=60 close_delay_ms=0 sync_comments_only=false suppress_automation_markers=false comment_sync_min_age_days=0 comment_sync_cursor=none max_runtime_ms=0 item_numbers=321 reconciliation_deferred=none closed=0/10 processed=0/1 counts={}
{"event":"reviewed_pr_activity_cursor_v2_fallback","repo":"openclaw/openclaw","number":321,"from_version":2,"to_version":1,"reason":"graphql_request_failed"}
[apply] 2026-08-30T21:42:47.440Z closing #321 closed=0/10 processed=0/1 counts={}
[apply] 2026-08-30T21:42:47.524Z would close #321 closed=1/10 processed=1/1 counts={"closed":1}
[apply] 2026-08-30T21:42:47.532Z finished apply closed=1/10 processed=1/1 counts={"closed":1}
[apply] 2026-08-30T21:42:47.990Z starting apply: files=1 dry_run=true apply_kind=pull_request min_age=0 days apply_close_reasons=all stale_min_age_days=60 close_delay_ms=0 sync_comments_only=false suppress_automation_markers=false comment_sync_min_age_days=0 comment_sync_cursor=none max_runtime_ms=0 item_numbers=321 reconciliation_deferred=none closed=0/10 processed=0/1 counts={}
{"event":"reviewed_pr_activity_cursor_v2_fallback","repo":"openclaw/openclaw","number":321,"from_version":2,"to_version":1,"reason":"graphql_request_failed"}
[apply] 2026-08-30T21:42:49.401Z finished apply closed=0/10 processed=1/1 counts={"kept_open":1}
[apply] 2026-08-30T21:42:49.821Z starting apply: files=1 dry_run=true apply_kind=pull_request min_age=0 days apply_close_reasons=all stale_min_age_days=60 close_delay_ms=0 sync_comments_only=false suppress_automation_markers=false comment_sync_min_age_days=0 comment_sync_cursor=none max_runtime_ms=0 item_numbers=321 reconciliation_deferred=none closed=0/10 processed=0/1 counts={}
{"event":"reviewed_pr_activity_cursor_v2_fallback","repo":"openclaw/openclaw","number":321,"from_version":2,"to_version":1,"reason":"graphql_request_failed"}
[apply] 2026-08-30T21:42:51.171Z finished apply closed=0/10 processed=1/1 counts={"kept_open":1}
[apply] 2026-08-30T21:42:51.599Z starting apply: files=1 dry_run=true apply_kind=pull_request min_age=0 days apply_close_reasons=all stale_min_age_days=60 close_delay_ms=0 sync_comments_only=false suppress_automation_markers=false comment_sync_min_age_days=0 comment_sync_cursor=none max_runtime_ms=0 item_numbers=321 reconciliation_deferred=none closed=0/10 processed=0/1 counts={}
{"event":"reviewed_pr_activity_cursor_v2_fallback","repo":"openclaw/openclaw","number":321,"from_version":2,"to_version":1,"reason":"graphql_request_failed"}
[apply] 2026-08-30T21:42:54.934Z closing #321 closed=0/10 processed=0/1 counts={}
[apply] 2026-08-30T21:42:55.018Z would close #321 closed=1/10 processed=1/1 counts={"closed":1}
[apply] 2026-08-30T21:42:55.022Z finished apply closed=1/10 processed=1/1 counts={"closed":1}
[apply] 2026-08-30T21:42:55.518Z starting apply: files=1 dry_run=true apply_kind=pull_request min_age=0 days apply_close_reasons=all stale_min_age_days=60 close_delay_ms=0 sync_comments_only=false suppress_automation_markers=false comment_sync_min_age_days=0 comment_sync_cursor=none max_runtime_ms=0 item_numbers=321 reconciliation_deferred=none closed=0/10 processed=0/1 counts={}
{"event":"reviewed_pr_activity_cursor_v2_fallback","repo":"openclaw/openclaw","number":321,"from_version":2,"to_version":1,"reason":"graphql_request_failed"}
[apply] 2026-08-30T21:42:57.177Z finished apply closed=0/10 processed=1/1 counts={"kept_open":1}
✔ apply dry-run closes an idle unproven low-rated PR (3939.492854ms)
✔ stalled-unproven apply keeps a draft PR open for the abandoned policy (1980.792406ms)
✔ stalled-unproven apply keeps a reused old head SHA open after fresh source activity (1825.74201ms)
✔ stalled-unproven apply keeps a reused old head SHA open after a force push (2578.236934ms)
✔ stalled-unproven apply ignores later check reruns after old source activity (3985.359401ms)
✔ stalled-unproven apply keeps a PR open without a source workflow run (1958.182178ms)
✔ stalled-unproven apply ignores a source run for another PR sharing the head SHA (1921.792793ms)
✔ stalled-unproven apply ignores a same-branch source run from before this PR opened (1822.628354ms)
✔ stalled-unproven apply keeps a PR open when the proof request is too fresh (1538.142973ms)
✔ stalled-unproven apply keeps a PR open when a maintainer commented (2080.336276ms)
✔ public publication reads cannot hide maintainer identity from destructive close guards (1893.978203ms)
✔ apply dry-run closes an abandoned PR with failing checks (3874.578314ms)
✔ abandoned apply keeps a PR open when source activity is recent (1850.379964ms)
✔ abandoned apply keeps a live healthy PR open (1778.492846ms)
✔ abandoned apply treats a merge-conflicted head as stalled (3873.483119ms)
✔ abandoned apply keeps unknown mergeability open when no other stalled state exists (2142.537218ms)
[apply] 2026-08-30T21:42:21.582Z starting apply: files=1 dry_run=true apply_kind=issue min_age=0 days apply_close_reasons=all stale_min_age_days=60 close_delay_ms=0 sync_comments_only=false suppress_automation_markers=false comment_sync_min_age_days=0 comment_sync_cursor=none max_runtime_ms=0 item_numbers=321 reconciliation_deferred=none closed=0/10 processed=0/1 counts={}
[apply] 2026-08-30T21:42:22.153Z finished apply closed=0/10 processed=1/1 counts={"kept_open":1}
[apply] 2026-08-30T21:42:22.609Z starting apply: files=1 dry_run=true apply_kind=issue min_age=0 days apply_close_reasons=all stale_min_age_days=60 close_delay_ms=0 sync_comments_only=false suppress_automation_markers=false comment_sync_min_age_days=0 comment_sync_cursor=none max_runtime_ms=0 item_numbers=321 reconciliation_deferred=none closed=0/10 processed=0/1 counts={}
[apply] 2026-08-30T21:42:23.973Z closing #321 closed=0/10 processed=0/1 counts={}
[apply] 2026-08-30T21:42:23.975Z would close #321 closed=1/10 processed=1/1 counts={"closed":1}
[apply] 2026-08-30T21:42:23.980Z finished apply closed=1/10 processed=1/1 counts={"closed":1}
[apply] 2026-08-30T21:42:24.432Z starting apply: files=1 dry_run=true apply_kind=issue min_age=0 days apply_close_reasons=all stale_min_age_days=60 close_delay_ms=0 sync_comments_only=false suppress_automation_markers=false comment_sync_min_age_days=0 comment_sync_cursor=none max_runtime_ms=0 item_numbers=321 reconciliation_deferred=none closed=0/10 processed=0/1 counts={}
[apply] 2026-08-30T21:42:25.040Z finished apply closed=0/10 processed=1/1 counts={"kept_open":1}
[apply] 2026-08-30T21:42:25.479Z starting apply: files=1 dry_run=true apply_kind=issue min_age=0 days apply_close_reasons=all stale_min_age_days=60 close_delay_ms=0 sync_comments_only=false suppress_automation_markers=false comment_sync_min_age_days=0 comment_sync_cursor=none max_runtime_ms=0 item_numbers=321 reconciliation_deferred=none closed=0/10 processed=0/1 counts={}
[apply] 2026-08-30T21:42:26.144Z finished apply closed=0/10 processed=1/1 counts={"kept_open":1}
[apply] 2026-08-30T21:42:26.593Z starting apply: files=1 dry_run=true apply_kind=issue min_age=0 days apply_close_reasons=all stale_min_age_days=60 close_delay_ms=0 sync_comments_only=false suppress_automation_markers=false comment_sync_min_age_days=0 comment_sync_cursor=none max_runtime_ms=0 item_numbers=321 reconciliation_deferred=none closed=0/10 processed=0/1 counts={}
[apply] 2026-08-30T21:42:27.167Z finished apply closed=0/10 processed=1/1 counts={"kept_open":1}
[apply] 2026-08-30T21:42:27.935Z starting apply: files=1 dry_run=false apply_kind=issue min_age=0 days apply_close_reasons=all stale_min_age_days=60 close_delay_ms=0 sync_comments_only=false suppress_automation_markers=false comment_sync_min_age_days=0 comment_sync_cursor=none max_runtime_ms=0 item_numbers=321 reconciliation_deferred=none closed=0/10 processed=0/1 counts={}
[apply] 2026-08-30T21:42:29.565Z closing #321 closed=0/10 processed=0/1 counts={}
[apply] 2026-08-30T21:42:29.809Z closed #321 closed=1/10 processed=1/1 counts={"closed":1}
[apply] 2026-08-30T21:42:29.812Z finished apply closed=1/10 processed=1/1 counts={"closed":1}
[apply] 2026-08-30T21:42:30.260Z starting apply: files=1 dry_run=false apply_kind=issue min_age=0 days apply_close_reasons=all stale_min_age_days=60 close_delay_ms=0 sync_comments_only=false suppress_automation_markers=false comment_sync_min_age_days=0 comment_sync_cursor=none max_runtime_ms=0 item_numbers=321 reconciliation_deferred=none closed=0/10 processed=0/1 counts={}
[apply] 2026-08-30T21:42:31.677Z closing #321 closed=0/10 processed=0/1 counts={}
[apply] 2026-08-30T21:42:31.939Z failed apply closed=0/10 processed=0/1 counts={}
Error: Command failed: /home/jules/.nvm/versions/node/v24.20.0/bin/node /tmp/clawsweeper-test-i9wM8B/bin/gh.js api repos/openclaw/openclaw/issues/321 --method PATCH --input /app/.artifacts/close-321.json
indeterminate close outcome

    at genericNodeError (node:internal/errors:986:15)
    at wrappedFn (node:internal/errors:540:14)
    at checkExecSyncError (node:child_process:942:11)
    at execFileSync (node:child_process:978:15)
    at runText (file:///app/dist/command.js:21:16)
    at run (file:///app/dist/clawsweeper-runtime.js:146:12)
    at ghWithPreparedTimeout (file:///app/dist/clawsweeper-github-runtime.js:301:28)
    at Object.operation (file:///app/dist/clawsweeper-github-execution.js:111:39)
    at dependencies.activeApplyMutationRunner (file:///app/dist/clawsweeper-apply-decision-workflow.js:433:48)
    at runObservedApplyMutation (file:///app/dist/clawsweeper-github-execution.js:85:20)
[apply] 2026-08-30T21:42:32.348Z starting apply: files=1 dry_run=true apply_kind=issue min_age=0 days apply_close_reasons=all stale_min_age_days=60 close_delay_ms=0 sync_comments_only=false suppress_automation_markers=false comment_sync_min_age_days=0 comment_sync_cursor=none max_runtime_ms=0 item_numbers=321 reconciliation_deferred=none closed=0/10 processed=0/1 counts={}
[apply] 2026-08-30T21:42:32.974Z finished apply closed=0/10 processed=1/1 counts={"kept_open":1}
[apply] 2026-08-30T21:42:33.450Z starting apply: files=1 dry_run=true apply_kind=issue min_age=0 days apply_close_reasons=all stale_min_age_days=60 close_delay_ms=0 sync_comments_only=false suppress_automation_markers=false comment_sync_min_age_days=0 comment_sync_cursor=none max_runtime_ms=0 item_numbers=321 reconciliation_deferred=none closed=0/10 processed=0/1 counts={}
[apply] 2026-08-30T21:42:34.918Z closing #321 closed=0/10 processed=0/1 counts={}
[apply] 2026-08-30T21:42:34.919Z would close #321 closed=1/10 processed=1/1 counts={"closed":1}
[apply] 2026-08-30T21:42:34.923Z finished apply closed=1/10 processed=1/1 counts={"closed":1}
✔ unsponsored feature apply gate is default-off without consuming the proposal (1033.635482ms)
✔ unsponsored feature apply accepts an old inactive unsponsored issue (1818.829147ms)
✔ unsponsored feature apply blocks a recent human comment (1043.136165ms)
✔ unsponsored feature apply blocks any live security-ish label (1131.047296ms)
✔ unsponsored feature apply blocks issues already at the revival reaction threshold (999.866337ms)
✔ unsponsored feature close parks the issue with archive label and revival contract (2651.907738ms)
✔ unsponsored feature close keeps the archive label after an uncertain close (2106.313533ms)
✔ stale-insufficient-info apply blocks a recent non-bot comment (1062.902781ms)
✔ stale-insufficient-info apply allows old bot-only comment history (1934.806928ms)
{"generated":true,"posted":false,"artifact":"/tmp/clawsweeper-assist-prompt-g9rMcR/assist-result.json","idempotency_key":"c8d3a635f6149ff3e41a3a8635bb3887a9467228b87541ec396d007e5840f84e","mode":"assist","item":42,"model":"internal","reasoningEffort":"high"}
✔ assist generation clean leaves no diagnostic prompt copy (263.950372ms)
✔ assist generation finding leaves no diagnostic prompt copy (104.517877ms)
✔ assist artifacts bind workflow, request, target revision, and source comment (7.787055ms)
✔ assist artifact validation rejects stale or redirected publication (1.296627ms)
✔ assist retry identity stays stable across live context revisions (0.913899ms)
✔ assist artifact validation rejects hostile shape, markers, and oversized output (2.994306ms)
✔ assist workflow isolates Codex generation from the fresh write-token publisher (1.400317ms)
✔ audit dashboard markers remain flush and recoverable after modularization (39.248743ms)
✔ extracted dashboard preserves flush Markdown headings, tables, and embedded audit state (2.411207ms)
✔ fake GitHub serializes concurrent state updates (838.937653ms)
✔ automerge tool fixtures require a fresh scan of each fake model prompt (537.523052ms)
✔ reconcile CLI documents JSON output and explicit exit codes (355.907671ms)
✔ success denominator includes only terminal sessions (2.953367ms)
✔ the first terminal outcome remains authoritative (0.525844ms)
✔ empty buckets are gaps and populated buckets under five are low sample (0.493011ms)
✔ a terminal event exactly at the range end belongs to the final bucket (0.373798ms)
✔ range configuration and policy filters are applied (3.548209ms)
✔ nearest-rank p90 preserves a long-tail latency (0.181032ms)
✔ base sync distribution exposes repeated main chasing (4.021217ms)
✔ reactivation creates a new stable session and ingest failure is non-fatal (1.266535ms)
✔ batched stop commands bind to the preceding activation, not a future reactivation (0.63786ms)
✔ best-effort ingest has a bounded deadline even when fetch never settles (24.027593ms)
✔ reconciliation retries a lost terminal delivery with a stable merged event (73.412535ms)
✔ reconciliation caps active-session and GitHub reads (2.137429ms)
✔ active-only metric sessions are bounded and oldest first (0.480194ms)
✔ open PR with failure repair run becomes repair_failed (2.225362ms)
✔ open PR with timed_out repair run becomes repair_failed (1.034497ms)
✔ open PR with action_required repair run becomes repair_failed (2.206387ms)
✔ failed workflow reports immediately while its GitHub run is still finalizing (0.971012ms)
✔ completed GitHub run conclusion overrides an early workflow failure report (0.831335ms)
✔ scheduled reconciliation preserves sessions whose failed run requeued successfully (1.232466ms)
✔ competing terminal outcomes keep distinct event identities (1.547131ms)
✔ repair run in_progress/none stays active (0.979816ms)
✔ repair run completed/success stays active (0.714039ms)
✔ repair run completed/cancelled stays active (0.737174ms)
✔ repair run completed/neutral stays active (0.49287ms)
✔ repair run completed/skipped stays active (0.827113ms)
✔ merged and closed PR state takes priority without reading a failed run (1.200642ms)
✔ invalid and external repair run URLs are conservative skips (0.978348ms)
✔ repair workflow repository and identity must match (1.224528ms)
✔ seven-day lookback includes legacy failed sessions and exact-session filtering (1.007728ms)
✔ merged plus repair_failed produces a 50 percent terminal success rate (0.414914ms)
✔ router concurrency groups isolate exact workflow handoffs only (1.855589ms)
✔ workflow scheduler keeps one running and replaces one pending run per group (2.18717ms)
✔ workflow scheduler isolates concurrency groups and records cancellation (0.657534ms)
✔ production trace reproduces the old loss and preserves both item-scoped verdicts (1.429059ms)
✔ bulk-filer defaults and positive env overrides are bounded (3.143726ms)
✔ bulk-filer detection includes the threshold boundary and leaves labeling to publication (2.696991ms)
✔ bulk-filer policy exempts only owners and members (0.429363ms)
✔ bulk-filer detection caches counts, fails open, and respects an existing label (0.523322ms)
✔ review-start comments stay neutral when a bulk filer is detected (1.107378ms)
✔ the publisher applies a detected bulk-filer label only for non-exempt authors (0.78344ms)
✔ cached reports refresh the bulk-filer handoff, including legacy reports (0.680787ms)
✔ a newly exempt maintainer bypasses a cached bulk-filer review (1.095114ms)
✔ hydrate-state has no records or ledger git fallback (1.899669ms)
✔ setup-state checks out only remaining git-backed operational paths (47.851261ms)
✔ canonical record operations retain snapshot only (7.443639ms)
✔ dashboard strict accepts the full baseline (2.156406ms)
✔ dashboard strict rejects a missing baseline file and names it (1.412252ms)
✔ dashboard strict accepts the baseline plus a new file (0.512506ms)
✔ dashboard strict requires new files to extend the baseline (0.401857ms)
✔ accepts synchronized documentation references (71.158406ms)
✔ reports unclassified and multiply classified documentation pages (38.742303ms)
✔ reports operational health documentation drift (25.350426ms)
✔ reports documented operational health fields missing from the runtime type (23.055937ms)
✔ accepts the full URI scheme syntax for external links (14.484844ms)
✔ reports wrong-case links and missing anchors (16.227403ms)
✔ reports multiline links and unused definitions at their source lines (20.995376ms)
✔ does not create Setext anchors from non-paragraph blocks (13.220328ms)
✔ reports wrong-case reference definitions and encoded missing targets (13.37231ms)
✔ resumes link validation after a closed code fence (11.281826ms)
✔ preserves UTF-16 offsets around inline code (13.34211ms)
✔ reports nonexistent scripts, workflows, and repository paths (21.652419ms)
✔ keeps pnpm lifecycle aliases subject to script validation (13.119168ms)
✔ does not accept unrelated untracked files as repository paths (39.188761ms)
✔ reports config-derived prose that no longer matches its source (19.673226ms)
✔ reports public observer route and operator configuration drift (21.014893ms)
✔ reports observer route method drift (20.076946ms)
✔ reports API table routes missing from the checked inventory (17.815488ms)
✔ rejects identical duplicate observer-route rows (26.655546ms)
✔ rejects conflicting duplicate observer-route rows (27.582543ms)
✔ requires each documented observer method on its route row (21.088738ms)
✔ reads multiline observer method guards in either condition order (16.915325ms)
✔ ignores observer-like text outside executable route conditions (16.587287ms)
✔ preserves multiple method guards for one observer route (27.61334ms)
✔ preserves multiple method guards in one observer condition (25.934355ms)
✔ inventories multiple observer routes in one condition (17.044098ms)
✔ preserves route-specific methods across Boolean branches (21.548243ms)
✔ preserves enclosing method guards for nested observer routes (21.614823ms)
✔ matches workflow secret names exactly (17.443708ms)
✔ ignores workflow secret names in comments and inert literals (17.896161ms)
✔ checks prompt and agent-skill instruction roots (16.544632ms)
ok
Transient GitHub API failure; retrying gh api test in 2s
✔ primary command success survives best-effort action ledger flush failure (6.614447ms)
✔ primary command failure is not masked by action ledger flush failure (1.289791ms)
✔ explicit action ledger finalization keeps flush failure strict (0.718137ms)
✔ action event import rejects an invalid expected producer run ID (1.677738ms)
✔ action event import rejects an invalid maximum producer run attempt (0.337417ms)
✔ action event import keeps exact and maximum producer attempts mutually exclusive (0.418887ms)
✔ action event import rejects an invalid expected producer SHA (0.640202ms)
✔ review and apply outcome classifiers cover terminal and resumable states (4.391152ms)
✔ failed-review retry events distinguish dispatch, exhaustion, and backpressure (1.756104ms)
✔ action event publication accepts only sorted canonical event and binding paths (1.298761ms)
✔ apply and retry business idempotency ignore batch order but bind source revision (10.341642ms)
✔ lane instrumentation uses stable slots with explicit parent and phase ordering (8.588542ms)
✔ review candidates start lazily and deferred items cannot remain active (2.092593ms)
✔ apply receipts start per item and persist mutation observation before finalization (3.240532ms)
✔ apply mutation receipts bind every GitHub request attempt and preserve no-op truth (8.440539ms)
✔ GitHub throttles abort apply lease checks and preserve durable lease ownership (2.508903ms)
✔ runtime yields bind the active item and terminal Codex failures preserve retryability (0.881735ms)
✔ blocked exact close publication discards staged labels before writing the report (0.58496ms)
✔ retry dispatch outcomes distinguish definite rejection, ambiguity, and acceptance (0.771019ms)
✔ untrusted Codex processes cannot inherit action-ledger producer authority (0.576708ms)
✔ apply failure finalization survives report publication errors (0.438988ms)
✔ apply report publication uses digest evidence without a durable record path (0.35724ms)
✔ retry and review publication lanes finalize unexpected failures (2.401834ms)
✔ sweep publishes complete immutable shards for every review and apply producer (8.713933ms)
✔ comment router publishes immutable command receipts for initial and retry invocations (2.273655ms)
✔ command dispatcher runs synchronous and asynchronous registered handlers (2.975512ms)
✔ command dispatcher rejects unknown commands and inherited object properties (1.069993ms)
✔ command dispatcher preserves a handler failure (0.502992ms)
✔ front matter fields are ambiguous when the same key occurs after the leading block (3.013629ms)
✔ front matter fields preserve current-format, duplicate, and no-block behavior (1.909541ms)
✔ label names containing replacement patterns survive a front matter write (1.13962ms)
✔ front matter keys are matched literally, not as regular expressions (1.513752ms)
✔ trimMiddle keeps small-cap output within the requested length (1.933357ms)
✔ trimMiddle reports a valid removed count for the middle-elision path (0.540279ms)
[apply] 2026-08-30T21:42:34.829Z starting apply: files=1 dry_run=false apply_kind=issue min_age=0 days apply_close_reasons=all stale_min_age_days=60 close_delay_ms=0 sync_comments_only=false suppress_automation_markers=false comment_sync_min_age_days=0 comment_sync_cursor=none max_runtime_ms=0 item_numbers=all reconciliation_deferred=none closed=0/10 processed=0/1 counts={}
[apply] 2026-08-30T21:42:35.519Z finished apply closed=0/10 processed=1/1 counts={"skipped_already_closed":1}
[apply] 2026-08-30T21:42:35.974Z starting apply: files=1 dry_run=false apply_kind=issue min_age=0 days apply_close_reasons=all stale_min_age_days=60 close_delay_ms=0 sync_comments_only=true suppress_automation_markers=false comment_sync_min_age_days=0 comment_sync_cursor=none max_runtime_ms=0 item_numbers=all reconciliation_deferred=none closed=0/10 processed=0/1 counts={}
[apply] 2026-08-30T21:42:36.156Z finished apply closed=0/10 processed=1/1 counts={"skipped_already_closed":1}
[apply] 2026-08-30T21:42:36.607Z starting apply: files=1 dry_run=false apply_kind=issue min_age=0 days apply_close_reasons=all stale_min_age_days=60 close_delay_ms=0 sync_comments_only=false suppress_automation_markers=false comment_sync_min_age_days=0 comment_sync_cursor=none max_runtime_ms=0 item_numbers=all reconciliation_deferred=none closed=0/10 processed=0/1 counts={}
[apply] 2026-08-30T21:42:37.717Z finished apply closed=0/10 processed=1/1 counts={"skipped_protected_label":1}
[apply] 2026-08-30T21:42:38.189Z starting apply: files=1 dry_run=false apply_kind=issue min_age=0 days apply_close_reasons=all stale_min_age_days=60 close_delay_ms=0 sync_comments_only=false suppress_automation_markers=false comment_sync_min_age_days=0 comment_sync_cursor=none max_runtime_ms=0 item_numbers=all reconciliation_deferred=none closed=0/10 processed=0/2 counts={}
[apply] 2026-08-30T21:42:39.094Z finished apply closed=0/10 processed=1/2 counts={"skipped_protected_label":1}
[apply] 2026-08-30T21:42:39.512Z starting apply: files=2 dry_run=false apply_kind=issue min_age=0 days apply_close_reasons=all stale_min_age_days=60 close_delay_ms=0 sync_comments_only=false suppress_automation_markers=false comment_sync_min_age_days=0 comment_sync_cursor=none max_runtime_ms=0 item_numbers=all reconciliation_deferred=none closed=0/10 processed=0/1 counts={}
[apply] 2026-08-30T21:42:39.521Z finished apply closed=0/10 processed=1/1 counts={"kept_open":1}
[apply] 2026-08-30T21:42:39.957Z starting apply: files=2 dry_run=false apply_kind=issue min_age=0 days apply_close_reasons=all stale_min_age_days=60 close_delay_ms=0 sync_comments_only=false suppress_automation_markers=false comment_sync_min_age_days=0 comment_sync_cursor=none max_runtime_ms=0 item_numbers=all reconciliation_deferred=none closed=0/10 processed=0/1 counts={}
[apply] 2026-08-30T21:42:39.974Z finished apply closed=0/10 processed=1/1 counts={"kept_open":1}
[apply] 2026-08-30T21:42:40.615Z starting apply: files=2 dry_run=false apply_kind=issue min_age=0 days apply_close_reasons=all stale_min_age_days=60 close_delay_ms=0 sync_comments_only=false suppress_automation_markers=false comment_sync_min_age_days=0 comment_sync_cursor=none max_runtime_ms=0 item_numbers=all reconciliation_deferred=none closed=0/10 processed=0/1 counts={}
[apply] 2026-08-30T21:42:42.431Z finished apply closed=0/10 processed=0/1 counts={}
[apply] 2026-08-30T21:42:42.852Z starting apply: files=2 dry_run=false apply_kind=issue min_age=0 days apply_close_reasons=all stale_min_age_days=60 close_delay_ms=0 sync_comments_only=false suppress_automation_markers=false comment_sync_min_age_days=0 comment_sync_cursor=none max_runtime_ms=0 item_numbers=all reconciliation_deferred=none closed=0/10 processed=0/1 counts={}
[apply] 2026-08-30T21:42:42.861Z finished apply closed=0/10 processed=1/1 counts={"kept_open":1}
[apply] 2026-08-30T21:42:43.288Z starting apply: files=2 dry_run=false apply_kind=issue min_age=0 days apply_close_reasons=all stale_min_age_days=60 close_delay_ms=0 sync_comments_only=false suppress_automation_markers=false comment_sync_min_age_days=0 comment_sync_cursor=none max_runtime_ms=0 item_numbers=all reconciliation_deferred=none closed=0/10 processed=0/1 counts={}
[apply] 2026-08-30T21:42:43.298Z finished apply closed=0/10 processed=1/1 counts={"kept_open":1}
[apply] 2026-08-30T21:42:43.733Z starting apply: files=2 dry_run=false apply_kind=issue min_age=0 days apply_close_reasons=all stale_min_age_days=60 close_delay_ms=0 sync_comments_only=false suppress_automation_markers=false comment_sync_min_age_days=0 comment_sync_cursor=none max_runtime_ms=0 item_numbers=all reconciliation_deferred=none closed=0/10 processed=0/1 counts={}
[apply] 2026-08-30T21:42:47.115Z finished apply closed=0/10 processed=1/1 counts={"review_comment_synced":1}
[apply] 2026-08-30T21:42:47.587Z starting apply: files=1 dry_run=false apply_kind=issue min_age=0 days apply_close_reasons=all stale_min_age_days=60 close_delay_ms=0 sync_comments_only=false suppress_automation_markers=false comment_sync_min_age_days=0 comment_sync_cursor=none max_runtime_ms=0 item_numbers=all reconciliation_deferred=none closed=0/10 processed=0/1 counts={}
[apply] 2026-08-30T21:43:01.727Z finished apply closed=0/10 processed=1/1 counts={"review_comment_synced":1}
[apply] 2026-08-30T21:43:02.207Z starting apply: files=1 dry_run=true apply_kind=issue min_age=0 days apply_close_reasons=all stale_min_age_days=60 close_delay_ms=0 sync_comments_only=false suppress_automation_markers=false comment_sync_min_age_days=0 comment_sync_cursor=none max_runtime_ms=0 item_numbers=all reconciliation_deferred=none closed=0/10 processed=0/1 counts={}
[apply] 2026-08-30T21:43:03.393Z finished apply closed=0/10 processed=1/1 counts={"kept_open":1}
[apply] 2026-08-30T21:43:03.859Z starting apply: files=1 dry_run=false apply_kind=issue min_age=0 days apply_close_reasons=all stale_min_age_days=60 close_delay_ms=0 sync_comments_only=false suppress_automation_markers=false comment_sync_min_age_days=0 comment_sync_cursor=none max_runtime_ms=0 item_numbers=all reconciliation_deferred=none closed=0/10 processed=0/1 counts={}
[apply] 2026-08-30T21:43:05.067Z finished apply closed=0/10 processed=1/1 counts={"kept_open":1}
[apply] 2026-08-30T21:43:05.621Z starting apply: files=1 dry_run=false apply_kind=pull_request min_age=0 days apply_close_reasons=all stale_min_age_days=60 close_delay_ms=0 sync_comments_only=true suppress_automation_markers=false comment_sync_min_age_days=0 comment_sync_cursor=none max_runtime_ms=0 item_numbers=all reconciliation_deferred=none closed=0/10 processed=0/1 counts={}
{"event":"reviewed_pr_activity_cursor_v2_fallback","repo":"openclaw/openclaw","number":321,"from_version":2,"to_version":1,"reason":"graphql_request_failed"}
[review] 2026-08-30T21:43:06.374Z check-state=unavailable #321: Command failed: /home/jules/.nvm/versions/node/v24.20.0/bin/node /tmp/clawsweeper-test-dNqfA0/bin/gh.js api repos/openclaw/openclaw/commits/old-head/check-runs?per_page=100
unexpected gh args ["api","repos/openclaw/openclaw/commits/old-head/check-runs?per_page=100"]

[apply] 2026-08-30T21:43:06.616Z finished apply closed=0/10 processed=1/1 counts={"skipped_stale_review_comment_sync":1}
[apply] 2026-08-30T21:43:07.106Z starting apply: files=1 dry_run=false apply_kind=pull_request min_age=0 days apply_close_reasons=all stale_min_age_days=60 close_delay_ms=0 sync_comments_only=true suppress_automation_markers=false comment_sync_min_age_days=0 comment_sync_cursor=none max_runtime_ms=0 item_numbers=all reconciliation_deferred=none closed=0/10 processed=0/1 counts={}
{"event":"reviewed_pr_activity_cursor_v2_fallback","repo":"openclaw/openclaw","number":321,"from_version":2,"to_version":1,"reason":"graphql_request_failed"}
[review] 2026-08-30T21:43:07.894Z check-state=unavailable #321: Command failed: /home/jules/.nvm/versions/node/v24.20.0/bin/node /tmp/clawsweeper-test-WHopWG/bin/gh.js api repos/openclaw/openclaw/commits/old-head/check-runs?per_page=100
unexpected gh args ["api","repos/openclaw/openclaw/commits/old-head/check-runs?per_page=100"]

[review] 2026-08-30T21:43:10.308Z check-state=unavailable #321: Command failed: /home/jules/.nvm/versions/node/v24.20.0/bin/node /tmp/clawsweeper-test-WHopWG/bin/gh.js api repos/openclaw/openclaw/commits/old-head/check-runs?per_page=100
unexpected gh args ["api","repos/openclaw/openclaw/commits/old-head/check-runs?per_page=100"]

[review] 2026-08-30T21:43:10.469Z check-state=unavailable #321: Command failed: /home/jules/.nvm/versions/node/v24.20.0/bin/node /tmp/clawsweeper-test-WHopWG/bin/gh.js api repos/openclaw/openclaw/commits/old-head/check-runs?per_page=100
unexpected gh args ["api","repos/openclaw/openclaw/commits/old-head/check-runs?per_page=100"]

[review] 2026-08-30T21:43:12.964Z check-state=unavailable #321: Command failed: /home/jules/.nvm/versions/node/v24.20.0/bin/node /tmp/clawsweeper-test-WHopWG/bin/gh.js api repos/openclaw/openclaw/commits/old-head/check-runs?per_page=100
unexpected gh args ["api","repos/openclaw/openclaw/commits/old-head/check-runs?per_page=100"]

[apply] 2026-08-30T21:43:12.976Z finished apply closed=0/10 processed=1/1 counts={"review_comment_synced":1}
[apply] 2026-08-30T21:43:13.437Z starting apply: files=1 dry_run=false apply_kind=pull_request min_age=0 days apply_close_reasons=all stale_min_age_days=60 close_delay_ms=0 sync_comments_only=true suppress_automation_markers=false comment_sync_min_age_days=0 comment_sync_cursor=none max_runtime_ms=0 item_numbers=all reconciliation_deferred=none closed=0/10 processed=0/1 counts={}
{"event":"reviewed_pr_activity_cursor_v2_fallback","repo":"openclaw/openclaw","number":321,"from_version":2,"to_version":1,"reason":"graphql_request_failed"}
[review] 2026-08-30T21:43:14.229Z check-state=unavailable #321: Command failed: /home/jules/.nvm/versions/node/v24.20.0/bin/node /tmp/clawsweeper-test-zNB1Mw/bin/gh.js api repos/openclaw/openclaw/commits/old-head/check-runs?per_page=100
unexpected gh args ["api","repos/openclaw/openclaw/commits/old-head/check-runs?per_page=100"]

[review] 2026-08-30T21:43:16.740Z check-state=unavailable #321: Command failed: /home/jules/.nvm/versions/node/v24.20.0/bin/node /tmp/clawsweeper-test-zNB1Mw/bin/gh.js api repos/openclaw/openclaw/commits/old-head/check-runs?per_page=100
unexpected gh args ["api","repos/openclaw/openclaw/commits/old-head/check-runs?per_page=100"]

[review] 2026-08-30T21:43:16.961Z check-state=unavailable #321: Command failed: /home/jules/.nvm/versions/node/v24.20.0/bin/node /tmp/clawsweeper-test-zNB1Mw/bin/gh.js api repos/openclaw/openclaw/commits/old-head/check-runs?per_page=100
unexpected gh args ["api","repos/openclaw/openclaw/commits/old-head/check-runs?per_page=100"]

[review] 2026-08-30T21:43:19.395Z check-state=unavailable #321: Command failed: /home/jules/.nvm/versions/node/v24.20.0/bin/node /tmp/clawsweeper-test-zNB1Mw/bin/gh.js api repos/openclaw/openclaw/commits/old-head/check-runs?per_page=100
unexpected gh args ["api","repos/openclaw/openclaw/commits/old-head/check-runs?per_page=100"]

[apply] 2026-08-30T21:43:19.401Z finished apply closed=0/10 processed=1/1 counts={"review_comment_synced":1}
[apply] 2026-08-30T21:43:19.811Z starting apply: files=1 dry_run=false apply_kind=issue min_age=0 days apply_close_reasons=all stale_min_age_days=60 close_delay_ms=0 sync_comments_only=true suppress_automation_markers=false comment_sync_min_age_days=0 comment_sync_cursor=none max_runtime_ms=0 item_numbers=all reconciliation_deferred=none closed=0/10 processed=0/1 counts={}
[referencingMergedPullRequestsForIssue] number=321 status=failed reason=Command failed: gh api search/issues?q=repo%3Aopenclaw%2Fclawsweeper%20is%3Apr%20is%3Amerged%20%23321&per_page=10
unexpected gh args ["api","search/issues?q=repo%3Aopenclaw%2Fclawsweeper%20is%3Apr%20is%3Amerged%20%23321&per_page=10"]
[referencingMergedPullRequestsForIssue] number=321 status=failed reason=Command failed: gh api search/issues?q=repo%3Aopenclaw%2Fclawsweeper%20is%3Apr%20is%3Amerged%20%23321&per_page=10
unexpected gh args ["api","search/issues?q=repo%3Aopenclaw%2Fclawsweeper%20is%3Apr%20is%3Amerged%20%23321&per_page=10"]
[apply] 2026-08-30T21:43:22.678Z finished apply closed=0/10 processed=1/1 counts={"review_comment_synced":1}
[dashboard] ignoring invalid failed-review retry state ../tmp/clawsweeper-test-QJOeiv/42.json: Expected property name or '}' in JSON at position 2 (line 2 column 1)
✔ review comments include a compact maintainer decision packet block (60.63435ms)
✔ close proposals that require maintainer decisions render as kept open (16.971566ms)
✔ review-only comments omit actionable automation markers (4.285441ms)
✔ apply-decisions archives live-closed skipped records without reopening close gates (1167.912659ms)
✔ apply-decisions records closed decision packet state during comment-only sync (623.568158ms)
✔ apply-decisions writes decision packets for protected close-guard reports (1559.411729ms)
✔ apply-decisions keeps required maintainer decisions open (1369.069181ms)
✔ apply-decisions makes no GitHub mutation for malformed maintainer decisions (905.32304ms)
✔ apply-decisions skips advisory labels for failed or stale kept-open reports (2433.975654ms)
✔ apply-decisions counts unverified local-checkout reports against the processed limit (865.879636ms)
✔ apply-decisions counts advisory label-only syncs against the processed limit (3830.864029ms)
✔ apply-decisions syncs labels when first review placeholder advanced issue updated_at (14626.340469ms)
✔ apply-decisions dry-run computes advisory labels without mutating GitHub labels (1632.712309ms)
✔ apply-decisions skips cleanly when ClawSweeper label sync loses authentication (1690.13921ms)
✔ item number args merge and sort workflow inputs (0.654328ms)
✔ explicit item numbers shard targeted review runs (0.658362ms)
✔ planned review shards stay within the Codex worker cap (0.500932ms)
✔ apply mode prioritizes matching close proposals before comment sync (2.249279ms)
✔ comment-only sync creates or refreshes stale durable review comments (0.568075ms)
✔ apply-decisions does not overwrite a newer durable review comment (1546.610419ms)
✔ apply-decisions ignores untrusted newer durable review markers (6361.878887ms)
✔ apply-decisions ignores forged newer markers outside the automation tail (6411.976645ms)
✔ apply-decisions does not use issue verdict-shaped tails for freshness (3283.497513ms)
✔ review artifacts are ignored once the live item is closed (0.258827ms)
✔ runtime budget only trips after a positive elapsed limit (0.17293ms)
✔ coverage proof timeout cannot exceed the remaining apply runtime (0.189882ms)
✔ coverage proof refreshes its timeout after linked PR hydration (0.481608ms)
✔ coverage proof retry becomes an exact cursor yield after exhausting runtime (0.373311ms)
✔ recorded label sync covers only matching automation-owned updates (0.696161ms)
✔ runtime yield keeps the unfinished item out of the apply cursor trace (0.751052ms)
✔ spam comment intake coalesces duplicate comment deliveries (0.328632ms)
✔ spam scanner exact dispatches publish only per-comment audit records (0.337071ms)
✔ issue implementation workflow lets job intent choose dispatch capacity (0.615348ms)
✔ repair workers hydrate only durable jobs from generated state (1.35959ms)
✔ viable issue implementation stays in the broad durable backfill lane (3.173955ms)
✔ sweep workflow executes only durable queue leases without runner-side admission (3.115849ms)
✔ target dispatcher documents opt-in cross-route identity (5.802639ms)
✔ sweep workflow gives high-context Codex reviews twenty minutes by default (2.132373ms)
✔ agent workflows install pinned CLI releases and keep runner models secret (33.912759ms)
✔ background review fanout keeps per-review transient recovery (2.773899ms)
✔ synchronous Codex review surfaces use the shared bounded runner (0.878757ms)
✔ failed Codex workers use bounded automatic retry paths (1.705495ms)
✔ repair workers expose an explicit sandbox fallback for trusted ephemeral runners (0.259786ms)
✔ repair workflows preserve existing dispatch while scheduled cluster intake stays gated (4.383256ms)
✔ cluster intake directly publishes git-only jobs before dispatch (0.600063ms)
✔ conflict self-heal publishes exact-head jobs before worker dispatch (0.351258ms)
✔ review prompt asks for concise public review fields (0.912931ms)
✔ review prompt keeps automerge opt-in from becoming generic manual review (1.894421ms)
✔ review prompts require reproduction and solution assessment details (1.975055ms)
✔ sweep target write tokens retain merge and terminal acknowledgement scopes (3.352537ms)
✔ sweep review recovery uses explicit failed shard artifacts (4.757382ms)
✔ sweep failed-review retry lane defaults to dry-run exact-item dispatch (2.614001ms)
✔ dashboard operation counters include persisted failed-review retry sidecars (7.743253ms)
✔ sweep dashboard status writes are scoped to the target repository (2.206579ms)
✔ review parser strips environment access caveats from risks (5.455177ms)
✔ Codex login method defaults to API and accepts explicit local OAuth (0.229659ms)
✔ Codex login method reads the environment without leaking test state (0.177948ms)
✔ review command leaves Codex login method unset unless explicitly supplied (0.383446ms)
✔ Codex login method rejects invalid non-empty overrides (0.618951ms)
✔ codex subprocess env strips GitHub and App credentials (1.098919ms)
✔ OpenClaw subprocess env preserves provider auth without exposing Codex auth (0.233863ms)
✔ codex subprocess env can expose an explicit read-only GitHub token (0.231907ms)
✔ related title search terms keep issue-specific words (0.713284ms)
✔ related GitHub issue search query uses issue-only title terms (1.334964ms)
✔ audit detects live/local state drift and unsafe proposed records (1.913539ms)
✔ audit classifies missing open records by actionable reason (0.705562ms)
✔ audit health section summarizes strict status and actionable findings (1.871807ms)
✔ audit defers stale item drift until the open scan is complete (0.266632ms)
✔ recently closed dashboard rows link items and archived reports (0.922164ms)
✔ recently closed dashboard rows include reconciled external closes (0.929021ms)
✔ GitHub retry classifier distinguishes throttle and transient failures (2.428298ms)
✔ GitHub not found errors are recognizable non-retryable lookup misses (0.307867ms)
✔ GitHub rate-limit deferrals preserve available reset hints and safe defaults (1.303938ms)
✔ closing pull request references preserve fork repository identity (0.339875ms)
✔ GitHub requires-authentication write errors are recognizable apply skips (0.397684ms)
✔ locked conversation failures are non-retryable but recognizable apply skips (0.513655ms)
✔ safeOutputTail tolerates missing process output (0.161848ms)
[referencingMergedPullRequestsForIssue] number=78398 status=failed reason=Command failed: gh api search/issues?q=repo%3Aopenclaw%2Fopenclaw%20is%3Apr%20is%3Amerged%20%2378398&per_page=10
simulated gh failure
✔ invalid close semantics are rejected (13.97523ms)
✔ unconfirmed product direction proposals require a clean external feature PR (6.817266ms)
✔ unconfirmed product direction apply policy is default-off and age-gated (0.521159ms)
✔ unsponsored feature requests are issue-only feature decisions without security labels (0.857373ms)
✔ unsponsored feature apply policy is default-off and age-gated (0.327127ms)
✔ author PR-budget policy is default-off with bounded tunable defaults (0.364454ms)
✔ author_pr_budget_exceeded is PR-only and protects high-quality proven work (0.549053ms)
✔ stale_version_bug is issue-only, bug-only, and security-safe (0.620021ms)
✔ obsolete_fix_pr is PR-only even for high-quality proven work (0.521541ms)
✔ obsolescence apply policies are default-off and age-gated (0.422943ms)
✔ issue inactivity ignores bot-only and old comment history (0.933949ms)
✔ implemented-on-main closes require fix provenance (1.5266ms)
✔ low-signal unmergeable PR closes explain the narrow useful path (0.620847ms)
✔ duplicate or superseded closes are allowed with evidence and comment (1.358021ms)
✔ duplicate or superseded comments surface canonical refs appended to summary text (0.405136ms)
✔ duplicate or superseded comments prefer canonical refs over generic best solution (0.773763ms)
✔ duplicate or superseded close sentence surfaces multiple canonical refs (0.614667ms)
✔ duplicate or superseded close sentence ignores ambiguous shorthand refs (0.477697ms)
✔ duplicate or superseded close sentence filters current item URLs (0.350622ms)
✔ duplicate or superseded reference extraction ignores repeated malformed GitHub URLs (0.467006ms)
✔ duplicate or superseded close sentence includes duplicate-labeled canonical URL (0.299279ms)
✔ apply close reason filters support exact fast-close lanes (0.818236ms)
✔ stale and mostly-implemented closes require older items while implemented closes can be immediate (0.282205ms)
✔ open PRs that close an issue block apply closes (0.509762ms)
✔ compactReferencingMergedPullRequest extracts fields from search API response (0.412444ms)
✔ compactReferencingMergedPullRequest handles null body (0.159269ms)
✔ compactReferencingMergedPullRequest truncates long bodies (0.198387ms)
✔ referencingMergedPullRequestCandidates keeps only items with non-null pull_request.merged_at (0.240237ms)
✔ referencingMergedPullRequestCandidates returns empty for all-issue input (0.139439ms)
✔ referencingMergedPullRequestsForIssue returns [] when kill-switch env disables search (0.520147ms)
✔ referencingMergedPullRequestsForIssue swallows gh failures and returns [] (79.109224ms)
✔ referencingMergedPullRequestsForIssue filters and compacts mixed gh response (79.319313ms)
✔ same-author open issue and PR pairs block one-sided apply closes (0.76661ms)
✔ not-actionable-in-repo closes are allowed with evidence and comment (0.489121ms)
✔ close reason labels keep incoherent distinct from not actionable in repo (31.881458ms)
✔ public comments avoid self-referencing the current item number (1.27929ms)
✔ stalled_unproven_pr close decisions enforce proof, rating, and PR-only gates (0.633854ms)
✔ abandoned_pr close decisions protect high-quality proven work (0.422332ms)
✔ stalled_unproven_pr apply requires an aged dated proof request (791.563298ms)
✔ stalled PR close reasons gate apply on item age (0.601955ms)
✔ Codex process resolves command overrides and escaped Windows launchers (6.00243ms)
✔ Windows Codex selection prefers PATH and falls back to the Desktop app (2.624097ms)
✔ Windows Codex selection resolves relative PATH entries from the launch cwd (1.420235ms)
✔ Codex process resolves extensionless Windows node shebang shims (0.963521ms)
✔ Codex process uses CODEX_BIN and preserves argv and stdin delivery (183.487381ms)
✔ Codex process accepts a successful child that closes stdin early (190.934509ms)
✔ Codex process captures bounded rolling tails without terminating large output (511.151157ms)
✔ Codex process caps durable logs while preserving the final output tail (200.047561ms)
✔ Codex process preserves timeout errors and kills a child that ignores SIGTERM (6108.334143ms)
✔ Codex app-server mode persists and resumes a thread (479.86907ms)
[review] 2026-08-30T21:42:46.828Z codex-exit-nonzero-output-accepted #83393 status=1 stderr="wrote structured output before shutdown failure\n"
[review] 2026-08-30T21:42:55.259Z codex-retry #83394 attempt=2/2 delay_ms=1 reason=transient_transport
[review] 2026-08-30T21:42:56.329Z codex-retry #92181 attempt=2/2 delay_ms=100 reason=transient_transport
[review] 2026-08-30T21:42:56.706Z codex-final-retry #92181 reason=transient_transport reasoning_effort=high delay_ms=100 remaining_ms=8887
[review] 2026-08-30T21:42:57.807Z codex-retry #92181 attempt=2/2 delay_ms=1 reason=transient_transport
[review] 2026-08-30T21:42:58.053Z codex-final-retry #92181 reason=transient_transport reasoning_effort=high delay_ms=2 remaining_ms=9055
[review] 2026-08-30T21:42:58.982Z codex-retry #92181 attempt=2/2 delay_ms=1 reason=transient_transport
✔ review scan missing refuses before any provider call and retires stale artifacts (196.004289ms)
✔ review scan error refuses before any provider call and retires stale artifacts (257.369492ms)
✔ review scan finding refuses before any provider call and retires stale artifacts (248.770977ms)
✔ review scan unexpected-output refuses before any provider call and retires stale artifacts (242.848263ms)
✔ Codex decision schema avoids unsupported strict-output keywords recursively (4.105913ms)
✔ Codex failure logs distinguish provider throttling from content output failures (0.62828ms)
✔ runCodex accepts valid structured output after non-zero Codex exit (707.139618ms)
✔ runCodex stops before model review when the sandbox cannot prove the tracked file (447.916609ms)
✔ runCodex supports whitespace and Unicode in regular tracked paths (720.886841ms)
✔ runCodex supports newlines in regular tracked paths (690.535413ms)
✔ runCodex rejects a tracked symlink that escapes the checkout (173.113901ms)
✔ runCodex counts checkout inspection against the review timeout (794.994616ms)
✔ runCodex rejects OpenClaw checkout text without structured read evidence (467.584417ms)
✔ runCodex reviews after an attested OpenClaw checkout challenge (665.608871ms)
✔ runCodex honors env login config unless preserving local Codex auth (2043.363785ms)
✔ runCodex preserves redacted process output when Codex exits without a decision (678.191009ms)
✔ runCodex accepts structured output after more than 128 MiB of process output (1070.617355ms)
✔ codex failure decisions expose stderr and stdout separately (2.149447ms)
✔ codex failure decisions do not infer buffer overflow from reviewed content (0.463872ms)
✔ codex failure decisions classify structured ENOBUFS as output overflow (0.406991ms)
✔ codex failure decisions ignore unstructured output and prompt stderr (0.806806ms)
✔ codex failure decisions trust a final stderr model access denial (0.335614ms)
✔ runCodex retries a transient failure in a fresh process (947.034439ms)
✔ runCodex keeps high reasoning for the final transport retry (1532.874483ms)
✔ runCodex keeps the transport classification when the final high retry also fails (1238.336169ms)
✔ runCodex skips the final high retry when the time budget is too small (912.652595ms)
✔ runCodex does not retry terminal model access failures (745.392087ms)
✔ Codex failure redaction hides the configured internal model (0.716803ms)
✔ agent failure redaction hides the configured OpenClaw model (0.330015ms)
✔ Codex failure redaction reads the default home configuration (0.706959ms)
✔ runText explains missing working directories (10.476125ms)
✔ runText explains missing executables (3.158856ms)
✔ review CLI suppresses stack traces for missing local target checkout (435.534239ms)
✔ local exact reviews default to item-specific artifacts (0.324628ms)
✔ local exact review history is keyed by repository and item (0.506403ms)
✔ CSW-088 scheduled hot planning suppresses #117063, observes an in-flight update, and leaves explicit re-review eligible (6960.248146ms)
✔ exact event publication requeues legacy tuples and source drift before mutation (8.057412ms)
✔ reserved exact-review leases compare a head only for pull requests (0.337882ms)
✔ only the exact supplied lease is externally owned (0.33424ms)
✔ reserve-review-lease hydrates a legacy queue claim without cross-head cleanup (1294.541928ms)
✔ reserve-review-lease completes as superseded when the item closed after enqueue (555.990935ms)
✔ reserve-review-lease completes as superseded when the PR head drifted past the queue authority (658.261277ms)
✔ reserve-review-lease stale A preserves newer-head lease B (1411.181863ms)
✔ managed local review checkout fetches the pull request ref (313.7159ms)
✔ local exact review explains when GitHub item is not open (939.505791ms)
✔ local exact review selects PATH Codex instead of the Desktop app binary (3360.295999ms)
✔ assist source comment URL matching preserves canonical repository casing (2.111399ms)
✔ githubPaginatedPath requests maximum REST page size by default (0.557372ms)
✔ compactMappedSlice maps only retained prompt entries (2.003926ms)
✔ compactMappedSlice maps every entry when no compaction is needed (0.962433ms)
✔ compactMappedWindow marks omitted entries when hydration is already bounded (0.356704ms)
✔ compactMappedWindow keeps bounded hydrated context when total is larger than limit (0.260154ms)
✔ review context comment filter removes ClawSweeper self-noise and command-only comments (2.135707ms)
✔ assist prompt context excludes transient API state but preserves material review inputs (1.216126ms)
✔ visual brief sanitizer removes empty maintainer ruling template fields (1.03397ms)
✔ visual brief sanitizer keeps concrete maintainer ruling fields (0.995159ms)
✔ review context comment filter keeps contributor text that only quotes markers (0.564519ms)
✔ latest ClawSweeper durable review is extracted as compact previous review state (5.200897ms)
✔ durable review identity uses complete comments outside the prompt window (1.395953ms)
✔ latest ClawSweeper durable review parser supports compact merge readiness layout (2.266563ms)
✔ githubContextWindowPlan includes prior page when the tail crosses a page boundary (0.234405ms)
✔ githubContextWindowPlan keeps large tails to the final page when possible (0.320879ms)
✔ ghPagedContextWindow reuses first page when tail overlaps the head page (0.694395ms)
✔ ghPagedContextWindow falls back to full pagination when total is missing (0.221585ms)
✔ githubLinkLastPageNumber extracts the final REST page (0.274219ms)
✔ ghPagedLinkHeaderContextWindow uses GitHub link headers for large timeline tails (0.901036ms)
✔ ghPagedLinkHeaderContextWindow keeps timeline tails that cross the first page (0.48689ms)
✔ ghPagedLinkHeaderContextWindow falls back when link headers are unavailable (0.258773ms)
✔ GitHub API URL uses the production origin by default (1.793241ms)
✔ GitHub API URL honors a validated loopback override (0.342063ms)
✔ GitHub API URL rejects non-default remote or non-origin overrides (0.986531ms)
✔ dashboard health is green only when every top-level signal is healthy (3.452901ms)
✔ dashboard health rolls publication, DLQ, and missing queue telemetry upward (0.481601ms)
✔ dashboard health maps critical and stalled signals to red (0.514113ms)
✔ dashboard health fails amber when a required signal is absent (0.281638ms)
✔ operational health classifies over-age queue pressure and stuck runs (3.018311ms)
✔ operational health reports approval-gated runs outside queue congestion (2.717339ms)
✔ operational health surfaces zombie queue entries without degrading (0.324778ms)
✔ operational health keeps fresh queue pressure alongside zombies (0.306575ms)
✔ operational health treats exactly 24 hours as live queue pressure (0.34681ms)
✔ operational health excludes wedged pre-queue reruns without hiding real queue pressure (0.465947ms)
✔ operational health fails closed when active-run telemetry is incomplete (0.255269ms)
✔ operational health fails closed when an active run has no usable age (0.181732ms)
✔ operational health measures execution from run start instead of queue admission (0.335574ms)
✔ health history replaces duplicate five-minute slots (2.543245ms)
✔ health history preserves legacy samples and normalizes exact-review backlog (2.374571ms)
✔ health history keeps legacy samples when optional state_writer is absent or invalid (0.50285ms)
✔ state writer history uses the coordinator while terminal progress is idle (0.482905ms)
✔ health history rejects non-finite or incomplete samples (0.191595ms)
✔ health history strictly bounds stored counts and canonicalizes timestamps (0.442047ms)
✔ review observability is global, closed, and aggregate-only (4.754161ms)
✔ review coverage retains only fleet-wide aggregate counts (0.737886ms)
✔ apply observability omits repository inventory and failure links (1.354363ms)
✔ automerge metrics collapse unknown outcomes and omit sessions and filters (3.726244ms)
✔ GitHub egress rollups aggregate across revisions and rate-limit rows (32.836068ms)
✔ GitHub throttle history survives the strict public projection as bounded closed aggregates (24.193316ms)
✔ recent durable publication events are revalidated into a fixed aggregate schema (3.388119ms)
✔ all public projectors fail closed for non-object and nested malformed inputs (0.359415ms)
✔ public observability projections are idempotent and reject non-ISO timestamp channels (4.080329ms)
✔ dashboard smoke detects only the exact GitHub API hostname (2.159033ms)
✔ dashboard smoke requires the bounded Bay journey timing contract (0.628262ms)
✔ dashboard smoke requires Bay's public indexability and overview navigation (0.444746ms)
✔ dashboard smoke requires the legacy Bay redirect to strip query data (54.92236ms)
✔ dashboard smoke waits for the exact deployed revision (5.493577ms)
✔ dashboard smoke bounds deployment propagation waits (1.630405ms)
{"event":"github_read_model_degraded","consumer":"dashboard_workflow_health","event_class":"workflow_runs","reason":"unavailable","probe_window_elapsed":false,"fallback":"live_poll"}
✔ unfenced acknowledgements prefer a unique exact status comment over a shared marker (11.01953ms)
✔ Bay lifecycle metrics include every durable ingress source and only final completions (36.98035ms)
✔ Bay lifecycle excludes the retired batch path from normal review timing by default (6.703783ms)
✔ Bay lifecycle retains direct-path classification after direct telemetry expires (4.818827ms)
✔ Bay lifecycle metrics fail closed for a final receipt beyond the journey cap (5.833648ms)
✔ Bay lifecycle does not backdate coverage for a late final receipt (3.529143ms)
✔ Bay lifecycle includes an in-flight public review when it initializes its first scope (6.633312ms)
✔ Bay lifecycle timing coverage is bound to the configured public repository scope (10.796423ms)
✔ Bay lifecycle tides are derived from all durable terminal revisions (53.059578ms)
✔ Bay lifecycle keeps only bounded tide detail after many completions (208.466151ms)
✔ Bay lifecycle keeps an empty public scope separate from the global tide (7.396588ms)
✔ Bay lifecycle orders delayed terminal delivery by completion time (32.662244ms)
✔ Bay lifecycle tide rebuild preserves pre-change direct publication classification (9.939994ms)
✔ Bay lifecycle refreshes a retained terminal outcome without advancing its tide (5.138103ms)
✔ Bay lifecycle keeps failed legacy publishers out of the default direct view (4.194015ms)
✔ Bay lifecycle telemetry migrates durable tide metadata (8.977267ms)
✔ Bay lifecycle migration recovers retained pre-v2 direct tide rows from their fence (3.966487ms)
✔ Bay lifecycle repairs failed publishers after path migration and timing expiry (5.56254ms)
✔ Bay lifecycle migration keeps every retained pre-v2 batch router variant legacy (15.820709ms)
✔ Bay lifecycle migration does not reinterpret a retained routing-era marker as a final receipt (10.0944ms)
✔ Bay lifecycle migration upgrades a legacy marker only when a final receipt is present (6.410871ms)
✔ Bay lifecycle migration leaves a pending terminal source available for recovery (5.33224ms)
✔ Bay lifecycle refreshes scope despite a lifecycle source beyond the public sample cap (461.540594ms)
✔ Bay lifecycle rebuilds compact tide state from more than ten thousand completions (695.852947ms)
✔ Bay lifecycle tide progress survives terminal-fact retention (40.735526ms)
✔ Bay lifecycle tide compaction is retry-safe after terminal deletion fails (76.161124ms)
✔ Bay lifecycle source marker keeps expired terminal delivery idempotent (5.512611ms)
✔ Bay lifecycle replays a stale telemetry outbox from its marked source (4.723284ms)
✔ Bay lifecycle accepts a marker generated from a maximum-length fence key (4.375278ms)
✔ Bay lifecycle terminal facts queue a durable retry when metrics cannot materialize (4.512697ms)
✔ Bay lifecycle terminal facts recover after telemetry outbox persistence fails (4.581687ms)
✔ Bay lifecycle retains its outbox until the source marker commits (4.845384ms)
✔ Bay lifecycle recovery drains source markers in bounded batches (383.245368ms)
✔ Bay lifecycle metrics retain idle terminal progress and the bounded remainder card (4.059544ms)
✔ exact-review queue preserves source timestamps for pull-request and command lifecycle admission (128.116936ms)
✔ exact-review queue materializes a superseded command lifecycle after enqueue commits (37.745242ms)
✔ public Bay status uses the authoritative lifecycle metrics route without legacy fallbacks (100.582674ms)
✔ public Bay status omits a long lifecycle that exceeds the public timing bound (57.561151ms)
✔ public Bay status rejects an over-cap aggregate from the lifecycle metrics route (75.26899ms)
✔ public Bay metrics wait for internal lifecycle recovery (44.72247ms)
✔ Bay reconciles fenced completion delivery, legacy journeys, and same-second orphans (27.921616ms)
✔ Bay transfers a stolen legacy completion when the correct fenced completion arrives (0.715202ms)
✔ Bay prefers a delivery-matched orphan over an earlier anonymous completion (0.607784ms)
✔ Bay reassigns a displaced anonymous completion once its sole journey is identifiable (0.443117ms)
✔ Bay keeps the newest fenced completion received before its trigger (0.42263ms)
✔ same-second fenced completions deterministically retain the newest comment identity (0.40556ms)
✔ verified unchanged legacy receipts complete Bay journeys without a webhook (99.248699ms)
✔ migrated modern acknowledgement receipts preserve the webhook completion identity (53.539769ms)
✔ unsigned terminal receipts are rejected before their JSON body is parsed (1.762758ms)
✔ modern shared status comments acknowledge only the matching command marker (44.296005ms)
✔ Worker lifecycle keeps retryable publication work ineligible for final acknowledgement (49.668401ms)
✔ Worker retains a committed terminal command acknowledgement for fenced retries (67.817045ms)
✔ command acknowledgement clamps a future final-receipt timestamp to the queue clock (36.877365ms)
✔ newer shared command status leaves a pending terminal finalizer independent (27.891283ms)
✔ Worker completes a locked terminal acknowledgement as a projection-backed skip (35.590923ms)
✔ Worker completes a missing status comment terminal acknowledgement as a durable skip (36.584097ms)
✔ Worker observes the generic durable terminal failure acknowledgement (66.006275ms)
✔ runnerless batch completion preserves terminal command acknowledgement during rollout (136.640466ms)
✔ canonical commit records and tuples export with one monotonic revision (54.027483ms)
✔ record slug discovery authenticates and lists per-repository revisions (38.529671ms)
snapshot_store_unavailable
✔ record snapshots authenticate, stream multipart R2 objects, serve ranges, prune, and fail closed (100.672018ms)
✔ exact-review queue counts only work that successfully leaves each lane (49.046115ms)
✔ exact-review completion and lane metrics roll back together (63.077614ms)
✔ exact-review queue admits and wakes up to 24 publishers (0.920789ms)
✔ publish-keyed backlog cannot block review admission from filling capacity (3.232868ms)
✔ dashboard status reads the exact-review handoff model from the durable queue (69.050714ms)
✔ Bay queue projection maps durable batch-owned publication items to Applying (45.730251ms)
✔ Bay queue projection keeps scheduled exact reviews on the direct path (36.612339ms)
✔ Bay queue projection preserves a direct review beside newer legacy publication work (48.419799ms)
✔ Bay queue projection retains the legacy path during batch terminal finalization (29.068732ms)
✔ Bay queue projection sends parked review and publication work to Repair Cove (35.090944ms)
✔ Bay queue projection caps its sample and validates its full durable census (343.938551ms)
✔ Bay queue projection samples normal direct work across stages before hidden legacy rows (59.832046ms)
✔ triage routing groups classify impact labels without forcing one primary group (0.608058ms)
✔ public triage pages expose aggregate counts without identity controls (11.796287ms)
✔ public triage application script extraction is case-insensitive (0.630341ms)
✔ public triage UI renders only closed aggregate definitions and bounded counts (43.139324ms)
✔ public triage UI fails closed for malformed and unavailable snapshots (76.199786ms)
✔ dashboard health identifies the deployed revision (1.316473ms)
✔ OpenClaw Bay is a public, indexable, hardened canonical route (65.260066ms)
✔ OpenClaw Bay reprojects status into a closed aggregate client model (26.8674ms)
✔ OpenClaw Bay samples enough completed worker runs to fill a distinct 20-item tide (3.347329ms)
✔ OpenClaw Bay shares a bounded 20-outcome tide buffer (6.523598ms)
✔ OpenClaw Bay counts completed review revisions without replaying washed fallback success (4.729226ms)
✔ OpenClaw Bay retains an unrelated displayed tide when lifecycle telemetry first appears (0.678945ms)
✔ OpenClaw Bay keeps failure and cancelled outcomes during lifecycle promotion (0.803504ms)
✔ OpenClaw Bay keeps worker successes until a completed lifecycle review is available (0.294229ms)
✔ OpenClaw Bay does not reopen a cleared tide boundary during lifecycle reconciliation (0.361997ms)
✔ OpenClaw Bay does not wash retained lifecycle completions from before the tide boundary (0.511524ms)
✔ OpenClaw Bay keeps completion IDs stable when an orphaned receipt gains its trigger (0.596232ms)
✔ OpenClaw Bay preserves failed review completions (0.459734ms)
✔ OpenClaw Bay excludes legacy completions with an unknown outcome (0.992869ms)
✔ OpenClaw Bay keeps same-second delivery-fenced revisions distinct (0.364274ms)
✔ OpenClaw Bay replaces a matching worker fallback with its lifecycle completion (0.618037ms)
✔ OpenClaw Bay replaces a matching failed worker attempt with its lifecycle completion (0.253973ms)
✔ OpenClaw Bay keeps an earlier re-review worker completion beside the next lifecycle (0.334457ms)
✔ OpenClaw Bay does not duplicate a worker that finishes after its lifecycle completion (0.256889ms)
✔ OpenClaw Bay suppresses a failed worker attempt while its retry is active (0.204707ms)
✔ OpenClaw Bay retains observed active keys during a partial census (0.228981ms)
✔ OpenClaw Bay keeps unmatched worker successes during lifecycle promotion (0.297436ms)
✔ OpenClaw Bay replaces an active pending fallback when its completion arrives (0.361479ms)
✔ OpenClaw Bay does not match a prior revision's fallback to a later review (0.283178ms)
✔ OpenClaw Bay averages completed trigger-to-summary journeys from the last hour (0.44933ms)
✔ OpenClaw Bay reports the median completed journey alongside the mean (0.187645ms)
✔ OpenClaw Bay retains pre-delivery journey records during normalization (0.452481ms)
✔ OpenClaw Bay retains a completed journey for each edit of the same command (0.342585ms)
✔ OpenClaw Bay retains same-second command edits from separate GitHub deliveries (0.387609ms)
✔ OpenClaw Bay joins an out-of-order reused status completion to its later trigger (0.412586ms)
{"event":"github_read_model_ingest_failed","failure":"queue_unavailable"}
{"event":"github_read_model_ingest_failed","failure":"queue_unavailable"}
{"event":"github_read_model_ingest_failed","failure":"queue_unavailable"}
{"event":"github_read_model_ingest_failed","failure":"queue_unavailable"}
✔ hosted webhook records an edited review command through its final command update without GitHub reads (36.42193ms)
✔ command intake migrations, watermarks, receipts, and revisions stay idempotent (10.524292ms)
✔ a verified same-timestamp edit fences an older receipt before enqueue effects (3.054887ms)
✔ durable command intake survives target throttling before queue admission (338.75753ms)
✔ hosted durable command intake keeps the GitHub delivery identity for Bay journey completion (247.240923ms)
✔ command acknowledgement ignores forged markers and paginates to the trusted receipt (11.718502ms)
✔ worker job pagination marks a capped census incomplete across cache reuse (16.341723ms)
✔ worker job cache cannot claim a complete malformed or cross-run census (0.467895ms)
✔ worker job cache requires an exact versioned total before claiming completion (0.706403ms)
✔ live worker job fetch versions complete cache and durable coverage (54.18623ms)
✔ live worker job fetch cannot claim a complete malformed or cross-run census (2.019197ms)
✔ live worker job fetch rejects malformed pages and ambiguous job identities (0.769847ms)
✔ live worker job fetch requires a strict stable total before completion (3.230494ms)
✔ dashboard classifies issue conversion and PR repair workers (0.936553ms)
✔ dashboard HTML preserves UTF-8 emoji labels (16.466357ms)
✔ dashboard sanitizes stored status immediately and never renders transport errors (69.34857ms)
✔ dashboard reprojects separately fetched public observability before rendering (24.369837ms)
{"event":"github_read_model_degraded","consumer":"dashboard_workflow_health","event_class":"workflow_runs","reason":"unavailable","probe_window_elapsed":false,"fallback":"live_poll"}
✔ dashboard hero treats apply and exact-review handoff health as attention (37.764117ms)
✔ dashboard HTML emits early persistent theme controls (6.285782ms)
✔ dashboard groups automatic issue lifecycle events with active workers (1.521603ms)
✔ dashboard correlates issue implementation workers by run URL (0.52933ms)
✔ dashboard preserves issue titles across generated PR repair events (0.319461ms)
✔ dashboard exposes active worker jobs and their current steps (141.135988ms)
✔ dashboard keeps control-plane workflow fallbacks out of Codex capacity (17.661212ms)
✔ dashboard bounds worker job detail request concurrency (46.673648ms)
✔ dashboard paginates worker jobs beyond GitHub's first page (37.865169ms)
✔ dashboard reports worker health without treating worker jobs as lifecycle completions (10.480563ms)
✔ dashboard cold-cache status bounds a stalled forty-run worker-health refresh (32.718148ms)
✔ dashboard exposes scheduled cluster intake markers and runs (6.26262ms)
✔ dashboard exposes apply health from sweep status without broad scans (6.28008ms)
✔ dashboard reads stored CI status for active PR rows (13.540971ms)
✔ dashboard skips raw event persistence when the private status store is not bound (12.705959ms)
✔ dashboard serves stale status while coalescing one background refresh (17.359943ms)
✔ dashboard status survives cache persistence failures (6.450627ms)
✔ dashboard parallelizes and caches historical GitHub telemetry (21.642433ms)
✔ dashboard reports automerge worker reliability independently of merged PR timing (8.383577ms)
✔ dashboard batches recent automerge hydration with GraphQL when authenticated (7.368635ms)
✔ dashboard preserves repeated untargeted activity events (13.108909ms)
✔ dashboard counts cluster-fixer operation events (13.213141ms)
✔ dashboard keeps workflow CI status when live PR checks fail (8.02701ms)
✔ dashboard reuses live PR CI hydration within one status snapshot (12.805839ms)
✔ dashboard counts active runs that are older than the latest unfiltered page (8.01281ms)
✔ dashboard surfaces stale queue ghosts as zombies without active cards (10.585013ms)
✔ dashboard health retains in-progress runs beyond the queued ghost window (5.909644ms)
✔ dashboard exposes ClawSweeper-owned recent closes and 24h stats (10.315023ms)
✔ dashboard fetches additional closed pages only when the first page is full (15.12241ms)
✔ triage focused views use direct search when broad snapshot is capped (11.653497ms)
✔ triage focused fallbacks reserve search budget for later repos (7.303061ms)
✔ triage focused search errors fall back to loaded broad rows (3.011748ms)
✔ triage skips repos after root search budget is exhausted (6.46838ms)
✔ triage debits failed root searches from the search budget (5.197272ms)
✔ triage uses ClawSweeper GitHub App credentials when no static token is configured (92.483208ms)
✔ triage writes and reprojects aggregate-only fresh cache bodies (3.696019ms)
✔ PR proof triage keeps legacy Telegram labels visible during migration (9.072154ms)
✔ triage routes reproject raw legacy fresh caches (2.741032ms)
✔ triage reprojects raw legacy stale cache after a failed refresh (3.541298ms)
✔ triage fails closed for malformed, nested, and over-cap cached input (7.701466ms)
✔ exact-review Durable Object rejects storage failures directly (116.314802ms)
✔ exact-review Worker projects rejected Durable Object calls to a fixed public error (23.994894ms)
✔ exact-review Worker projects malformed Durable Object 5xx responses to a fixed public error (6.533823ms)
✔ exact-review Worker preserves structured Durable Object 5xx responses (3.984225ms)
✔ exact-review Worker preserves intentional non-JSON 4xx responses (3.430079ms)
exact_review_queue_request_failed
exact_review_queue_request_failed
exact_review_queue_request_failed
exact_review_queue_request_failed
exact_review_queue_request_failed
✔ public durable publication event endpoint returns bounded aggregate-only window data (96.448052ms)
✔ public GitHub egress observability normalizes its query and withholds revisions (33.20998ms)
✔ public telemetry routes contain malformed and rejecting durable reads (22.100385ms)
✔ durable lifecycle Bay is a pure, bounded public-reference reducer snapshot (17.201471ms)
✔ operator lifecycle audit inventory is signed, redacted, paginated, snapshot-stable, and short-lived (125.131523ms)
✔ durable lifecycle Bay provisions only its indexed reader before ordinary queue initialization (28.87812ms)
✔ durable lifecycle Bay fail-closes unknown snapshots without partial cards or counts (1416.790387ms)
✔ automerge metric ingestion validates before writes and requires durable storage (2.787791ms)
✔ automerge metric events use isolated durable keys and aggregate through the API (14.730676ms)
✔ automerge metrics retain bounded pre-window context for spanning sessions (3.409022ms)
{"event":"github_read_model_degraded","consumer":"dashboard_workflow_health","event_class":"workflow_runs","reason":"unavailable","probe_window_elapsed":false,"fallback":"live_poll"}
exact_review_queue_request_failed
✔ apply observability accepts signed durable events and exposes the API summary (46.72543ms)
✔ apply observability merges bucketed writes with legacy rows without double counting (3.093591ms)
✔ apply observability stores a UTC-boundary replay exactly once (2.398081ms)
✔ dashboard durable status store persists, expires, and prepends events (10.783565ms)
✔ dashboard reuses a current Bay snapshot from the matching shared status scope (11.677947ms)
✔ dashboard rejects a current Bay snapshot from a different public scope (16.101993ms)
✔ dashboard isolates fresh edge caches by public Bay scope (7.326548ms)
✔ dashboard refreshes a durable snapshot that predates the legacy timing aggregate (4.232842ms)
✔ dashboard rewrites a malformed durable root to a fixed incomplete snapshot (1.69554ms)
✔ dashboard rejects malformed, undated, stale, and future durable snapshots (0.668403ms)
✔ dashboard health history persists five-minute samples and serves a bounded range (8.002514ms)
✔ dashboard health history deduplicates and caps malformed legacy cardinality (10.464618ms)
✔ dashboard cron records only exact-review history without GitHub queries (4.929286ms)
✔ optional exact-review telemetry failures do not freeze an idle status snapshot (54.644824ms)
✔ optional queue status failures remain bounded in public and persisted snapshots (28.215859ms)
✔ optional queue status failure retains the last complete public Bay queue sample (76.232112ms)
✔ canonical record operator auth is scoped to items (82.180535ms)
direct_publication_plan_rejected
direct_publication_plan_rejected
direct_publication_plan_rejected
direct_publication_payload_rejected
✔ direct publication endpoint authenticates, dedupes, and returns a structured 413 (309.262501ms)
✔ direct publication keeps GitHub casing while using lowercase canonical record slugs (82.738031ms)
✔ fetching a stale publication batch records a durable superseded telemetry outcome (35.50136ms)
✔ non-batch publication completions record durable terminal outcomes without inferring acceptance (59.056556ms)
✔ direct lifecycle requeue becomes a fresh fenced source-drift revision (34.43807ms)
✔ direct lifecycle requeue preserves a newer command follow-up revision (54.09425ms)
✔ direct lifecycle router completion preserves a newer command follow-up revision (54.835277ms)
✔ durable direct command acknowledgement survives successor lease expiry (98.555317ms)
✔ terminal disposition materializes a direct acknowledgement driver after lease expiry (47.015153ms)
✔ fallback canonical routing materializes an acknowledgement driver after lease expiry (58.360207ms)
✔ a successor splits a pending terminal finalizer before command merge (34.229448ms)
✔ terminal acknowledgement dispatch rejection remains a durable fenced retry (211.95362ms)
✔ direct command publication retains its terminal acknowledgement driver after durable handoff (63.671619ms)
✔ authenticated fanout cursors round-trip through durable storage (37.509151ms)
✔ placeholder recovery cursor survives queue reconstruction (36.192792ms)
✔ Worker lifecycle projection permits one command acknowledgement after durable routing (50.212219ms)
✔ signed Worker records a status-ID-only terminal acknowledgement (36.912963ms)
✔ Worker lifecycle acknowledgement preserves canonical GitHub repository casing (38.920419ms)
✔ Worker converges legacy and non-review acknowledgement receipts without webhook races (214.887973ms)
✔ Worker binds legacy webhooks while preserving marker-only command addresses (130.380931ms)
✔ signed terminal receipts bind legacy migration to its admitted status comment (38.039768ms)
✔ signed migrated receipts cannot complete a newer same-marker lifecycle revision (41.58693ms)
✔ exact-review retry jitter stays within every parked recovery ladder band (8.630239ms)
✔ exact-review queue defaults to all 128 global workers (0.435249ms)
✔ live activity is bounded, redacted, expiring, and separate from lifecycle data (3.435856ms)
✔ live activity fails closed for stale, mixed, unavailable, and over-bound sources (1.359779ms)
✔ production doubles exact review claims and canonical publication batches (0.643629ms)
✔ exact-review lifecycle projection keeps immutable per-revision facts and terminal distinctions (24.03375ms)
✔ lifecycle telemetry counts durable terminal coverage without treating acknowledgement pending as completed (13.190638ms)
✔ full review admission does not inflate staged publication capacity (5.520685ms)
✔ exact-review source authority sequence survives queue restarts (101.024378ms)
exact-review branch authority resolution deferred {
  event: 'branch_authority_resolution_deferred',
  category: 'rate_limit'
}
✔ branch authority shares the target App circuit and collapses same-owner retries (274.2429ms)
✔ exact-review queue durably coalesces concurrent unchanged pull request edits (49.736784ms)
✔ semantic edit suppression advances the pull request authority watermark (43.442191ms)
✔ exact-review queue retains edits with a changed review tuple (47.721482ms)
✔ exact-review supersession audit migration preserves legacy records (31.482107ms)
✔ exact-review supersession audit migration keeps existing rows non-authoritative (29.468589ms)
✔ automerge reliability summarizes failures, recovery, duration, and stalled runs (1.989759ms)
✔ exact-review publication scales bounded capacity with ready backlog (0.480592ms)
✔ exact-review publication admission applies the hysteresis controller demand target (344.286532ms)
✔ exact-review publication controller adopts the staged base after a fixed-policy downgrade (56.048162ms)
✔ exact-review queue debounces fresh work and caps pending revision extensions (36.937235ms)
✔ exact-review queue bypasses debounce for commands and publications (41.334228ms)
✔ exact-review queue bypasses debounce only for fresh pull request openings (39.691048ms)
✔ replacing a queued command cannot inherit another command's delivery identity (51.287791ms)
✔ exact-review queue coalesces one pending publication lineage across producer runs (55.637116ms)
✔ exact-review queue cleans legacy sibling lineages without replacing newer provenance (33.002614ms)
✔ exact-review queue persists legacy sibling cleanup during same-key redelivery (39.128602ms)
✔ exact-review queue protects an active batch lineage from a later duplicate (35.064581ms)
exact-review admission shed {
  event: 'admission_shed',
  category: 'backpressure',
  pending_count: 1,
  configured_limit: 1
}
exact-review admission shed {
  event: 'admission_shed',
  category: 'backpressure',
  pending_count: 1,
  configured_limit: 1
}
exact-review admission shed {
  event: 'admission_shed',
  category: 'backpressure',
  pending_count: 1,
  configured_limit: 1
}
exact-review admission shed {
  event: 'admission_shed',
  category: 'scheduled_rate',
  lane: 'hot_intake'
}
exact-review admission shed {
  event: 'admission_shed',
  category: 'scheduled_rate',
  lane: 'normal_backfill'
}
exact-review admission shed {
  event: 'admission_shed',
  category: 'scheduled_rate',
  lane: 'normal_backfill'
}
exact-review admission shed {
  event: 'admission_shed',
  category: 'backpressure',
  pending_count: 1,
  configured_limit: 1
}
exact-review admission shed {
  event: 'admission_shed',
  category: 'backpressure',
  pending_count: 1,
  configured_limit: 1
}
✔ direct lifecycle recovery bypasses publication batching (204.918948ms)
✔ superseding source revisions revoke the old lease without Actions cancellation (39.384066ms)
✔ source timestamp and sequence ordering protect a newer-head lease (38.661115ms)
✔ delayed opened pull request delivery cannot replace a newer pending synchronize (32.445026ms)
✔ explicit pull request commands bind to pending source authority (56.119282ms)
✔ explicit pull request commands queue behind a dispatching authoritative review (36.04232ms)
✔ explicit pull request commands survive an active authoritative lease completion (34.556969ms)
✔ same-timestamp verified successor replaces the current pull request head (27.251635ms)
✔ verified live head supersedes a timestamp-less rolling lease (33.090163ms)
✔ same-head edit supersedes a timestamp-less rolling decision (29.063738ms)
✔ exact-review heartbeat binds a claimed pull request source head (36.251097ms)
✔ recovery revisions cannot supersede an active authoritative exact review (52.917856ms)
✔ exact-review queue sheds only new recovery work above the pending soft limit (72.55708ms)
✔ scheduled review feed is lane-paced and exposes its configured target (45.150793ms)
✔ scheduled untracked reviews are ready and claimable within one tick when 122 slots are free (202.718705ms)
✔ exact-review lane status counts backoff and parked reasons (35.219419ms)
✔ organic reviews consume the global target before scheduled backfill (46.398286ms)
✔ scheduled review feed dedupes untouched queued items without superseding them (32.067183ms)
✔ scheduled review feed stops at the pending soft limit (47.156675ms)
✔ publication backlog does not consume the review pending soft limit (36.444839ms)
✔ exact-review queue does not count work for a disabled target (33.84814ms)
✔ review heartbeats use grace while finalizing leases keep execution expiry (0.259301ms)
✔ exact-review heartbeat refreshes only the matching live lease tuple (33.52507ms)
✔ exact-review queue requeues a heartbeat-stale lease before execution expiry (36.839364ms)
✔ signed claimed-run snapshot feeds tuple-safe terminal reconciliation (69.485788ms)
✔ fresh dead-letter recovery is available only through the signed internal route (36.944479ms)
✔ parked review inventory and mutations require the operator signature (44.726121ms)
✔ ordinary queue and state-blob logs reject unbounded diagnostic arguments (20.637564ms)
✔ exact-review queue coalesces deliveries, dispatches a bound rollout snapshot, and rejects duplicate claims (328.343811ms)
✔ exact-review queue resolves a closed item before dispatch (79.632894ms)
✔ exact-review queue dispatches a closed command item to complete its acknowledgement (257.354277ms)
✔ exact-review queue limits live admission probes to one bounded pass (289.786601ms)
✔ exact-review queue throttles partial terminal admission passes (121.651461ms)
✔ exact-review queue resolves missing target responses before dispatch (248.509443ms)
✔ exact-review queue terminalizes every admitted ordinary publication before legacy dispatch (154.598657ms)
✔ terminal publication cleanup does not block review admission in the same alarm (96.888559ms)
✔ publication reconcile terminalizes a completed protocol-v1 publication after its target closes (124.445584ms)
✔ publication reconcile dry runs verify terminal legacy rows without deleting them (195.247625ms)
✔ publication reconcile terminalizes a closed legacy publication after its lease expires (56.5868ms)
✔ publication reconcile retains a legacy command publication awaiting acknowledgement (122.776115ms)
✔ publication reconcile preserves a legacy publication owned by an active batch (104.48749ms)
✔ publication reconcile preserves active legacy leases and newer publication authority (123.407873ms)
✔ publication reconcile terminalizes a completed protocol-v2 state-batch publication after its target closes (90.389663ms)
✔ publication reconcile retains a protocol-v2 command publication awaiting acknowledgement (73.303064ms)
✔ publication reconcile preserves protocol-v2 state-batch rows owned by an active batch or lease (154.654059ms)
✔ publication reconcile leaves a protocol-v2 state-batch row to existing stale-revision handling when a newer head exists (121.923996ms)
✔ exact-review batch preflight follows the publisher owner selection (126.638343ms)
exact-review batch workflow dispatch failed { event: 'batch_workflow_dispatch_failed', category: 'github_outage' }
✔ exact-review batch terminal probe resets for a later departure (158.620704ms)
✔ exact-review batch alarm avoids redundant full queue hydrations (129.241007ms)
✔ exact-review batch claims keep a newer departure fence when an older workflow arrives (129.25728ms)
✔ matching stale batch departures release their own fence and redispatch current work (161.413347ms)
✔ exact-review batch claim retries resume their existing leased batch (112.165655ms)
✔ exact-review batch accepts an in-flight pre-probe rolling-deploy departure (91.372181ms)
exact-review admission target check failed {
  event: 'admission_target_check_failed',
  category: 'permanent_rejection'
}
✔ exact-review queue retains a 404 item when the target repository is inaccessible (75.894923ms)
✔ exact-review queue dispatches an item that remains open (113.650232ms)
✔ exact-review queue supersedes a stale open pull-request head before dispatch (101.729391ms)
✔ exact-review queue refreshes a stale pull-request command to the current head (154.796069ms)
exact-review admission target check failed {
  event: 'admission_target_check_failed',
  category: 'validation_unknown'
}
✔ exact-review queue bounds item-specific terminal-state check failures (63.851322ms)
✔ exact-review admission warnings expose only closed categories and bounded counts (54.785682ms)
✔ exact-review operational warnings omit item identity and raw upstream failures (660.0286ms)
✔ exact-review authority deferral warnings omit repository, item, and exception identity (107.313637ms)
exact-review admission target check failed {
  event: 'admission_target_check_failed',
  category: 'validation_unknown'
}
exact-review admission target check failed {
  event: 'admission_target_check_failed',
  category: 'validation_unknown'
}
exact-review admission target check failed {
  event: 'admission_target_check_failed',
  category: 'validation_unknown'
}
exact-review admission target check failed {
  event: 'admission_target_check_failed',
  category: 'validation_unknown'
}
exact-review admission target check failed {
  event: 'admission_target_check_failed',
  category: 'validation_unknown'
}
exact-review admission target check failed {
  event: 'admission_target_check_failed',
  category: 'validation_unknown'
}
exact-review admission target check failed {
  event: 'admission_target_check_failed',
  category: 'validation_unknown'
}
exact-review admission target check failed {
  event: 'admission_target_check_failed',
  category: 'validation_unknown'
}
✔ exact-review queue parks an item after repeated item-specific target-state failures (198.650132ms)
exact-review admission target check failed { event: 'admission_target_check_failed', category: 'github_outage' }
✔ exact-review queue globally backs off admission GitHub outages without charging item attempts (195.020442ms)
exact-review admission target check failed { event: 'admission_target_check_failed', category: 'rate_limit' }
✔ exact-review queue globally backs off admission 403 rate limits without charging item attempts (169.646123ms)
exact-review admission target check failed {
  event: 'admission_target_check_failed',
  category: 'permanent_rejection'
}
✔ exact-review queue keeps healthy targets moving when one target App access fails (162.208278ms)
exact-review admission target check failed { event: 'admission_target_check_failed', category: 'authentication' }
✔ exact-review queue keeps healthy targets moving when one target item read is forbidden (216.397811ms)
✔ exact-review admission does not restore a publication batch claim reservation (81.875557ms)
✔ exact-review terminal admission does not remove a newer queue revision (154.720197ms)
✔ exact-review queue upgrades flow metrics without losing publication completions (35.238131ms)
✔ exact-review publication cause telemetry keeps public cardinality bounded (78.218967ms)
✔ exact-review queue migrates delivery receipts and retains them for seven days (38.613789ms)
✔ exact-review receipt acceptance and queue mutation commit atomically (63.613712ms)
✔ exact-review re-upgrade imports rollback-era queue mutations and receipts (41.976749ms)
✔ exact-review re-upgrade distinguishes a refreshed rollback receipt (39.730313ms)
✔ exact-review receipt pruning removes its translated shadow atomically (39.611862ms)
✔ exact-review re-upgrade fails closed for a divergent stale rollback shadow (31.7965ms)
✔ exact-review discards a stale rollback shadow when its refresh fails (40.385335ms)
✔ exact-review rolls SQL back when an obsolete shadow cannot be removed (36.331984ms)
✔ exact-review SQL rows outgrow the bounded rollback shadow without blocking intake (121.551902ms)
✔ exact-review migration removes its rollback shadow after one day (45.869535ms)
✔ exact-review imports an active rollback before expiring an old bridge (38.405404ms)
✔ a newer exact-review enqueue revokes a claimed immutable decision (30.848836ms)
✔ a newer exact-review enqueue revokes a claimed legacy workflow lease (31.860994ms)
✔ exact-review claims advance generations only for newer run attempts (33.74387ms)
✔ exact-review claim upgrades a legacy same-attempt generation (26.456681ms)
✔ exact-review claim and completion reject forged or incomplete lease tuples (54.527565ms)
✔ exact-review queue admits at most one active item per target repository (117.580159ms)
✔ exact-review review retries park at the attempt ceiling and recover after cooldown (311.730057ms)
✔ exact-review parking spreads a same-tick cohort across persisted recovery timestamps (64.025617ms)
✔ exact-review automatic parked recovery remains bounded (36.770536ms)
✔ exact-review queue removes a terminal target after parked recovery is exhausted (184.093381ms)
✔ exact-review queue retains open exhausted parked work and schedules another terminal check (98.966123ms)
exact-review admission target check failed { event: 'admission_target_check_failed', category: 'network' }
✔ failed parked terminal check does not block healthy pending review dispatch (199.696764ms)
✔ exact-review queue removes a terminal dispatch rejection after parked recovery is exhausted (73.088419ms)
✔ parked review operator routes paginate, resolve, and recover idempotently within caps (38.519731ms)
✔ parked review operator routes flag and refuse both command-context variants (30.97695ms)
✔ exact-review admission requeue_latest resets failures instead of parking at the review ceiling (30.634422ms)
✔ exact-review queue can use the global capacity for one target (169.215206ms)
✔ exact-review queue keeps publication artifacts durable outside review capacity (225.720102ms)
✔ exact-review queue wakes while target capacity remains (150.889977ms)
✔ exact-review queue defers retained backlog until a paused dispatcher retry (167.913066ms)
canonical_record_tuple_conflict
✔ canonical tuple publication updates Worker authority without a git projection row (39.011622ms)
canonical_record_tuple_rejected
✔ fallback tuple publication normalizes mixed-case keys onto existing lowercase storage (61.614582ms)
✔ review coverage summarizes canonical item records per fleet (45.151273ms)
✔ worker exposes review coverage through the public API route (30.205008ms)
Resolved 1 canonical record tuple(s)
Resolved 1 canonical record tuple(s)
✔ apply preselect and checkpoint publish captured canonical tuple baselines (94.681288ms)
✔ canonical tuple failures return stable errors and sanitize server logs (36.106725ms)
✔ publication plan, lifecycle, and snapshot failures log only fixed events (93.627442ms)
✔ canonical tuple publication accepts explicit absent sidecars and closed records (38.602097ms)
canonical_record_tuple_rejected
✔ internal state endpoints reject invalid HMAC signatures (28.12648ms)
✔ internal state writer routes authenticate and preserve durable ticket identity (46.166345ms)
✔ authenticated legacy exact-review intake enters the durable queue (33.22773ms)
✔ authenticated legacy pull request intake reserves source authority (26.494816ms)
✔ authenticated legacy intake durably reserves missing branch authority (26.903913ms)
✔ exact-review queue rejects unbounded or unsafe command context (26.288085ms)
✔ exact-review queue retries dispatch failures and reclaims an unclaimed lease (227.452072ms)
✔ exact-review queue automatically retries a parked dispatch rejection after cooldown (86.691914ms)
✔ exact-review queue retains a synchronize update after an unclassified 422 (98.638624ms)
✔ exact-review queue treats a secondary-limit 422 as a global retry (236.524098ms)
✔ exact-review queue globally backs off GitHub outages without charging item attempts (122.591464ms)
exact-review admission shed {
  event: 'admission_shed',
  category: 'scheduled_rate',
  lane: 'normal_backfill'
}
exact-review admission shed {
  event: 'admission_shed',
  category: 'scheduled_rate',
  lane: 'background'
}
exact-review admission shed {
  event: 'admission_shed',
  category: 'scheduled_rate',
  lane: 'background'
}
exact-review admission shed {
  event: 'admission_shed',
  category: 'scheduled_rate',
  lane: 'background'
}
✔ exact-review queue preserves a claimed lease after an ambiguous dispatch failure (311.210644ms)
✔ exact-review queue requeues a cancelled claimed lease (32.667088ms)
✔ exact-review publication capacity backs off on GitHub pressure and recovers gradually (112.69202ms)
✔ exact-review publication retries a state fetch timeout without throttling capacity (48.316155ms)
✔ exact-review publication records an unattempted target-app quota circuit as backoff (34.425579ms)
✔ exact-review publication gives state contention the transient retry budget (36.553451ms)
✔ exact-review publication defers an active review lease without throttling capacity (33.117174ms)
✔ exact-review publication supersedes stale tuples without counting a publish (36.900006ms)
✔ exact-review publication dead-letters exhausted permanent failures and replays idempotently (36.433216ms)
✔ exact-review dead letters expose diagnostics and recover fresh reviews in bounded batches (42.433114ms)
✔ a later exact-review cycle still publishes after an earlier cycle raised the publication head (36.649275ms)
✔ an existing exact-review item rebases above the publication head on a newer source event (42.062503ms)
✔ dead-letter fresh recovery seeds a review revision that can still publish (35.937885ms)
✔ exact-review fresh recovery preserves failed-shard review-only behavior (34.965502ms)
✔ exact-review fresh recovery leaves an active review item untouched (86.097039ms)
✔ guarded dead-letter recovery atomically rejects transferred active aliases (43.714499ms)
✔ guarded dead-letter recovery rejects inventory changes inside its transaction (37.304475ms)
✔ guarded dead-letter resolution preserves a concurrently active transferred alias (46.42409ms)
✔ superseded dead-letter resolution records its note and queue metrics honestly (53.578502ms)
✔ guarded dead-letter resolution rejects an entire mixed-safe batch atomically (38.630946ms)
✔ guarded dead-letter recovery retries remain idempotent after inventory changes (31.553393ms)
✔ guarded dead-letter recovery enforces live review capacity transactionally (37.108478ms)
✔ guarded dead-letter recovery enqueues transferred items at their canonical target (34.29963ms)
✔ guarded dead-letter recovery rejects canonical targets outside the sibling alias fence (36.635913ms)
✔ exact-review publication refreshes an artifact after its third unavailable attempt (34.76794ms)
✔ exact-review publication refreshes a deterministic invalid artifact immediately (27.457363ms)
✔ exact-review publication completes a close-coverage deferral without refreshing (39.127658ms)
✔ exact-review publication accepts the legacy close-coverage refresh during rollout (26.854737ms)
✔ exact-review publication retry budgets ignore earlier dispatch failures (30.42169ms)
✔ exact-review publication retains one unknown completion for a current-workflow retry (32.82662ms)
✔ exact-review exhausted unknown failures retain durable privacy-safe cause attribution (41.16211ms)
✔ ordinary exact-review retries do not increment publication retry telemetry (34.992516ms)
✔ exact-review completion rejects incompatible structured dispositions (28.027471ms)
✔ exact-review publication recovery ignores successful source-drift requeues (36.982704ms)
✔ exact-review queue completes a failed shard recovery without a second retry (27.494524ms)
✔ failed shard recovery does not replace an already-pending ordinary event (34.313057ms)
✔ failed shard recovery does not replace an ordinary active lease (43.691061ms)
✔ failed shard recovery does not replace an active recovery lease (31.057253ms)
✔ failed shard recovery replaces an expired recovery lease (30.459531ms)
✔ exact-review queue defers coordination without spending review attempts (117.323471ms)
✔ exact-review queue defers throttle without spending review attempts (67.632421ms)
✔ exact-review queue terminates incomplete source only for the unchanged revision (38.714866ms)
✔ exact-review queue validates terminal review failure reasons (32.407994ms)
✔ exact-review queue spends review attempts for an untyped retry deadline (29.41096ms)
✔ exact-review queue does not carry an old coordination deadline to a newer revision (29.908295ms)
✔ exact-review queue rejects invalid retry deferral contracts (32.103623ms)
✔ exact-review queue rejects regular-review retry kinds for publication work (26.666579ms)
✔ exact-review queue requeues a verified source drift exactly once without failure backoff (28.60632ms)
✔ exact-review success preserves an already-enqueued newer decision (29.708342ms)
✔ exact-review queue rejects invalid source-drift requeue requests (30.075355ms)
✔ exact-review completion rejects stale owners and is race-idempotent (75.956507ms)
✔ signed exact-review reconciliation releases only immutable terminal runs (194.509469ms)
✔ exact-review reconciliation targets leases beyond 64 entries without accepting stale claims (218.669162ms)
✔ exact-review reconciliation cannot release a later attempt with the same run id (140.092198ms)
✔ exact-review stats heals a missing or stale alarm and expired lease (67.848184ms)
✔ exact-review queue drops an expired failed-shard recovery unless a newer revision superseded it (63.94724ms)
{"event":"github_read_model_degraded","consumer":"dashboard_workflow_health","event_class":"workflow_runs","reason":"unavailable","probe_window_elapsed":false,"fallback":"live_poll"}
✔ status cache generation changes with the Bay comparison schema (8.249943ms)
✔ public status projection is fail-closed for nested identity-bearing metadata (7.618711ms)
✔ public status projection drops over-depth values and retains closed health enums (0.537033ms)
✔ public status projection drops fully sanitized array placeholders (0.399243ms)
✔ public status projection retains wedged rerun aggregates without run identities (0.441024ms)
✔ public status projection retains every closed Bay stage count (2.318973ms)
✔ public status projects publisher stages and a deduplicated aggregate without identity (1.846428ms)
✔ public Bay classifies scheduled batches without hiding direct recovery (0.531482ms)
✔ public Bay keeps opposite-path direct queue work beside an active legacy worker (1.173753ms)
✔ public Bay retains simultaneous direct and legacy workers for one target (0.578167ms)
✔ private active-key protection stays complete while public over-cap activity fails closed (4.518537ms)
✔ public status canonicalizes the disjoint Bay activity contract (4.700006ms)
✔ public Bay references retain only allowlisted canonical GitHub coordinates (4.866114ms)
✔ public Bay actions fail closed for malformed, private, and over-cap shapes (9.14572ms)
✔ public status rejects supplied live counts from incomplete worker censuses (1.341936ms)
✔ public status retains closed workflow categories and bounded tide counters (0.61563ms)
✔ public status projection drops malformed and unrecognized text while retaining bounded counts (3.494955ms)
✔ public status conservatively canonicalizes under-reported diagnostics (0.537377ms)
✔ public status rejects unknown scalar namespaces and unbounded recognized numbers (0.512604ms)
✔ public status marks invalid roots and timestamp channels incomplete (0.766005ms)
✔ public status filters a legacy cached body before it can be served (112.567766ms)
✔ public queue projection retains only closed operational aggregates (9.130299ms)
✔ public per-item queue routes are input-independent and never call private storage (2.319254ms)
✔ public queue HTTP route applies the closed projector before serialization (3.677861ms)
✔ state writer telemetry is optional, idempotent, and summary-safe (138.106196ms)
✔ exact-review queue drops the retired per-item review telemetry table (30.922671ms)
✔ removed per-item review telemetry write routes return not found (29.374694ms)
✔ public per-item review read contract returns a stable empty envelope (1.112309ms)
✔ public per-item review read contract ignores identifying queries (0.909955ms)
✔ review observer write is signed while aggregate telemetry remains read-only (51.768946ms)
{"event":"github_read_model_ingest_failed","failure":"queue_unavailable"}
{"event":"github_read_model_ingest_failed","failure":"queue_unavailable"}
{"event":"github_read_model_ingest_failed","failure":"queue_unavailable"}
✔ hosted webhook accepts author read-only mention commands (71.914473ms)
{"event":"github_read_model_ingest_failed","failure":"queue_unavailable"}
✔ hosted webhook materializes inline mentions without routing a command (2.640759ms)
✔ hosted webhook returns invalid_json for signed malformed bodies (2.041242ms)
{"event":"github_read_model_ingest_failed","failure":"queue_unavailable"}
{"event":"github_read_model_ingest_failed","failure":"queue_unavailable"}
{"event":"github_read_model_ingest_failed","failure":"queue_unavailable"}
✔ hosted webhook materializes label additions without exact-review intake (5.123853ms)
✔ hosted issue webhook enqueues without completing pull request authority (65.274468ms)
✔ hosted edited webhook binds and enqueues only the live pull request head (99.370128ms)
exact-review source authority verification deferred {
  event: 'source_authority_verification_deferred',
  category: 'network'
}
✔ hosted pull request verification preserves ingress through a transient failure and queue restart (135.146601ms)
✔ hosted reopened webhook advances to its verified current head (33.875495ms)
✔ exact-review queue drops a delayed matching ingress after the first review completes (166.405069ms)
✔ exact-review queue upgrades ingress receipts with admission tracking (41.926443ms)
✔ exact-review queue re-upgrade admits a direct receipt written by a rollback (45.257037ms)
✔ unadmitted fallback receipts do not suppress a later verified direct event (126.97341ms)
✔ a delayed counterpart cannot replace a newer admitted fallback (135.982133ms)
✔ a delayed direct ingress cannot promote across a newer legacy-only update (77.396933ms)
✔ exact-review queue coalesces matching ingress and promotes verified direct authority (78.381698ms)
✔ hosted webhook requeues unlocked and close-guard removal events (668.699295ms)
{"event":"github_read_model_ingest_failed","failure":"queue_unavailable"}
✔ hosted webhook materializes removal of non-close-guard labels (3.334416ms)
exact_review_queue_request_failed
✔ hosted webhook read-model failures log only a closed category (3.846343ms)
✔ hosted pull request receipt fast acks precede verification and stay idempotent (187.151582ms)
✔ hosted pull request receipts dedupe across opened and ready_for_review (132.530848ms)
{"event":"github_read_model_ingest_failed","failure":"queue_unavailable"}
✔ hosted webhook reuses existing fast ack comments on redelivery (158.11935ms)
{"event":"github_read_model_ingest_failed","failure":"queue_unavailable"}
{"event":"github_read_model_ingest_failed","failure":"queue_unavailable"}
✔ hosted webhook coalesces concurrent duplicate fast ack comments (79.707163ms)
{"event":"github_read_model_ingest_failed","failure":"queue_unavailable"}
✔ hosted webhook removes duplicate fast ack comments after concurrent redelivery (157.492683ms)
{"event":"github_read_model_ingest_failed","failure":"queue_unavailable"}
{"event":"github_read_model_degraded","consumer":"dashboard_workflow_health","event_class":"workflow_runs","reason":"unavailable","probe_window_elapsed":false,"fallback":"live_poll"}
✔ hosted webhook schedules post-dispatch fast ack cleanup (82.863633ms)
✔ dashboard shares in-flight GitHub App installation token across parallel requests (87.263164ms)
✔ dashboard html preserves client compactText regex escapes (17.640359ms)
[apply-artifacts] applied=1 skipped_closed=0
✔ decision packets preserve the exact Codex-authored maintainer decision (6.518774ms)
✔ labels and report prose cannot invent a maintainer decision (0.682479ms)
✔ maintainer decision validation requires one recommendation and an exact owner (1.087449ms)
✔ present malformed maintainer decisions fail closed (1.019447ms)
✔ promotion facts demote ambiguous maintainer metadata instead of crashing (0.649466ms)
✔ decision packets reject metadata after an injected front matter terminator (2.025245ms)
✔ decision packets prefer reconciled subject state (1.267475ms)
✔ decision packet sync writes pointers and removes stale generated state (4.877729ms)
✔ apply-artifacts anchors packet pointers to an explicit record root (426.536408ms)
✔ decision parser enforces required schema-shaped evidence (25.978152ms)
✔ decision parser validates typed live-proof plans and report roundtrips (13.894749ms)
✔ report live-proof parsing fails closed when the plan is missing or invalid (0.691779ms)
✔ report live-proof parsing preserves safe legacy plans and rejects ambiguous terminal plans (0.893031ms)
✔ historical live-proof parser rejects command separators (9.852953ms)
✔ historical live-proof parser preserves browser paths and nonrecommended empty entries (1.755245ms)
✔ decision parser preserves every terminal command including exact entry repeats (2.209051ms)
✔ decision parser accepts only a complete regression-provenance candidate shape (0.749742ms)
✔ decision parser accepts non-blaming regression assessments only with normalized evidence (1.3195ms)
✔ decision parser keeps maintainer intent model-authored and owner-consistent (2.608278ms)
✔ decision parser validates typed root-cause clusters (7.648814ms)
✔ root-cause report parsing defaults legacy and malformed reports safely (4.330939ms)
✔ decision parser neutralizes headings in every model-authored report prose field (2.433851ms)
✔ decision report prose neutralization is idempotent (0.961528ms)
✔ decision report prose normalizes Unicode line separators before neutralizing headings (0.936639ms)
✔ decision parser rejects multiline structural report fields (3.586336ms)
✔ dispatch receipt gate keeps an older active run as owner (138.524652ms)
✔ dispatch receipt gate allows retry after failed owner and receipt-only success (107.382255ms)
✔ dispatch receipt gate keeps a successfully executed worker as owner (31.838058ms)
✔ dispatch receipt gate keeps a failed run with a successful worker job as owner (46.423101ms)
✔ dispatch receipt gate fails closed when worker job verification fails (32.026804ms)
✔ docs site preserves the landing, documentation hub, and theme controls (1526.7557ms)
✔ docs site keeps non-current evidence out of canonical discovery (1621.708962ms)
✔ artifact receipts bind the complete publication tuple and remain immutable (17.532328ms)
✔ artifact cache retention prunes expired receipts and old unreferenced R2 objects (2.230589ms)
✔ artifact receipt cleanup is digest-indexed and bounded at realistic populations (8.863511ms)
✔ Worker artifact receipt endpoints use publisher scope, not operator scope (99.14215ms)
✔ dead-letter workflow is manual, serialized, and bounded to safe actions (6.274985ms)
✔ automatic dead-letter reconciliation is scheduled, bounded, and least privileged (26.320697ms)
✔ target-read App mode fails at startup for every incomplete credential pair (1319.322477ms)
✔ parked review reconciliation plans by default and executes terminal resolve plus open recovery (1674.074103ms)
✔ parked review reconciliation reports bounded HTTP and timeout skip diagnostics (437.008611ms)
✔ parked review reconciliation stops safely at the workflow deadline (1369.469507ms)
✔ automatic reconciliation resolves terminal rows and recovers one fresh review per target (448.063163ms)
✔ automatic reconciliation skips fresh recovery under pressure and enforces hard caps (1201.05039ms)
✔ automatic recovery rechecks authoritative pressure and deduplicates canonical GitHub identities (1128.39153ms)
✔ duplicate cleanup finishes before target-scoped recovery and safely resumes after failure (1566.261697ms)
✔ concurrent duplicate cleanup refreshes inventory before safe recovery (899.374789ms)
✔ an unchanged blocked cleanup cannot starve independent fresh recovery (434.857466ms)
✔ a blocked targetless legacy row cannot starve independent fresh recovery (416.475614ms)
✔ many blocked targetless legacy rows cannot exhaust the inventory refresh budget (475.883283ms)
✔ multiple independently blocked groups share one authoritative refresh (502.732857ms)
✔ blocked canonical targets are counted only once across inventory refreshes (436.013764ms)
✔ active and capped targets are counted only once across blocked inventory refreshes (898.231643ms)
✔ staged recovery retains its original target budget across a blocked refresh (425.501767ms)
✔ blocked duplicate cleanup fences its primary without starving another target (399.456705ms)
✔ only unchanged blocked groups fence aliases after an aggregated refresh (438.942813ms)
✔ a blocked transferred alias fences its whole target without starving another (456.467795ms)
✔ reconciliation rejects a non-atomic guarded cleanup response (370.416927ms)
✔ reconciliation rejects a malformed zero-mutation guarded cleanup response (367.135399ms)
✔ independent cleanup races refresh once before recovering current aliases (425.797725ms)
✔ inventory refreshes preserve the original per-run target budget (501.155917ms)
✔ inventory refreshes preserve cleanup counters when later target discovery fails (410.700948ms)
✔ automatic recovery rechecks pressure immediately after duplicate cleanup (379.751766ms)
✔ renamed aliases are grouped before recovery and active siblings block every alias (1339.838646ms)
✔ active publication siblings block recovery beyond the first resolution page (423.927059ms)
✔ automatic recovery refuses aliases omitted by caps or failed GitHub checks (1290.258105ms)
✔ bounded canonical discovery deduplicates transferred eligible aliases (433.615014ms)
✔ incomplete bounded inventories drain invalid rows without recovering unknown aliases (1427.38659ms)
✔ automatic recovery defers after cleanup unparks previously hidden aliases (372.011413ms)
✔ terminal cleanup stops immediately when it unparks new inventory (349.767068ms)
✔ automatic recovery stops after a successful recovery unparks hidden aliases (371.039982ms)
✔ automatic recovery stops when a skipped recovery unparks a hidden active alias (368.617827ms)
✔ automatic reconciliation preserves every independently active review fence (850.707065ms)
✔ singleton active sentinels cannot starve actionable canonical targets (377.513371ms)
✔ permanently ineligible targets cannot starve bounded recoveries (521.517138ms)
✔ distinct active publication and review fences survive transferred aliases (553.052401ms)
✔ every independently active transferred alias remains fenced (478.274549ms)
✔ reconciliation fully inventories more than 2,000 supported dead letters (1246.417689ms)
✔ 100-target reconciliation batches canonical lookups within the GitHub token budget (517.793183ms)
✔ batched canonical discovery skips a throttled batch and inspects later targets (441.431876ms)
✔ batched canonical discovery aborts on an authorization 403 (356.443786ms)
✔ terminal target rechecks stay bounded for closed issues and pull requests (967.414871ms)
✔ mid-sized closed pull-request inventories use GraphQL identity batching (993.674511ms)
✔ direct reconciliation defaults match the 100-target, ten-recovery schedule (435.056912ms)
✔ merged GraphQL pull requests are terminal and do not block other targets (801.071714ms)
✔ automatic recovery respects current and shrinking queue capacity (1245.584286ms)
✔ capacity-blocked open targets cannot starve later closed-target cleanup (431.663789ms)
✔ automatic recovery includes the authoritative transferred GitHub target alias (388.126864ms)
✔ automatic recovery preserves the only duplicate matching the current pull-request head (349.372148ms)
✔ duplicate resolution fences every transferred canonical sibling alias (429.594767ms)
✔ automatic reconciliation does not resolve a target that has reopened (413.451602ms)
✔ inaccessible canonical targets cannot starve independently invalid dead letters (377.300955ms)
✔ serial canonical discovery skips one throttle and recovers later targets (474.926028ms)
✔ multi-owner reconciliation recovers installed targets and reports missing installations (611.279897ms)
✔ a missing selected repository does not hide an accessible repository under the same owner (464.020065ms)
✔ throttled owner token mint 429 skips that owner's targets and recovers another owner (537.806704ms)
✔ throttled owner token mint 403 skips that owner's targets and recovers another owner (485.303467ms)
✔ throttled installation lookup skips that owner's targets and recovers another owner (611.530665ms)
✔ an installation removed before token mint remains a bounded missing-installation skip (516.045974ms)
✔ batched discovery skips a throttled owner setup and continues with another owner (466.023698ms)
✔ a cached setup throttle spanning three batches counts once and later owners continue (474.501904ms)
✔ ordinary installation_lookup 401 remains fail-closed (537.941794ms)
✔ ordinary installation_lookup 403 remains fail-closed (477.796174ms)
✔ ordinary token_mint 401 remains fail-closed (517.915735ms)
✔ ordinary token_mint 403 remains fail-closed (1014.781334ms)
✔ persistent setup throttling trips the shared fuse before another owner is attempted (931.314833ms)
✔ authorization 403 with a valid owner installation remains fail-closed (912.641533ms)
✔ serial canonical discovery aborts on an authorization 403 (610.24528ms)
✔ serial canonical discovery aborts after three consecutive throttles (404.82479ms)
✔ serial recovery revalidation skips one throttle and recovers later targets (479.923126ms)
✔ serial recovery revalidation aborts on an authorization 403 (546.28908ms)
✔ serial recovery revalidation aborts after three consecutive throttles (499.839021ms)
✔ automatic reconciliation leaves an advanced pull-request head open without canonical proof (772.348358ms)
✔ automatic reconciliation resolves a stale publication only with canonical newer-head proof (459.501268ms)
✔ head-mismatch supersession revalidates the live head immediately before resolution (383.469998ms)
✔ head-mismatch supersession enforces target and row caps (978.305139ms)
✔ head-mismatch supersession includes proven tuple failures but excludes workflow cancellation (959.465242ms)
✔ automatic reconciliation recovers a current-head tuple failure instead of superseding it (440.614183ms)
✔ automatic recovery revalidates the live GitHub target after cleanup (454.430253ms)
✔ automatic reconciliation classifies every deterministic skip path (3330.396888ms)
✔ automatic reconciliation explains every skipped target in a mixed scenario (461.268385ms)
✔ operator inventories every page, signs requests, and reports unique targets (368.739985ms)
✔ operator previews by default and caps mutations at two audited ids (5623.00203ms)
✔ exact-review handoff health reports an empty queue as idle (4.533253ms)
✔ exact-review handoff health exposes phase counts, ages, and available capacity (0.602915ms)
✔ exact-review handoff health distinguishes delayed and stalled claims (0.776195ms)
✔ exact-review handoff health surfaces paused and blocked dispatchers with pending work (0.296189ms)
✔ exact-review handoff health derives legacy dispatch age from its active lease (0.365897ms)
✔ exact-review handoff health uses dispatch time when a longer lease has a future derived start (0.281111ms)
✔ exact-review handoff health ignores stale rollback telemetry and unknown legacy ages (0.325158ms)
✔ exact-review handoff health derives legacy leased age from its execution lease (0.240803ms)
✔ exact-review pressure distinguishes available, congested, and saturated capacity (0.502137ms)
✔ exact-review pressure preserves non-dispatchable and unknown states (0.255522ms)
✔ idle publication activity is healthy regardless of retired writer history (0.302472ms)
✔ direct publication canonically stores, dedupes, and ratchets revisions (33.254554ms)
✔ direct publication makes section moves canonical with sibling and stale-sidecar tombstones (13.045976ms)
✔ direct publication idempotency compares canonical content (4.284519ms)
✔ direct publication preserves canonical targets and exact publication fences independently (12.975944ms)
✔ direct publication retains an immutable lifecycle recovery plan without backfill (23.674359ms)
✔ direct publication dedupes an accepted tuple after its batch fence is reclaimed (4.057171ms)
✔ direct publication preserves a reclaimed superseded fence outcome (5.532636ms)
✔ direct publication does not order independent fences by their local revisions (5.897587ms)
✔ direct publication chunks large canonical values without projection rows (1026.516595ms)
✔ direct publication prunes terminal plan receipts after seven days but keeps records (5.409327ms)
✔ direct publication replaces a retired pending plan with canonical state (4.352165ms)
✔ direct publication validates tuple and per-file size caps (4.474267ms)
✔ direct publication accepts repository-only path casing differences (6.114442ms)
✔ lowercase direct publication preserves operation bytes exactly (1.27696ms)
✔ canonical tuple packet references ignore only repository casing (6.709132ms)
✔ publication batches atomically select ready items without duplicate active ownership (6.366173ms)
✔ publication batches allow a bounded number of disjoint active owners (4.656416ms)
✔ batch schema migration derives a safe cap for an active legacy lease (3.251337ms)
✔ fresh batch schema remains writable by the current-main insert after rollback (2.970688ms)
✔ expired unfinished membership is reclaimable with a new fencing generation (4.854253ms)
✔ batch completion is fenced per item and retains publication metadata (4.905423ms)
✔ bounded cleanup preserves active batches and open dead letters (7.547567ms)
✔ cleanup retains fencing generations when a batch id is reused (5.151563ms)
exact-review legacy state-batch reconciliation could not read producer runs { event: 'legacy_state_batch_token_read_failed', category: 'network' }
exact-review legacy state-batch reconciliation could not read producer runs { event: 'legacy_state_batch_token_read_failed', category: 'network' }
✔ batch claims retain lifecycle identity until canonical routing is durable (129.206239ms)
✔ queue batch claim defaults off and additive schema keeps the legacy version (41.653554ms)
✔ critical publication health does not override review pressure (32.4357ms)
✔ legacy queue migration preserves receipts while adding empty batch tables (29.912774ms)
✔ batch claim honors the existing dispatcher pause gate (30.309112ms)
✔ an active batch blocks the legacy publisher until its lease expires (48.752427ms)
✔ queue claims distinct batches up to the configured concurrent owner cap (54.442531ms)
✔ batch claim serializes distinct publication events for the same durable item (38.589922ms)
✔ publication ingress is never shed by the review pending soft limit (40.056202ms)
✔ newer publication revisions supersede unowned pending rows at enqueue (37.964559ms)
✔ semantic lineage dedupe cannot leave obsolete rows eligible for a batch (349.021085ms)
✔ stale publication ingress is acknowledged without replacing a newer revision (42.594108ms)
✔ publication reconcile preserves active batches and removes older revisions after expiry (53.700903ms)
✔ publication reconcile backfills historical duplicate lineages in bounded passes (45.917858ms)
✔ publication lineage reconcile defers the whole lineage while a batch owns it (41.349037ms)
✔ batch claim scans beyond but cannot exceed the configured rollout size (54.416325ms)
exact-review publication terminal check failed { event: 'publication_terminal_check_failed', category: 'network' }
exact-review publication terminal check failed { event: 'publication_terminal_check_failed', category: 'network' }
exact-review publication terminal check failed { event: 'publication_terminal_check_failed', category: 'network' }
exact-review publication terminal check failed { event: 'publication_terminal_check_failed', category: 'network' }
exact-review publication terminal check failed { event: 'publication_terminal_check_failed', category: 'network' }
✔ rollout dispatches one full batch workflow without admitting legacy publishers (473.190177ms)
exact-review publication terminal check failed { event: 'publication_terminal_check_failed', category: 'network' }
exact-review publication terminal check failed { event: 'publication_terminal_check_failed', category: 'network' }
exact-review publication terminal check failed { event: 'publication_terminal_check_failed', category: 'network' }
exact-review publication terminal check failed { event: 'publication_terminal_check_failed', category: 'network' }
✔ rollout refills concurrent batch owner slots without exceeding the cap (159.19155ms)
✔ batch rollout wakes a retryable publication at its next eligibility time (32.571267ms)
✔ batch protocol routes require the shared internal signature (6.361151ms)
✔ batch claims reject partial dispatch metadata (25.659119ms)
✔ publication batch observability always retains active leases beside bounded history (7.816836ms)
✔ publication batch observability retains the most recently completed terminal history (5.255572ms)
✔ reservation-to-claim observability traces one batch without exposing lease credentials (67.479159ms)
✔ authenticated publication reconciliation dry-run reports without mutation (37.795565ms)
✔ queue fetch terminalizes a stale batch revision before dispatch (75.567321ms)
✔ batch heartbeat extends only the active fenced lease (41.277486ms)
✔ batch admission keeps one target owner for least-privilege credentials (32.837198ms)
✔ batch ask widens owner scanning without exceeding the configured lease size (39.656957ms)
✔ aged superseded publication does not dispatch a fresh owner before its deadline (128.161799ms)
✔ oldest publication aging deadline drives the alarm and then its owner claim (121.462589ms)
✔ fresh publication owner still wins when no owner's work has aged (33.831567ms)
✔ fresh publication admission reserves bounded service and preserves historical FIFO (61.113614ms)
✔ continuously replenished fresh work preserves historical progress across batches (70.764135ms)
✔ fresh publication admission flag restores strict historical FIFO (32.656631ms)
✔ batch fetch supersedes a claimed publication when the source head advances (43.783596ms)
✔ idempotent batch claims retain the cap recorded by the original lease (47.035408ms)
✔ queue completion atomically removes only the owned publication revision (44.311844ms)
✔ direct fenced cleanup treats an expired batch as an idempotent no-op (39.913168ms)
✔ retryable batch completion releases ownership and preserves queue retry policy (55.737185ms)
✔ batch completion refreshes deterministic invalid artifacts (41.98118ms)
✔ credential circuits persist, preserve healthy owners, and defer unattempted members without retry charge (1798.979146ms)
✔ repository Actions circuit blocks every publication batch until reset (61.041384ms)
✔ batch failure completion requeues a newer revision owned by the same lease (45.488657ms)
✔ batch published completion preserves a newer revision owned by the same lease (40.731464ms)
✔ partial batch completion publishes healthy members and releases retryable members (48.005439ms)
✔ batch completion schedules the remaining partial batch at its departure deadline (35.081239ms)
✔ ordinary publication failures retry within six minutes even after repeated failures (2.651947ms)
✔ GitHub rate limiting retains its longer protective retry ceiling (0.232176ms)
✔ non-unknown permanent failures keep their original one-then-five-minute confirmation (0.409123ms)
✔ publication retry exhaustion preserves transient, permanent, and unknown budgets (0.323516ms)
✔ faster retries preserve the previous unknown and transient outage horizons (2.857081ms)
✔ single-census read model is property-equivalent to the extracted implementation (478.530937ms)
{"event":"github_read_model_degraded","consumer":"review_planning_item","event_class":"issues_or_pull_requests","reason":"read_model_unavailable","probe_window_elapsed":false,"fallback":"live_poll"}
{"event":"github_read_model_degraded","consumer":"review_planning_item","event_class":"issues_or_pull_requests","reason":"read_model_unavailable","probe_window_elapsed":false,"fallback":"live_poll"}
{"event":"github_read_model_degraded","consumer":"review_planning_item","event_class":"issues_or_pull_requests","reason":"read_model_unavailable","probe_window_elapsed":false,"fallback":"live_poll"}
{"event":"github_read_model_degraded","consumer":"review_planning_item","event_class":"issues_or_pull_requests","reason":"read_model_unavailable","probe_window_elapsed":false,"fallback":"live_poll"}
{"event":"github_read_model_degraded","consumer":"review_planning_item","event_class":"issues_or_pull_requests","reason":"read_model_unavailable","probe_window_elapsed":false,"fallback":"live_poll"}
{
  "results": [
    {
      "repo": "openclaw/openclaw",
      "number": 4345,
      "action": "skipped_retry_dispatch_uncertain",
      "reason": "max runtime 2200ms reached during GitHub dispatch",
      "revisionKind": "item_source_revision",
      "revision": "386ab0a8c13d582ecee7243e7476e6152b7d21df8f282808f24c53437058cd5a",
      "attempts": 0,
      "reportPath": "/tmp/clawsweeper-test-Wz4D2G/items/4345.md",
      "dispatchUrl": "https://github.com/openclaw/clawsweeper/actions/workflows/sweep.yml"
    },
    {
      "number": 0,
      "action": "skipped_runtime_budget",
      "reason": "max runtime 2200ms reached during GitHub dispatch"
    }
  ],
  "dryRun": false,
  "attempted": 1,
  "dispatched": 0
}
{"event":"github_read_model_degraded","consumer":"review_planning_item","event_class":"issues_or_pull_requests","reason":"read_model_unavailable","probe_window_elapsed":false,"fallback":"live_poll"}
{
  "results": [
    {
      "repo": "openclaw/openclaw",
      "number": 4346,
      "action": "dispatched_failed_review_retry",
      "reason": "timeout",
      "revisionKind": "item_source_revision",
      "revision": "386ab0a8c13d582ecee7243e7476e6152b7d21df8f282808f24c53437058cd5a",
      "attempts": 1,
      "reportPath": "/tmp/clawsweeper-test-h5ebYW/items/4346.md",
      "dispatchUrl": "https://github.com/openclaw/clawsweeper/actions/workflows/sweep.yml"
    }
  ],
  "dryRun": false,
  "attempted": 1,
  "dispatched": 1
}
{"event":"github_read_model_degraded","consumer":"review_planning_item","event_class":"issues_or_pull_requests","reason":"read_model_unavailable","probe_window_elapsed":false,"fallback":"live_poll"}
{"event":"github_read_model_degraded","consumer":"review_planning_item","event_class":"issues_or_pull_requests","reason":"read_model_unavailable","probe_window_elapsed":false,"fallback":"live_poll"}
{"event":"github_read_model_degraded","consumer":"review_planning_item","event_class":"issues_or_pull_requests","reason":"read_model_unavailable","probe_window_elapsed":false,"fallback":"live_poll"}
{"event":"github_read_model_degraded","consumer":"review_planning_item","event_class":"issues_or_pull_requests","reason":"read_model_unavailable","probe_window_elapsed":false,"fallback":"live_poll"}
{"event":"github_read_model_degraded","consumer":"review_planning_item","event_class":"issues_or_pull_requests","reason":"read_model_unavailable","probe_window_elapsed":false,"fallback":"live_poll"}
✔ failed review retry aggregates large healthy scans without item receipts (4.085776ms)
✔ failed review retry eligibility requires infrastructure failure and matching live head (7.592894ms)
✔ failed review retry does not redispatch locked or closed no-action items (1.044541ms)
✔ failed issue reviews retry at a matching live source revision (1.557671ms)
✔ failed issue retry never dispatches a locked live item (480.707199ms)
✔ failed review retry eligibility treats Codex rate limits as infrastructure failures (0.431317ms)
✔ failed review retry eligibility treats checkout inspection failures as infrastructure (0.950948ms)
✔ failed review retry eligibility treats model access failures as terminal (0.538309ms)
✔ failed review retry eligibility rejects ambiguous terminal-failure metadata (0.416898ms)
✔ failed review retry ignores terminal-looking text outside dedicated evidence (0.389289ms)
✔ failed review retry ignores terminal-looking text injected into rendered evidence (0.247449ms)
✔ failed review retry eligibility enforces cooldown and max attempts per head (0.710018ms)
✔ failed issue retry dispatch binds the expected source revision (1696.323797ms)
✔ failed issue retry bounds a hung GitHub fetch and flushes its report (1649.257067ms)
✔ failed issue retry leaves an ambiguous dispatch unconsumed and prevents a duplicate (744.089833ms)
✔ failed issue retry records dispatch success before later eligibility checks (765.931779ms)
✔ failed issue retry limit stops after one uncertain dispatch without consuming an attempt (1267.073686ms)
✔ definite failed dispatch clears uncertainty without consuming the retry attempt (952.889398ms)
✔ expected issue source revision aborts drift and writes a requeue marker (1.980009ms)
✔ sweep workflow forwards source revision and bounds drift requeue (4.467045ms)
✔ failed retry metadata survives a repeated failure at the same revision (1.550212ms)
✔ failed review retry exhaustion is idempotent for the same head (1332.340714ms)
✔ implementation provenance ignores HTML-commented issue references (6.198324ms)
✔ fixed-SHA issue enrichment reuses repeats and batches cold resolutions (6.364449ms)
✔ a shared head SHA preserves exact association ordering (0.573074ms)
✔ a merge-commit match is authoritative even when another pull shares its head SHA (1.454159ms)
✔ a changed fixed SHA does not reuse a prior association (0.45242ms)
✔ PR implementation closeout revalidates current issue linkage on the repository default branch (1.651388ms)
✔ PR implementation closeout rejects a fixing merge commit no longer on the default branch (1.879058ms)
✔ apply-time PR closeout rejects stale issue linkage (0.557891ms)
✔ apply-time PR closeout propagates GitHub rate limits (4.794201ms)
✔ PR implementation closeout accepts a reviewed canonical PR even while the linked issue remains open (0.645752ms)
✔ apply-time PR closeout propagates GitHub runtime budget exhaustion (1.000867ms)
✔ apply-time PR closeout accepts the merged canonical PR's formal relationship to a still-open issue (0.312395ms)
✔ apply-time PR closeout fails closed when the canonical PR identifies a different closing issue (0.52683ms)
✔ apply-time PR closeout fails closed when GitHub has no canonical closing reference for the open linked issue (0.258706ms)
✔ apply-time PR closeout fails closed when the canonical PR only generically cross-references the open linked issue (0.438732ms)
✔ apply-time PR closeout fails closed when the formally linked issue is already closed (4.66773ms)
✔ apply-time PR closeout fails closed when the fixing merge commit left the default branch (0.426918ms)
✔ apply-time PR closeout propagates fixing-commit containment rate limits (0.839318ms)
✔ canonical GitHub App signer emits a verifiable RS256 JWT (227.289154ms)
✔ canonical GitHub App signer converts PKCS1 private keys to PKCS8 (133.798014ms)
{"event":"github_read_model_ingest_failed","failure":"queue_unavailable"}
{"event":"github_read_model_ingest_failed","failure":"queue_unavailable"}
{"event":"github_read_model_ingest_failed","failure":"queue_unavailable"}
{"event":"github_read_model_ingest_failed","failure":"queue_unavailable"}
{"event":"github_read_model_ingest_failed","failure":"queue_unavailable"}
✔ worker GitHub App call sites preserve plain error messages (266.993973ms)
✔ GH_DEBUG observation counts paginated wire attempts and strips unsafe diagnostics (10.68906ms)
✔ unsafe or unavailable wire parsing fails open with incomplete bounded metrics (1.859683ms)
✔ broker lookups and conditional responses use separate telemetry units (4.88337ms)
✔ descriptor exposes only closed method, operation, and route dimensions (2.21807ms)
✔ wire evidence completes high-level gh invocations without leaking their arguments (1.305465ms)
✔ runtime attribution follows the selected credential instead of throttle text (9.958883ms)
✔ publication workflows retain v1 metrics while wiring bounded v2 observation and upload (265.497878ms)
✔ signed upload, SQLite restart, retention, cardinality, and public privacy are bounded (250.614067ms)
✔ cap eviction watermarks preserve intact short windows without synthesizing missing buckets (6.589996ms)
✔ legacy eviction diagnostics migrate conservatively across restart (5.305205ms)
✔ signed egress evidence applies only authoritative resets attributable to Actions (77.89764ms)
✔ a deduped egress receipt cannot introduce circuit evidence from a conflicting body (35.62077ms)
✔ legacy egress receipts migrate without accepting new circuit evidence (2.348968ms)
✔ ETag keys fence credential pool, media type, query, and page (5.216376ms)
✔ projected GitHub reads bypass the durable ETag broker (10.564155ms)
✔ durable broker revalidates every read and keeps wire calls while avoiding quota charges (2.006412ms)
✔ durable store confirms 304 bodies by ETag and digest and enforces bounds (16.171577ms)
✔ publisher HMAC endpoints persist and confirm bodies while operator scope is rejected (127.923005ms)
✔ dashboard health reads send If-None-Match and replay only after durable confirmation (38.738198ms)
✔ JSON-lines loader retries a successful command with truncated output (3.241562ms)
✔ read model dedupes GUIDs, keeps object watermarks monotonic, tombstones, and TTL (44.684214ms)
✔ receipt expiry upgrades existing databases idempotently and uses a SQLite range search (33.828227ms)
✔ receipt expiry preserves bounded drain, cutoff and replay (tied=false) (88.042894ms)
✔ receipt expiry preserves bounded drain, cutoff and replay (tied=true) (65.480246ms)
✔ receipt expiry and watermark writes roll back together after a later prune failure (37.531992ms)
✔ comment-count gaps force a repair poll and a complete repair heals the collection (21.775176ms)
✔ signed webhook loopback covers lifecycle, comments, reviews, checks, runs, and jobs (146.484362ms)
✔ read-model failures expose only endpoint-owned error codes (31.666336ms)
✔ dashboard workflow snapshot preserves health decisions while removing run and job polls (4.172027ms)
✔ dashboard health revalidates and evicts stale phantom queued runs (275.167952ms)
{"event":"github_read_model_degraded","consumer":"dashboard_workflow_health","event_class":"workflow_runs","reason":"never_observed","probe_window_elapsed":false,"fallback":"live_poll"}
✔ dashboard health caps stale queued-run revalidation and drains oldest rows first (2508.980587ms)
✔ dashboard health ignores repair-fed workflow rows without subscription coverage (63.465073ms)
✔ exact-review lease capability reads only its own item without the webhook secret (31.805784ms)
✔ exact-review workflow exposes the scoped lease tuple but not the shared webhook secret (2.051869ms)
✔ GraphQL activity cursor v2 loopback proves request reductions and fallback (1501.892135ms)
#7 archive-label removal skipped: DELETE /repos/openclaw/openclaw/issues/7/labels/clawsweeper%3Aidea-archive returned 500
#7 revival comment skipped: POST /repos/openclaw/openclaw/issues/7/comments returned 500
#7 revived: reviving from the idea archive: community traction (5 positive reactions).
idea-archive revival: repo=openclaw/openclaw scanned=1 eligible=1 revived=1 errors=2 threshold=5 cap=10 direction=asc
✔ idea archive reaction threshold includes the exact boundary (4.308123ms)
✔ idea archive requires a sponsorship command and accepts the close-second boundary (1.03699ms)
✔ idea archive ignores maintainer comments without an explicit sponsorship command (0.288822ms)
✔ idea archive honors the maintainer login allowlist for contributor-associated sponsors (0.229598ms)
✔ idea archive ignores bot maintainer comments (1.782158ms)
✔ idea archive recognizes existing bot revival comments (0.385969ms)
✔ idea archive revival cap bounds one run (0.3212ms)
✔ idea archive scan alternates newest and oldest ends by six-hour UTC slot (0.244738ms)
✔ idea archive uses since pagination and reconciles partial reopen mutations (57.918667ms)
✔ idea archive sponsorship command must be a standalone line (0.508218ms)
✔ idea archive reconciliation skips freshly labeled open issues (0.757273ms)
Combined optional label sync for item 321 failed; retrying its final operations individually: labels can have a maximum of 100 labels
Skipping optional label sync for P2: labels can have a maximum of 100 labels
Combined optional label sync for item 321 failed; retrying its final operations individually: labels can have a maximum of 100 labels
Skipping optional label sync for P2: labels can have a maximum of 100 labels
Combined optional label sync for item 321 failed; retrying its final operations individually: labels can have a maximum of 100 labels
Skipping optional label sync for proof: sufficient: labels can have a maximum of 100 labels
Skipping optional label sync for proof: sufficient: resource not accessible by integration
✔ an exact-publication label batch emits one combined deterministic issue edit (18.264836ms)
✔ label definition discovery is cached across item batches (0.857802ms)
✔ managed label definitions are upserted only when the catalog differs (0.798943ms)
✔ forced definitions are repaired even when no item-label addition survives (0.253166ms)
✔ empty batches do nothing and ordinary apply retains immediate label commands (0.38976ms)
✔ the last queued operation wins for each normalized label (0.358374ms)
✔ discarded batches cannot mutate after publication is skipped (0.404154ms)
✔ optional batch failures retain successful final operations and report skipped additions (2.769068ms)
✔ a rejected optional-only batch does not publish a label-sync receipt (0.988514ms)
✔ capacity fallback publishes required additions before optional additions (1.728152ms)
✔ optional definition creation failures omit only the affected addition (0.789027ms)
✔ optional definition failures do not swallow freshness guard rejections (0.952499ms)
✔ a failed combined mutation has no same-attempt per-label fallback (0.457093ms)
✔ non-executable plans roundtrip through the production renderer and skip review execution (36.23262ms)
✔ plan labels retain whitespace tolerance without normalizing attachment lines (0.926044ms)
✔ malformed or ambiguous Steps payloads reject before review execution (50.836701ms)
✔ padded attachment markers reject before inspection or execution at raw section boundaries (245.122165ms)
✔ exact raw markers delimit steps while malformed attachment validation stays separate (3.211757ms)
✔ recommended plans still reject both empty report formats (5.198276ms)
✔ nonempty report steps preserve command order and attached verification/recording suffixes (19.353909ms)
[live-proof] sanitized environment assertion passed: credentials=0
[live-proof] item=42 head=fc126a2b1b19c78f049b05ad67d9a9bac8fde465 execution=unsandboxed credentials=0
✔ review live proof composes inherited Go environment settings (2.308571ms)
✔ review live proof inspection rejects invalid persisted plans (2.734907ms)
✔ review live proof runs an unsandboxed static plan with a sanitized child environment (7038.392021ms)
✔ terminal proof cannot pass from package-manager echo before a nonzero exit (4323.681687ms)
✔ terminal proof publishes the clean final viewport across stdout and stderr (3249.677179ms)
✔ terminal proof retains the end of successful output beyond the stream cap (3476.170393ms)
✔ terminal proof preserves an observed marker after later history eviction (4480.327656ms)
✔ terminal proof retains a burst marker beyond the default tmux history (3585.832942ms)
✔ terminal proof preserves its PTY and seals immediate mixed-stream output in order (1819.723484ms)
✔ terminal proof preserves inherited PTY descriptors in a detached Node child (3535.873427ms)
✔ terminal proof preserves direct /dev/tty output through held cutover (3326.601338ms)
✔ terminal proof executes extglob enabled inside the command file (2274.114795ms)
✔ terminal proof isolates tmux control variables from the target command (3302.681608ms)
✔ terminal proof publishes tmux-rendered clear, erase, overwrite, cursor, and reset states (15751.020522ms)
✔ terminal proof cleanup terminates signal-resistant descendants in distinct process groups (10096.351291ms)
✔ terminal proof cleanup survives target-triggered pane wrapper death (5982.097085ms)
✔ terminal proof cleanup ignores an unrelated process holding a checkout directory descriptor (3230.557617ms)
✔ non-recorded ready proof rejects a command that exits during the stability hold (6250.111134ms)
✔ terminal proof stays pinned to its original pane after another window is selected (3114.301289ms)
✔ terminal proof supervises consecutive commands in the same pane (6075.17848ms)
✔ terminal proof preserves hard newlines and exact whitespace (2161.750762ms)
✔ terminal proof does not satisfy a command from the previous pane state (6296.810872ms)
✖ Crabbox profile bootstraps a trusted synthetic Go-root/nested npm fixture through the review child (5378.392983ms)
[live-proof] installed target package manager pnpm: curl -fsSL https://get.pnpm.io/install.sh | sh -
▶ live-proof gates skip in order with a successful result
  ✔ environment flag (4.459397ms)
  ✔ repository opt-in (0.788729ms)
  ✔ plan status (0.694108ms)
  ✔ suspicious plan is never executed (0.48172ms)
  ✔ browser plan on terminal-only profile (0.611539ms)
  ✔ item kind (1.0461ms)
  ✔ PR open state (0.359229ms)
✔ live-proof gates skip in order with a successful result (13.842071ms)
✔ live-proof environments remove known and heuristic credential classes (2.82749ms)
✔ live-proof rejects an invalid recorded plan instead of treating it as a skip (1.087772ms)
✔ live-proof review child prints the sanitized-environment assertion (1.603363ms)
✔ live-proof install setup disables lifecycle scripts unless the profile opts in (0.997305ms)
✔ live-proof installs a missing Bun toolchain with the official installer (0.874668ms)
✔ live-proof resolves pnpm from the configured PNPM_HOME bin directory (4.818402ms)
✔ live-proof reports an unsupported package manager clearly (0.231622ms)
✔ Playwright generation keeps quotes, backticks, and newlines inside JSON data (95.43356ms)
✔ Playwright scrolls targets into view best effort, settles, and holds a six-second minimum (0.515529ms)
✔ Playwright probes every expected text immediately after the initial navigation (0.567656ms)
✔ terminal driver composes direct Xvfb, xterm, and bounded ffmpeg sessions (1.237265ms)
✔ terminal run waits for output and a successful final exit (33.281449ms)
✔ terminal keeps silent commands eligible for the full expectation window (21.785992ms)
✔ terminal expect_output polls until new command output appears (19.257153ms)
✔ terminal expect_output preserves leading and trailing marker whitespace (14.699846ms)
✔ terminal capture normalizes PTY control sequences and carriage returns (12.551094ms)
✔ terminal expect_output records text already present in the plan-start snapshot (19.742185ms)
✔ terminal command success cannot waive a missing output expectation (18.789652ms)
✔ terminal command timeout remains a failed output expectation (17.797941ms)
✔ terminal seals rolling capture before rendering a still-running timeout (60.643383ms)
✔ terminal rejects a capture stream that does not seal with clean EOF (8.468464ms)
✔ terminal nonzero and signal exits fail even when the expected marker is present (22.739773ms)
✔ terminal pane signals fail even when expected output is present (31.552465ms)
✔ terminal waits for tmux to publish a final zero exit (8.368298ms)
✔ held terminal cutover seals capture before controller-owned cleanup (9.806089ms)
✔ held terminal completion rejects malformed and missing status evidence (21.64234ms)
✔ terminal cleanup still runs after the pane wrapper exits (19.058229ms)
✔ terminal does not start the target without an exact watchdog arm receipt (50.395879ms)
✔ held terminal completion rejects a non-regular status path without blocking (23.575033ms)
✔ held terminal completion observes output rendered after status publication (10.395092ms)
▶ parsed finite terminal expectations wait for a summary after thirty seconds
  ✔ entry (30.571727ms)
  ✔ setup+run (30.715326ms)
  ✔ finite-before-ready (39.327322ms)
✔ parsed finite terminal expectations wait for a summary after thirty seconds (101.895232ms)
✔ terminal pane status corruption fails closed before controller cleanup (11.408065ms)
✔ terminal cleanup waits for both tmux process status and PTY closure (27.166826ms)
✔ terminal wrapper death owns failure status and seals capture after verified cleanup (17.757903ms)
✔ finite terminal expectations cannot pass an early summary followed by a nonzero exit (30.626234ms)
✔ terminal commands with no assertion or only a wait cannot hide a nonzero exit (31.926093ms)
✔ terminal finalization catches a prompt failure before cleanup (8.244296ms)
✔ terminal detects an active shell that exits before publishing prompt status (8.678682ms)
✔ terminal accepts a successful silent command (7.950396ms)
✔ terminal artifact errors redact private command paths (6.831145ms)
✔ ready_while_running requires a satisfied marker and a live final command (7.818285ms)
✔ terminal launch mode keeps intermediates and the final ready command supervised (14.086007ms)
✔ ready_while_running rejects a command that exits during pipe shutdown (33.747168ms)
✔ terminal rejects a pane identity change without scheduling tty cleanup (9.626654ms)
✔ terminal cleanup requires the exact pane receipt and pane death (142.200378ms)
✔ terminal cleanup joins signal workers and retains early failures (169.415423ms)
✔ terminal rejects a malformed pane readiness acknowledgement (46.947509ms)
✔ terminal cleanup fails when the pane does not die after scheduling (35.505439ms)
✔ terminal cleanup fails when tmux replaces the pane after scheduling (13.022831ms)
✔ terminal cleanup rejects an operational error receipt after pane death (22.199082ms)
✔ terminal cleanup cannot accept success while lease survivors remain (10.294106ms)
✔ ready_while_running fails when the final command exits during the recording hold (12.909234ms)
✔ ready_while_running fails when the final command exits during recorder finalization (13.726079ms)
✔ terminal output publishes only the final command viewport (27.395875ms)
✔ parsed terminal repeats execute independently and retain failure gates (55.186193ms)
✔ terminal entry executes once and publishes only its final visible viewport (150.773528ms)
✔ a previous terminal command failure blocks a following run step (12.493985ms)
✔ terminal commands preserve shell syntax in pane command files (66.107278ms)
✔ terminal executes Bash syntax that enables extglob inside the command file (9.987613ms)
✔ terminal published output excludes private command paths (8.910889ms)
✔ terminal cleanup removes explicit capture and controller temporary files (10.711205ms)
✔ ready terminal expect_output times out without matching the echoed command (23.356628ms)
✔ terminal expect_output cannot outlive the overall proof budget (12.741539ms)
✔ terminal wait steps cannot exceed the overall proof budget (24.90167ms)
✔ terminal recording holds the end state and enforces its minimum before finalizing (15.315512ms)
✔ terminal driver reports display readiness timeout with all pane diagnostics (5.291891ms)
✔ terminal driver accepts a recorder file that appears and grows late (18.936647ms)
✔ terminal driver reports a dead recorder with its pane diagnostics (4.743113ms)
✔ terminal driver waits for the recorder session to exit after sending q (26.675711ms)
✔ live-proof reports a failed drive without producing media (4.442159ms)
✔ live-proof keeps verification when every satisfied expectation was present at start (6.564336ms)
✔ live-proof emits a bundle when an initially absent expectation is satisfied (5.532769ms)
✔ live-proof keeps verification but skips media for a plan with no expectations (3.904791ms)
✔ live-proof skips a demonstrated recording shorter than three seconds (5.675813ms)
✔ live-proof keeps verification when the media probe cannot execute (6.307226ms)
✔ static-text terminal verification runs directly without recording tools (28.113108ms)
✔ an unobserved terminal marker fails verification and cannot produce recorded media (19.927935ms)
▶ execution setup failures preserve bounded streams in verification and rendered reasons
  ✔ stderr only: browser (2.576432ms)
  ✔ stderr only: terminal (1.450414ms)
  ✔ stdout cause after stderr notice: browser (1.054165ms)
  ✔ stdout cause after stderr notice: terminal (1.01392ms)
  ✔ long streams and unsafe markup: browser (1.510713ms)
  ✔ long streams and unsafe markup: terminal (1.268521ms)
  ✔ stdout only: browser (0.982139ms)
  ✔ stdout only: terminal (0.981509ms)
  ✔ spawn error: browser (1.437237ms)
  ✔ spawn error: terminal (1.075609ms)
  ✔ no output: browser (1.732901ms)
  ✔ no output: terminal (0.968769ms)
✔ execution setup failures preserve bounded streams in verification and rendered reasons (18.731111ms)
✔ browser readiness timeout publishes the last 40 sanitized server log lines (2.871211ms)
✔ browser readiness reports an exited start command without waiting for its timeout (1.719782ms)
✔ toolchain installer failures produce a published verification result (1.189506ms)
✔ live proof manifest is metadata-only and rejects URL-bearing extensions (0.382294ms)
✔ live verification validation rejects inconsistent or extensible public results (0.607084ms)
✔ passing browser verification explains its scenario scope without changing the receipt (0.441121ms)
✔ attached live verification requires one report-bound result (1.251508ms)
✔ attached live verification requires one ordered outcome per exact plan step (1.789917ms)
✔ live-proof attach rejects a receipt for an older same-head plan (3.093327ms)
✔ live-proof attach refuses stale heads before upload or publication (2.107082ms)
✔ merged publication trusts the review-bound head without a GitHub lookup (2.436165ms)
✔ queued publication classifies legacy verification as an invalid artifact before mutation (436.20692ms)
✔ queued publication leaves AWS upload failures retryable (6.414775ms)
▶ queued publication keeps media probe execution failures retryable
  ✔ MP4 ENOENT (3.053407ms)
  ✔ poster ETIMEDOUT (1.629494ms)
  ✔ empty stdout (1.527082ms)
  ✔ malformed JSON (2.038654ms)
  ✔ non-object JSON (1.368526ms)
  ✔ poster numeric rejection (2.89398ms)
✔ queued publication keeps media probe execution failures retryable (430.09441ms)
▶ queued publication keeps transient artifact filesystem failures retryable
  ✔ EIO (1.996109ms)
  ✔ EMFILE (1.744766ms)
  ✔ ESTALE (1.291364ms)
  ✔ missing syscall (1.497451ms)
  ✔ deterministic ENOENT (1.244225ms)
✔ queued publication keeps transient artifact filesystem failures retryable (9.109033ms)
✔ missing verification remains an invalid artifact at the attachment boundary (0.876039ms)
✔ missing live proof media remains an invalid publication artifact (4.548998ms)
✔ live-proof attach publishes the record before syncing its marker-backed comment (3.646734ms)
✔ live verification publishes without requiring or uploading media (1.869175ms)
✔ untrusted verification output cannot inject fences, HTML, or hidden markers (0.280887ms)
✔ browser verification publishes sanitized step outcomes and never document text (0.713681ms)
✔ completed action-only verification cannot pass without an observed outcome (0.462486ms)
✔ every expected outcome must be satisfied before live verification passes (0.510367ms)
✔ terminal verification preserves legacy unobserved assertion labels (0.357503ms)
✔ long terminal failures keep command, exit reason, and sanitized tail diagnostics (2.118918ms)
✔ live-proof detach removes only the recording block (2.087326ms)
✔ live-proof detach is a clean no-op when the record has no recording block (0.745692ms)
✔ live-proof maintenance syncs the marker-backed comment only after publication (7.156907ms)
✔ live-proof comment sync requires the exact published bundle result (1.879419ms)
✔ live-proof comment sync rejects a receipt for an older same-head plan (2.418266ms)
✔ live-proof detach dry-run prints mutations without changing the record (1.174656ms)
✔ live-proof attach command accepts detach without a bundle (1.402733ms)
✔ live-proof detach rejects record identity mismatches without requiring a manifest (1.868737ms)
✔ live-proof attach dry-run prints exact uploads and mutations without performing them (1.487367ms)
✔ automatic live proof is retired while historical artifact publication remains (242.060795ms)
{"event":"github_read_model_degraded","consumer":"review_planning_item","event_class":"issues_or_pull_requests","reason":"snapshot_stale_or_gap","probe_window_elapsed":false,"fallback":"live_poll"}
✔ live reads are shared only inside one generation (1.996006ms)
✔ generation bypass always reaches the live reader (0.454083ms)
✔ values bound before a mutation cannot cross the generation boundary (0.907963ms)
✔ fetchItem shares the full issue read and normalizes live label objects (2.193694ms)
✔ planning snapshot is decision-equivalent, repairs gaps, and mutation generations stay live (3.029337ms)
✔ buildLocalRangeReview synthesizes a PR item + offline diff from the local range (190.855074ms)
✔ buildLocalRangeReview falls back to a range title when the commit subject is empty (152.335115ms)
✔ buildLocalRangeReview fingerprints full commit messages beyond prompt truncation (219.755294ms)
✔ buildLocalRangeReview defaults base to origin/main when baseRef is empty (133.48208ms)
✔ buildLocalRangeReview yields no pullFiles for a commit that changes nothing (130.06952ms)
✔ buildLocalRangeReview handles renamed files (new path, non-empty patch, no tab leak) (170.02668ms)
✔ buildLocalRangeReview refuses a dirty working tree (committed-range contract) (114.275434ms)
✔ buildLocalRangeReview throws when HEAD has no commits beyond base (57.293372ms)
✔ review rejects --item-number combined with --local-range (388.793743ms)
✔ --local-range defaults to the current checkout and isolates gh config in artifacts (1183.126787ms)
✔ --local-range does not host-download proof video URLs from the body (1500.568789ms)
✔ --local-range carries hosted-shaped review history across related local iterations (8756.599454ms)
✔ the offline local-review CLI remains available as a package command (2.512039ms)
✔ local-review clean preserves GitHub isolation without diagnostic prompt copies (577.993427ms)
✔ local-review finding preserves GitHub isolation without diagnostic prompt copies (471.996654ms)
✔ commitMetadata offline mode uses only local git and never contacts GitHub (61.37486ms)
✔ local-review refuses a dirty working tree (195.726352ms)
✔ local-review rejects an unsupported repository instead of a foreign-profile fallback (177.50003ms)
✔ local-review rejects repositories covered only by a generic owner fallback (195.52502ms)
✔ local-review reports nothing to review when HEAD has no commits beyond base (208.094364ms)
✔ local-review scrubs both GitHub and GitHub Enterprise token aliases (1.349115ms)
✔ local-review disables web search and forbids network lookups in its prompt (3.233657ms)
hint: Using 'master' as the name for the initial branch. This default branch name
hint: will change to "main" in Git 3.0. To configure the initial branch name
hint: to use in all of your new repositories, which will suppress this warning,
hint: call:
hint:
hint: 	git config --global init.defaultBranch <name>
hint:
hint: Names commonly chosen instead of 'master' are 'main', 'trunk' and
hint: 'development'. The just-created branch can be renamed via this command:
hint:
hint: 	git branch -m <name>
hint:
hint: Disable this message with "git config set advice.defaultBranchName false"
To /tmp/clawsweeper-maintainer-report-WzHvRg/maintainers.git
 * [new branch]      main -> main
Cloning into '/tmp/clawsweeper-maintainer-report-WzHvRg/first'...
done.
To /tmp/clawsweeper-maintainer-report-WzHvRg/maintainers.git
   3091630..5b87789  HEAD -> main
Cloning into '/tmp/clawsweeper-maintainer-report-WzHvRg/retry'...
done.
HEAD is now at 3091630 seed reports
From /tmp/clawsweeper-maintainer-report-WzHvRg/maintainers
 * branch            main       -> FETCH_HEAD
Everything up-to-date
Generated report artifact is empty or exceeds its bounded file-count or size limit.
Generated reports must not contain Git control files.
✔ maintainer report jobs isolate generation, publication, and deployment credentials (3.441213ms)
✔ maintainer report publication stages new paths and retries idempotently (876.863701ms)
✔ maintainer report publication rejects empty artifacts and Git control files (122.23573ms)
✔ maturity shortlist script distinguishes eligible primary surfaces from exclusions (170.374594ms)
✔ Bay proof classifies only the exact GitHub API hostname (1.573144ms)
✔ OpenClaw process emits isolated config and invocation, joins payloads, and cleans state (217.504885ms)
✔ OpenClaw checkout inspection requires structured read evidence (1120.487286ms)
✔ OpenClaw exit-zero error envelopes synthesize process failures (592.142567ms)
✔ OpenClaw timeout stop reasons are exposed as ETIMEDOUT (225.79352ms)
✔ OpenClaw invalid JSON fails closed with a bounded stderr tail (174.128764ms)
✔ OpenClaw runner writes the normalized last message and notes ignored steering (411.664078ms)
✔ OpenClaw provider config rejects malformed and non-object JSON without echoing it (4.852226ms)
✔ OpenClaw kimi models get built-in provider defaults when none are configured (350.505058ms)
✔ OpenClaw non-kimi models get no built-in provider block (315.759953ms)
✔ OpenClaw subprocess env strips workflow credentials and keeps provider keys (350.081247ms)
✔ OpenClaw cerebras models get built-in provider defaults (412.951701ms)
✔ OpenClaw zai models get built-in Coding Plan endpoint defaults (380.486959ms)
✔ Pages reruns upload and deploy a run-attempt-scoped artifact (3.702108ms)
✔ PR close coverage proof rejects blank covered work before closing (10.554065ms)
✔ PR close coverage proof rejects blank source summary before closing (0.732316ms)
✔ PR close coverage proof rejects blank covering summary before closing (0.763211ms)
✔ PR close coverage proof rejects blank reason before closing (2.234009ms)
✔ PR close coverage proof can close when coverage is concrete (0.914266ms)
✔ PR close coverage proof envelope binds repo and exact pull request snapshots (3.998225ms)
✔ PR close coverage proof envelope rejects different repository (3.246591ms)
✔ PR close coverage proof envelope rejects stale prompt snapshot (1.748853ms)
✔ PR close coverage proof envelope rejects different source item (0.6966ms)
✔ PR close coverage proof envelope rejects stale source snapshot (0.541473ms)
✔ PR close coverage proof envelope rejects stale covering snapshot (0.533162ms)
✔ PR close coverage proof envelope rejects future generation timestamp (4.454762ms)
✔ PR close coverage proof envelope parser is strict (1.51406ms)
✔ PR close coverage proof can close concrete loopback embeddings bypass work (0.511799ms)
✔ PR close coverage proof keeps open when source work remains unique (0.487976ms)
✔ PR close coverage proof rejects generic covered work before closing (0.727491ms)
✔ PR close coverage proof rejects same-fix covered work before closing (0.454038ms)
✔ PR close coverage proof rejects same-behavior covered work before closing (0.55338ms)
✔ PR close coverage proof rejects supported same-behavior covered work (0.528672ms)
✔ PR close coverage proof rejects terse covered work: config (0.415633ms)
✔ PR close coverage proof rejects terse covered work: proof (0.27554ms)
✔ PR close coverage proof rejects terse covered work: legacy (0.308186ms)
✔ PR close coverage proof parser rejects unexpected model fields (1.033923ms)
✔ PR close coverage proof prompt escapes fenced blocks in JSON payloads (1.658098ms)
✔ PR close coverage proof binding ignores the owned item update timestamp (1.524414ms)
✔ PR close coverage proof prompt requires concrete coverage proof (0.583831ms)
✔ PR close coverage proof clean leaves no prompt copies in the proof tree (370.022866ms)
✔ PR close coverage proof finding leaves no prompt copies in the proof tree (82.8949ms)
[plan] unable to validate PR comment activity revisions for openclaw/clawsweeper items 1153-1153; hydration cache validation will fail closed: GraphQL unavailable
✔ planning batches PR activity validation and revisions move on add, edit, and delete (4.137436ms)
✔ large plans use bounded GraphQL pages and report their request count (7.262482ms)
✔ GraphQL errors and incomplete connections fail closed (1.756054ms)
✔ hydration-time checks reuse the planning query and revision decoder (1.214078ms)
✔ unchanged PR hydration snapshots reuse both lists after one hydration-time check (13.607618ms)
✔ apply-style validation reuses files, commits, and inline comments only after a live match (2.29188ms)
✔ apply consumes validated v2 snapshots while hydrating their missing file window (0.62958ms)
✔ changed PRs preserve full hydration bytes with partial or full reads (3.12199ms)
✔ invisible review-comment deletion falls back to a full read (0.776584ms)
✔ an edit between planning and hydration revalidates before using the snapshot (0.774655ms)
✔ hydration-time revision check failures rehydrate and do not publish a trusted snapshot (1.259691ms)
✔ hydration snapshot front matter round-trips (1.178508ms)
✔ oversized canonical records drop only the hydration snapshot (21.152035ms)
✔ normal-size canonical records keep the hydration snapshot byte-identical (0.886139ms)
✔ failed missing reports remove positive statuses through apply label sync (64.215119ms)
✔ failed not_applicable reports remove positive statuses through apply label sync (12.597513ms)
✔ report-based status selection requires external N/A proof without an action flag (4.036265ms)
✔ ClawSweeper PR rating labels use one themed overall label (1.905486ms)
✔ ClawSweeper PR rating label scheme exposes boring internal tiers (0.778823ms)
✔ ClawSweeper feature showcase label is positive-only and high signal (0.383231ms)
✔ ClawSweeper feature showcase label does not apply to unsafe or non-feature PRs (0.273755ms)
✔ ClawSweeper PR status labels use one current workflow status (0.534379ms)
✔ ClawSweeper PR status routes security owner acceptance to maintainer look (0.479358ms)
✔ unresolved proof routes contributors and maintainers to distinct owners (1.192306ms)
✔ historical receipt failures route to the proof owner without erasing independent proof (0.773371ms)
✔ ClawSweeper PR status labels preserve other label families (0.189591ms)
✔ ClawSweeper PR status labels respect priority ordering (0.628326ms)
✔ ClawSweeper PR status ignores bot-authored re-review guidance (0.516669ms)
✔ ClawSweeper PR status treats maintainer-only rank-up moves as ready (0.170685ms)
✔ ClawSweeper PR status labels are PR-only (0.134448ms)
✔ ClawSweeper PR status label scheme exposes workflow states (0.219299ms)
✔ ClawSweeper Telegram proof judgement controls the E2E proof label (0.192178ms)
✔ ClawSweeper replaces the legacy Telegram proof label during synchronization (0.496244ms)
✔ ClawSweeper priority label scheme exposes P0 through P3 labels (0.272462ms)
✔ ClawSweeper priority label descriptions fit GitHub label limits (0.209693ms)
✔ ClawSweeper priority label descriptions stay aligned with prompt and schema (3.03825ms)
✔ review prompt keeps unrelated CI noise out of triage priority (0.791931ms)
✔ ClawSweeper priority labels follow triage priority (0.335074ms)
✔ ClawSweeper label justifications render selected label reasons (0.232704ms)
✔ ClawSweeper impact label scheme exposes owned impact labels (0.55258ms)
✔ ClawSweeper impact label descriptions fit GitHub label limits (0.1868ms)
✔ ClawSweeper impact label descriptions stay aligned with prompt and schema (0.644353ms)
✔ ClawSweeper impact label schema avoids unsupported response-format keywords (0.686451ms)
✔ review prompt and schema define UX release-blocker override (0.776591ms)
✔ ClawSweeper merge-risk label scheme exposes PR-only merge warning labels (0.331139ms)
✔ ClawSweeper merge-risk label descriptions fit GitHub label limits (0.185669ms)
✔ ClawSweeper merge-risk label descriptions stay aligned with prompt and schema (1.884704ms)
✔ review prompt uses automation merge risk only for diff-caused automation risk (1.851835ms)
✔ ClawSweeper merge-risk labels remove stale owned labels and preserve unrelated labels (0.365939ms)
✔ ClawSweeper impact labels remove stale owned labels and preserve unrelated labels (0.481397ms)
✔ ClawSweeper maturity labels remove stale owned labels and preserve unrelated labels (0.338659ms)
✔ ClawSweeper updates managed maturity label metadata before applying it (0.894078ms)
✔ ClawSweeper impact labels do not alter PR review finding priorities (6.834964ms)
✔ ClawSweeper issue advisory labels expose high-confidence reproduction state (1.44992ms)
✔ ClawSweeper issue advisory labels expose work-lane routing state (0.429837ms)
✔ bulk-filed issues never enter automated fix dispatch (0.226614ms)
✔ ClawSweeper labels only small verified strict bugs as good first issues (0.899721ms)
✔ ClawSweeper respects human good first issue removal (3.367944ms)
✔ ClawSweeper issue advisory labels protect queueable issues from stale automation (0.259961ms)
✔ ClawSweeper issue advisory labels do not stale-proof non-queueable issues (0.280383ms)
✔ ClawSweeper issue advisory labels expose linked PR and human decision blockers (0.343571ms)
✔ ClawSweeper issue advisory labels remove stale owned labels and preserve other labels (0.443983ms)
✔ ClawSweeper issue advisory labels do not apply to pull requests (0.168662ms)
✔ valid recorded N/A proof fields and summary survive decision parsing (16.954345ms)
✔ host requires proof for external N/A in README.md even with an NA overall rating (60.171131ms)
✔ public status labels require proof for external N/A in README.md (17.376787ms)
✔ host requires proof for external N/A in src/arbitrary.ts even with an NA overall rating (7.300829ms)
✔ public status labels require proof for external N/A in src/arbitrary.ts (3.690791ms)
✔ N/A projection preserves scope, trust, authority, and exact override boundaries (84.101583ms)
✔ failed reviews, issues, and close proposals retain their distinct contracts (16.292658ms)
✔ media proof receives a shiny proof rating boost (9.830456ms)
✔ docs-only external PRs do not require real behavior proof (14.918853ms)
✔ renamed source paths remain part of docs-only proof checks (0.727324ms)
✔ mixed docs and source external PRs still require real behavior proof (9.760363ms)
✔ maintainer and bot proof exemptions keep readiness, ratings, and security consistent (85.99305ms)
✔ production-owner HTTP fault-boundary proof unblocks shared channel reliability PRs (10.322464ms)
✔ screenshot-only browser runtime proof blocks pass markers (4.753474ms)
✔ missing real behavior proof blocks pass and repair markers (4.777886ms)
✔ historical receipts preserve assessed proof, exemptions, patch caps, and merge guards (288.477155ms)
✔ mock-only real behavior proof blocks repair markers (1.336414ms)
✔ OpenClaw contributor changelog-entry findings are normalized (5.557266ms)
✔ OpenClaw maintainer changelog-entry findings stay actionable (1.369578ms)
✔ OpenClaw changelog normalization keeps real findings actionable (0.706169ms)
✔ OpenClaw changelog normalization keeps changelog tooling findings actionable (0.548204ms)
✔ pull request automerge pass is not blocked by generic protected labels (3.599955ms)
✔ pull request autofix review comments can emit pass verdicts without merge copy (3.068355ms)
✔ pull request automerge review comments with findings require repair (5.597447ms)
✔ pull request automerge findings trigger repair without work candidate frontmatter (0.88369ms)
✔ a bare forged proof section in model summary cannot raise the proof verdict (4.694414ms)
✔ a fenced forged proof section in model summary cannot raise the proof verdict (5.933313ms)
✔ a details forged proof section in model summary cannot raise the proof verdict (7.794663ms)
✔ a HTML comment forged proof section in model summary cannot raise the proof verdict (8.240118ms)
✔ report body lines cannot impersonate proof or rating front matter (7.395494ms)
✔ duplicate proof and rating front matter injected by a legacy scalar fails closed (4.643258ms)
✔ an early front matter terminator injected by a legacy scalar fails closed (2.916826ms)
✔ security-needs-attention reports block unopted repair and automerge pass markers (18.481046ms)
✔ pull request keep-open review comments suppress duplicate remaining risk text (43.368184ms)
✔ pull request keep-open review comments prefix each merge risk bullet (15.873179ms)
✔ pull request risk text does not priority-prefix routine CI noise (3.673745ms)
✔ pull request next step does not priority-prefix routine required status checks (74.585698ms)
✔ pull request risk text keeps diff-caused CI risk actionable (2.960322ms)
✔ pull request risk text keeps diff-caused status-check risk actionable (23.393113ms)
✔ pull request risk text keeps diff-caused required-check risk actionable (2.858764ms)
✔ pull request risk text keeps broken passing-check risk actionable (83.193719ms)
✔ OpenClaw pull request comments render PR surface inside evidence details (5.520327ms)
✔ pull request comments render one review metric digest item (2.871307ms)
✔ pull request comments render multiple review metric digest items near PR surface (3.033015ms)
✔ PR surface is OpenClaw pull-request only (5.781809ms)
✔ pull request keep-open review comments render repairable merge-risk options with one copy block (4.304657ms)
✔ pull request keep-open review comments strip nested ClawSweeper commands from copy block (4.296609ms)
✔ pull request keep-open review comments can recommend accepting intentional risk without a copy block (3.033372ms)
✔ pull request keep-open review comments do not force a recommendation for unclear merge risk (6.087564ms)
✔ pull request keep-open review comments allow multiple fix-before-merge options (3.159873ms)
✔ pull request keep-open review comments include pause or close when risk may outweigh value (2.82342ms)
✔ pull request review reports carry verdict and repair markers (0.590093ms)
✔ pull request reports without a repair candidate pause for human review (0.463766ms)
✔ non-PR review reports do not carry repair markers (0.179339ms)
✔ readReviewGit keeps raw reads isolated with a Git-compatible null device (26.467762ms)
✔ failed missing reports do not retain positive public status labels (77.957588ms)
✔ failed not_applicable reports do not retain positive public status labels (29.636939ms)
✔ report proof requirements preserve workflow precedence and contributor ownership (72.754089ms)
✔ sufficient real behavior proof allows automerge pass markers (6.628805ms)
✔ proof-blocked PR comments show proof cap while preserving patch quality (4.504043ms)
✔ active repair-loop statuses outrank proof fallback without preserving stale automerge (16.903241ms)
✔ recorded proof reconciles public proof statuses independently of historical receipts (135.819559ms)
✔ failed Codex review comments suppress PR readiness ratings (3.809623ms)
✔ public PR review comments explain label changes without duplicate justifications (5.005453ms)
✔ public PR review details justify derived rating label changes (8.467128ms)
✔ public PR review details justify stale owned label removals (16.47354ms)
✔ public PR review details justify derived rating label changes (10.692285ms)
✔ public PR review details justify stale owned label removals (3.470344ms)
✔ pane-local diagnostics create no stored-data warning or migration gate (full patch) (83.861022ms)
✔ pane-local diagnostics create no stored-data warning or migration gate (production-normalized patch) (17.116777ms)
✔ runtime state names and typed parameters alone do not establish stored data (1.059189ms)
✔ storage evidence still warns and gates browser, runtime, and schema changes (109.649032ms)
✔ strong persistence evidence remains unknown when production normalization loses content (3.32963ms)
✔ config surface reports force human review instead of automerge pass (0.553602ms)
✔ config surface reports preserve security-sensitive markers (1.566702ms)
✔ config surface detector finds schema and plugin manifest additions (1.548952ms)
✔ config surface detector ignores non-semantic docs wording (0.569247ms)
✔ config surface detector finds added and removed schema keys (0.240846ms)
✔ config surface detector finds schema assembly changes (0.287649ms)
✔ config surface detector fails closed for schema continuation changes (0.335053ms)
✔ config surface detector fails closed for missing patches (0.240208ms)
✔ config surface detector fails closed for truncated file patches (0.238544ms)
✔ config surface detector fails closed for renamed config surface files (0.159517ms)
✔ config surface detector fails closed for truncated pull files (0.185054ms)
✔ tooling diagnostic and subprocess regression do not produce a stored-data warning (5.964445ms)
✔ real #119762 workflow metadata carrier does not produce a stored-data warning (0.363073ms)
✔ bundled hook prose does not become a persistence warning or migration gate (7.806486ms)
✔ Markdown persistence contracts and structured frontmatter remain detectable (0.953308ms)
✔ data model detector scopes plain form-validation schema fields (0.30988ms)
✔ data model detector scopes ordinary protocol fields without persistence evidence (0.505053ms)
✔ data model detector scopes protocol schema with a missing patch (0.2006ms)
✔ data model detector scopes unchanged storage beside a separate hunk with typed display parameters (0.169147ms)
✔ data model detector scopes colocated test serialization (0.102556ms)
✔ data model detector scopes test setup with a missing patch (0.080257ms)
✔ data model detector scopes fixture with a truncated patch (0.086024ms)
✔ data model detector scopes example storage setup (0.152138ms)
✔ data model detector scopes test to production rename with a missing patch (0.108014ms)
✔ data model detector scopes production to test rename with serialization removed (0.125358ms)
✔ data model detector scopes production to fixture rename with a missing patch (0.085944ms)
✔ data model detector scopes truncated file list containing only test setup (0.270274ms)
✔ data model detector scopes workflow-only persistence vocabulary (0.152552ms)
✔ data model detector scopes workflow to production rename with a missing patch (0.870578ms)
✔ data model detector finds production persistence and semantic docs changes in mixed diffs (0.70466ms)
✔ data model detector ignores query-only and non-semantic docs changes (0.317807ms)
✔ SQLite schema detector finds production table changes and ignores non-schema SQL (0.259535ms)
✔ production path classification preserves test segment and basename boundaries (0.405817ms)
✔ production path classification is bounded for repeated test markers (0.851615ms)
✔ SQLite schema warning is visible for table changes and absent otherwise (5.207923ms)
✔ data model detector flags path-hinted persisted field declarations (0.507794ms)
✔ data model detector fails closed for missing and truncated likely-surface patches (0.238581ms)
✔ data model reports force human review without migration proof (7.309634ms)
✔ data model warnings escape marker-like surface filenames (3.609339ms)
✔ data model reports can pass when migration proof is recorded (3.542696ms)
✔ data model reports can pass when no migration is required and compatibility is verified (4.370004ms)
✔ data model reports reject explicitly negative migration proof (2.745695ms)
✔ data model reports reject requested future migration proof (4.639319ms)
✔ data model reports reject planned migration tests as proof (3.37135ms)
✔ data model reports reject hypothetical compatibility proof (2.92914ms)
✔ OpenClaw PR surface buckets classify changed paths (4.042544ms)
✔ OpenClaw PR surface stats aggregate rows and totals (3.170081ms)
✔ OpenClaw PR surface summary omits zero buckets but table keeps them (0.958476ms)
✔ short primary body stays intact without metadata: object, 0 (4.856139ms)
✔ short primary body stays intact without metadata: undefined, 0 (0.1919ms)
✔ short primary body stays intact without metadata: string, 0 (0.19304ms)
✔ short primary body stays intact without metadata: string, 11999 (0.405335ms)
✔ short primary body stays intact without metadata: string, 12000 (0.133417ms)
✔ 12,001-unit body reserves serialized coverage budget (1.797063ms)
✔ early supplemental proof cannot crowd out the later actual trace (4.163376ms)
✔ bounded exact coverage with no anchors (9.652718ms)
✔ bounded exact coverage with repeated and overlapping anchors (8.632446ms)
✔ bounded exact coverage with candidate overflow (30.614754ms)
✔ bounded exact coverage with malformed details and fences (52.748176ms)
✔ bounded exact coverage with oversized trace (22.011673ms)
✔ bounded exact coverage with JSON escaping (22.689202ms)
✔ bounded exact coverage with astral prefix and excerpts (6.058144ms)
✔ bounded exact coverage with CRLF (11.12215ms)
✔ surrogate pairs at prefix and supplemental cuts remain whole (8.781901ms)
✔ generic compactors keep related body, comment, list, commit and patch budgets (1.376408ms)
✔ queue pressure levels include threshold boundaries (2.110663ms)
✔ queue pressure levels honor environment overrides (0.648849ms)
✔ queue pressure fetch reads public aggregate stats (65.738675ms)
✔ queue pressure uses review thresholds and ignores independent publication health (3.640415ms)
✔ queue pressure exposes free candidate capacity after active and pending review work (1.044596ms)
✔ queue pressure fetch fails closed for background admission on errors, timeouts, and malformed bodies (13.148147ms)
✔ worker limits scale every background lane and leave priority lanes unchanged (0.821997ms)
✔ a publication-critical unavailable probe cannot admit the normal 89-shard background burst (0.299029ms)
✔ recent durable publication events bucket each requested window without lifecycle inference (5.544775ms)
✔ recent durable publication events preserve idle and unknown without partial counts (2.580709ms)
✔ recent durable publication events keep malformed and mixed sources unknown and redact rows (2.04587ms)
{"event":"github_read_model_degraded","consumer":"review_planning_item","event_class":"issues_or_pull_requests","reason":"read_model_unavailable","probe_window_elapsed":false,"fallback":"live_poll"}
{"event":"github_read_model_degraded","consumer":"review_planning_item","event_class":"issues_or_pull_requests","reason":"read_model_unavailable","probe_window_elapsed":false,"fallback":"live_poll"}
[reconcile] deferred: GitHub API rate limited until 2026-08-30T21:45:22.255Z; credential scope target_app; reset source fallback: Command failed: /home/jules/.nvm/versions/node/v24.20.0/bin/node /tmp/clawsweeper-test-sqbHOo/bin/gh.js api repos/openclaw/openclaw/issues?state=open&sort=created&direction=asc&per_page=100&page=1 --jq .[] | {number,title,html_url,created_at,updated_at,author_association,user:{login:.user.login},labels:[.labels[].name],pull_request:(.pull_request // null)}
gh: API rate limit exceeded for installation. (HTTP 403)


gh: API rate limit exceeded for installation. (HTTP 403)

✔ scoped reconciliation never changes records outside its selected batch (615.621438ms)
✔ scoped reconciliation archives a deleted item only after confirming repository access (637.642028ms)
✔ scoped reconciliation never archives an item when repository access is missing (652.859289ms)
✔ reconcile reports every changed record tuple and cleans already-closed sidecars (617.707222ms)
✔ unscoped reconciliation defers without mutations when the open-state scan is rate limited (598.430822ms)
✔ signed record export bounds reconstruction work and source bytes while paginating exactly (1391.374063ms)
✔ signed record export does not advertise an empty page at the record boundary (67.235062ms)
✔ signed record export preserves historical backfill items and canonical tombstones (30.669235ms)
✔ signed record export returns one oversized serialized record and advances (607.620604ms)
✔ signed record export hides missing and invalid logical byte metadata (86.15579ms)
✔ real shallow blame cannot attribute an unchanged line with parent available (525.084445ms)
✔ real shallow blame cannot attribute an unchanged line with parent missing (347.00589ms)
✔ real introduction keeps code author, committer, PR author and merger independent (279.543227ms)
✔ configured blame exclusions cannot certify an older version of the reviewed line (421.565451ms)
✔ shallow exact rename cannot certify the renamer as the line author (278.167231ms)
✔ shallow inexact rename cannot certify the renamer as the line author (251.970035ms)
✔ commit file-touch and unchanged merge-parent lines cannot become introduction evidence (300.149199ms)
✔ raw parents ignore replacement commits and target diff callbacks (348.134578ms)
✔ legacy grafts cannot make an unrelated root the source-line author (282.465586ms)
✔ Git identity records reject forged authors after CR (297.782518ms)
✔ Git identity records reject forged authors after line separator (304.504136ms)
✔ Git identity records reject forged authors after paragraph separator (284.613998ms)
✔ porcelain filenames cannot be forged by CR inside a Git identity (251.399561ms)
✔ added source text cannot forge a diff hunk for an unchanged line (210.896385ms)
✔ invalid source pointers, metadata, missing objects and stale checkout fail closed (214.740637ms)
✔ rewrite equivalence retains only exact location-and-context-preserving patch associations (739.136457ms)
✔ legacy public reports cannot promote unverified owner prose (83.111194ms)
✔ required decision owner remains in the bounded normalized routing set (233.580225ms)
✔ local review publishes host facts through the report and public comment round trip (6286.635947ms)
✔ action-ledger CLI accepts the package-manager argument separator (118.261851ms)
✔ action-ledger CLI accepts an explicitly empty finalization (118.617719ms)
✔ action session classifies issue implementation and PR repair work (1.639675ms)
✔ action session builds stable work and run identifiers (0.390899ms)
✔ action session reads the configured CrabFleet owner principal (0.90901ms)
✔ action session prefers the full source URL from the job body (0.394283ms)
✔ adaptive review budget normalizes REST aggregate and gh file shapes (3.324142ms)
✔ adaptive review budget caps video preprocessing allowance (0.356652ms)
✔ repair apply blocks PR duplicate close when coverage proof keeps the source open (1215.664318ms)
✔ repair apply blocks stale covering PR refs instead of crashing (616.064671ms)
✔ repair apply requeues transient coverage proof setup failures (1008.78805ms)
✔ repair apply blocks proof subprocess failures after hydrating valid covering PRs (2647.058743ms)
✔ repair apply blocks F-rated covering PRs before coverage proof (1248.127161ms)
✔ repair apply compacts PR bodies in coverage proof prompts (3225.780716ms)
✔ repair apply filters automation comments from coverage proof prompts (2403.855526ms)
✔ repair apply blocks PR superseded close when coverage proof keeps the source open (1777.70439ms)
✔ repair apply blocks PR generic-duplicate close when coverage proof keeps the source open (1246.524554ms)
✔ repair apply blocks PR generic-superseded close when coverage proof keeps the source open (1104.35442ms)
✔ repair apply blocks PR generic-fixed-by-candidate close when coverage proof keeps the source open (1326.991747ms)
✔ repair apply blocks PR superseded-candidate close when coverage proof keeps the source open (1078.096892ms)
✔ repair apply blocks PR fixed-by-candidate close when coverage proof keeps the source open (1460.103798ms)
✔ repair apply blocks PR post-merge close when coverage proof keeps the source open (1249.033791ms)
✔ repair apply checks superseded candidate PR coverage before canonical issue (1727.293646ms)
✔ repair apply bounds covering PR comments when issue comment count is absent (2403.974785ms)
✔ repair apply blocks PR close when open covering PR lacks positive proof (1348.020418ms)
✔ repair apply executes PR duplicate close when coverage proof says covered (2500.693419ms)
✔ repair apply executes PR superseded close when coverage proof says covered (1958.128081ms)
✔ repair apply executes PR superseded-candidate close when coverage proof says covered (1567.445943ms)
✔ repair apply executes PR duplicate-of alias close when coverage proof says covered (1823.142831ms)
✔ repair apply executes PR fixed-by-candidate close when coverage proof says covered (1692.468666ms)
✔ repair apply executes PR fixed-by alias close when coverage proof says covered (1806.154927ms)
✔ repair apply executes PR fix-candidate alias close when coverage proof says covered (1915.517644ms)
✔ repair apply executes PR post-merge close when coverage proof says covered (1401.544615ms)
✔ repair apply rechecks target freshness after coverage proof passes (1263.336531ms)
✔ repair apply rechecks covering PR safety after coverage proof passes (1506.633921ms)
✔ repair apply rechecks covering PR freshness after coverage proof passes (1178.431605ms)
✔ repair apply requeues transient post-proof covering PR safety failures (1485.177757ms)
✔ repair apply skips target closed after proof when updated_at is missing (1099.967642ms)
✔ repair apply treats already-closed PR duplicate close as idempotent before coverage proof (349.810207ms)
✔ repair apply leaves issue duplicate close behavior unchanged (654.780869ms)
✔ repair apply leaves current-main fixed closeout outside coverage proof (134.806908ms)
✔ post-flight authorization promotes only candidate-bound closeouts into guarded apply (0.763646ms)
✔ automerge E2E container preserves nested production containment (3.967015ms)
✔ automerge E2E container is readable by the runtime and restores output ownership (0.592208ms)
✔ automerge E2E builds the default base from repository-controlled source (0.780788ms)
✔ automerge E2E runs on OpenClaw's supported Node 24 floor (0.584631ms)
✔ automerge E2E uses the production containment runner and container entrypoint (4.041757ms)
✔ automerge E2E builds its cached base from repository-controlled source (0.518444ms)
✔ automerge E2E is read-only and excludes untrusted fork pull requests (0.261183ms)
✔ automerge E2E uploads the container proof even when a scenario fails (0.214811ms)
✔ openclaw-shaped automerge fixture preserves production repository contracts (450.593992ms)
✔ automerge no-op continuation derives target head from matching canonical PR (2.052173ms)
✔ automerge no-op continuation does not borrow head from a different canonical PR (0.351542ms)
✔ automerge planning head binding accepts only the exact reviewed revision (1.814246ms)
✔ automerge continuation matches a canonical PR whose slug differs only by case (0.377369ms)
✔ automerge continuation still rejects a genuinely different repository (0.248505ms)
✔ sameRepoSlug compares case-insensitively without matching empty slugs (0.664656ms)
✔ automerge fast rebase is limited to adopted branch repairs (6.548572ms)
✔ automerge shepherd waits for an exact-head trusted pass (8.747806ms)
✔ automerge shepherd refuses failed, malformed, and legacy verification markers (0.746733ms)
✔ automerge shepherd accepts a behind head after exact-head review and checks pass (0.283354ms)
✔ automerge shepherd treats head movement as terminal for the current repair (0.307046ms)
✔ automerge shepherd releases the worker when exact-head review requests another repair (1.648637ms)
✔ automerge shepherd ignores stale and untrusted repair requests (0.394884ms)
✔ automerge shepherd uses the latest trusted exact-head review decision (3.120845ms)
✔ automerge shepherd invalidates an older pass after an exact-head close verdict (0.619185ms)
✔ automerge shepherd stops when latest exact-head review requires human handling (4.394181ms)
✔ automerge shepherd routes repairable needs-human findings back to repair (3.977016ms)
✔ automerge shepherd stops on terminal check failures before review pass (0.40541ms)
✔ automerge shepherd wait config is bounded and configurable (0.280557ms)
✔ mergeAutomergeTimelineSection appends and updates progress rows (12.496463ms)
✔ mergeAutomergeTimelineSection drops same-PR comment URLs (0.555648ms)
✔ mergeAutomergeTimelineSection normalizes old inline marker rows (0.346954ms)
✔ repair workflow reports failed automerge sessions without changing control flow (8.227694ms)
cluster intake recovery skipped unverifiable ledger results/cluster-repair-intake/openclaw-openclaw.json: cluster intake ledger has unknown field: injected_by_state_writer
✔ duplicate intake is idempotent and a completed dispatch never regresses (24.963659ms)
✔ durable selector decisions preserve rejected clusters even when no job is selected (5.390616ms)
✔ selector decision sidecars merge stale snapshots without losing unrelated decisions (16.366623ms)
✔ selector decisions must match selected job identities and references (3.966184ms)
✔ a cluster with one live candidate and closed context passes durable acceptance (0.867482ms)
✔ claiming a newer store preserves completed outcomes for older stores (4.925377ms)
✔ an older store replay cannot rewind the processed-store marker (1.362072ms)
✔ a newer store cannot overwrite or redispatch an already accepted cluster (1.243039ms)
✔ same-path conflicting intents keep only the ledger-accepted digest (3.152746ms)
✔ oversize durable jobs are rejected before workflow dispatch (1.339416ms)
✔ every accepted job fits a complete workflow dispatch independently (9.51556ms)
✔ durable intake binds embedded job semantics to its target and fail-closed policy (1.42645ms)
✔ dispatch recovery retries pending intent and completed dispatch is idempotent (188.532305ms)
✔ cluster dispatch retains pending intent while worker capacity is full (2.2565ms)
✔ one materializer run reserves capacity before Actions exposes new workers (1.380225ms)
✔ cluster dispatch persists an available subset and recovers the remainder (193.959126ms)
✔ simultaneous conflicting snapshots dispatch the ledger-accepted job once (110.480859ms)
✔ a capacity-blocked intake recovers from its durable ledger without the queue row (98.974466ms)
✔ failed or invisible worker claims retry without terminalizing durable intent (195.424444ms)
✔ recovery rediscovers a successful worker when the claim publication was lost (83.260208ms)
✔ the durable claim is published before the workflow dispatch side effect (91.732857ms)
✔ a crash between claim publication and dispatch redispatches exactly one worker (219.857586ms)
✔ recovery refuses git state without a verifiable accepted-intent receipt (7.254945ms)
✔ a later batch dispatch failure does not hide the earlier successful worker (376.424979ms)
✔ dispatch observation terminalizes only a successful planning worker (878.098459ms)
✔ worker restores only an authenticated semantically valid durable job (5.537133ms)
✔ worker rejects path and payload substitution even with a valid job digest (3.086656ms)
✔ accepted-intent receipts bind durable recovery authority (7.263574ms)
✔ v2 cluster intake ledgers reject unvalidated JSON shapes (1.311294ms)
✔ selector decision sidecars reject unvalidated persisted shapes (1.381337ms)
✔ cluster worker passes workflow inputs through environment boundaries (122.783878ms)
✔ generated issue workers can create PRs but never inherit the maintainer merge gate (57.791952ms)
✔ repair execution fails closed for autofix and autogenerated PRs (1673.825639ms)
✔ repair workflow applies the fail-closed merge gate before worker execution (102.823086ms)
✔ Telegram proof credentials reach only the OpenClaw execution worker (132.761948ms)
✔ missing PR repair jobs preserve only live authorized automerge (317.653675ms)
✔ repair jobs hydrate exactly their issue or pull-request record (350.33047ms)
✔ single-item comment commands avoid hydrating the full repository (158.013257ms)
✔ deduplicated issue dispatch preserves the actual existing worker creation time (14.997044ms)
✔ cluster intake validates one safe repository token before exporting outputs (24.605251ms)
✔ Codex closed-stdin tool transport errors are retryable (2.219772ms)
✔ ordinary Codex failures are not classified as transient transport (0.40852ms)
✔ Codex TPM rate-limit errors are retryable transport failures (0.427258ms)
✔ Codex model access failures are terminal even when the stream disconnects (0.34985ms)
✔ Codex JSONL model access errors are trusted terminal failures (0.498599ms)
✔ quoted model access failures do not override the final Codex error (0.216138ms)
✔ Codex terminal classification stays bounded on repeated model prefixes (5.305225ms)
✔ Codex terminal detail returns only the final trusted diagnostic line (0.182352ms)
✔ Codex context-limit errors are blocked automation outcomes (0.271951ms)
✔ Codex retry delay ignores blank and non-positive environment settings (3.321378ms)
✔ collectCodexDebug copies recent Codex session logs and excludes auth files (8.422458ms)
✔ collectCodexDebug backs up Codex JSONL from repair run artifacts (4.005015ms)
✔ collectCodexDebug defaults to CODEX_HOME when set (1.370791ms)
✔ collectCodexDebug redacts config model from the default home directory (1.506674ms)
✔ redactSecrets masks common token shapes (0.490528ms)
✔ collectCodexDebug redacts the internal model from its environment (1.821466ms)
✔ collectCodexDebug redacts the internal model from Codex config (2.370123ms)
✔ command acknowledgement convergence preserves parsing and keeper priority (17.323128ms)
✔ bare acknowledgement ties keep the earliest creation and lowest id (0.33001ms)
✔ command manifest permits only explicitly empty finalization (14.675947ms)
✔ command receipts preserve operation identity across explicit retry attempts (1278.080297ms)
✔ command mutation receipts preserve accepted and unknown partial failures (535.331885ms)
✔ retried mutations emit one receipt pair per actual request (245.04249ms)
✔ forced replay attempt identity scopes operation and mutation idempotency (335.507465ms)
✔ command status mutations have exact attempt and outcome receipts (1.926174ms)
✔ direct repair requeues forward a stable dispatch receipt and publish it (1.514665ms)
✔ exact review publisher bypasses the legacy action ledger and finalizes through the fenced acknowledgement (2.686192ms)
✔ runCommand handles validation output larger than Node's sync spawn default (100.686686ms)
✔ runCommand reports command timeouts with the rendered command (12.847148ms)
✔ contained commands allow worst-case serialized output within each stream limit (234.877255ms)
✔ contained command overflow force-kills commands that ignore graceful termination (1445.884934ms)
✔ Linux containment exposes only configured writable roots and minimal runtime files (1332.980894ms)
✔ Linux containment protects namespace init from target termination (1786.1986ms)
✔ Linux network containment preserves isolated loopback communication (524.098296ms)
✔ Linux containment cannot reach host-local listeners (585.266349ms)
✔ runCommand honors shared command bin overrides (88.021508ms)
✔ shared spawn resolver escapes Windows batch launcher arguments (9.046951ms)
✔ comment router records receipts after durable command boundaries (3.783328ms)
✔ comment router wraps every GitHub mutation at the request boundary (5.234231ms)
✔ router stops autoclose and reaction fan-out after the first GitHub throttle (2.135645ms)
✔ comment router isolates public target reads from its GitHub App mutation identity (0.486295ms)
✔ re-review recovery signs with the Worker-accepted webhook secret (1.181302ms)
✔ exact comment convergence classifies a missing comment as no mutation (3.901088ms)
✔ forced replay attempt identity flows through the production workflow (1.180809ms)
✔ command receipt identity excludes list position and binds command attempts (1.247141ms)
✔ comment router config preserves target branch from dispatch args (21.586538ms)
✔ comment router config omits target branch by default (14.111269ms)
✔ comment router config derives and binds durable forced replay identity (29.270349ms)
✔ comment router config rejects unscoped or invalid replay attempts (19.669343ms)
✔ review comment section extraction supports headings and stops at metadata (7.940573ms)
✔ review summaries prefer the human-first change summary over legacy summary text (0.578244ms)
✔ planCommandAckConvergence scopes duplicate cleanup to the current status marker (22.721637ms)
✔ planCommandAckConvergence keeps a new bare ack over an unrelated status comment (0.634582ms)
✔ parseCommand recognizes maintainer slash commands (8.593086ms)
✔ terminal maintainer command reactions clear after successful handling (0.30627ms)
✔ terminal maintainer command reactions clear after skipped handling (0.348258ms)
✔ in-progress maintainer command reactions stay visible (0.29868ms)
✔ cached label number lookup fetches each label once and returns stable copies (0.708225ms)
✔ cached issue comments lookup fetches each issue once and returns stable copies (0.504731ms)
✔ cached async issue comments lookup shares cache and in-flight fetches (40.408221ms)
✔ cached issue comments lookup does not cache malformed fetch results (0.461459ms)
✔ autoclose reason parser preserves maintainer wording (0.143178ms)
✔ comment router side effects are driven by planned actions (1.442712ms)
✔ force reprocess bypasses existing command status guards (0.31696ms)
✔ automerge status marker prefix is stable across head changes (0.204646ms)
✔ command response markers can match across head changes (0.427357ms)
✔ stale automerge activation commands after merge are skipped silently (0.27698ms)
✔ stale re-review commands before PR close are skipped silently (1.754672ms)
✔ later stop command pauses older automerge automation (0.644959ms)
✔ paused mode resume requires a maintainer command after the pause (0.384279ms)
✔ automerge job helpers create stable adopted PR job identity (0.433408ms)
✔ issue implementation job helpers create stable issue PR job identity (0.20713ms)
✔ generated PR repairs adopt a PR-specific job without losing the source job (0.203265ms)
✔ renderAutomergeJob validates and keeps merge owned by router (2.085966ms)
✔ renderIssueImplementationJob validates and opens one non-closing fix PR lane (0.870607ms)
✔ review-only repair loops terminate on a clean exact-head review (0.740803ms)
✔ renderIssueImplementationJob records maintainer build override metadata (0.599ms)
✔ issue implementation blocker classifier treats linked PR evidence as hard (0.65441ms)
✔ automerge changelog gate does not block user-facing OpenClaw changes (0.23839ms)
✔ automerge changelog gate ignores docs-only and tests-only changes (0.118282ms)
✔ automerge activation does not send missing changelog to repair (0.39924ms)
✔ renderAutomergeJob documents autofix as repair-only (0.293994ms)
✔ renderAutomergeJob records explicit merge-authorized repair mode (0.226505ms)
✔ existing repair jobs migrate and follow explicit maintainer mode changes (6.541891ms)
✔ parseCommand recognizes ClawSweeper bot mentions (1.742767ms)
✔ parseCommand ignores unrelated comments (0.208959ms)
✔ parseTrustedAutomation accepts only trusted ClawSweeper repair signals (1.530765ms)
✔ parseRoutedCommentCommand ignores proof-nudge marker comments (0.52291ms)
✔ parseRoutedCommentCommand never routes commands embedded in assist publications (0.249181ms)
✔ parseRoutedCommentCommand prefers trusted verdict markers over copyable commands (0.48523ms)
✔ parseTrustedAutomation accepts trusted ClawSweeper pass verdicts for automerge (0.865454ms)
✔ trusted exact-head review markers fail closed on verification state (1.843517ms)
✔ trusted exact-head review freshness uses edited publication time, not input order (0.921758ms)
✔ maintainer approval does not transfer to a newer same-head human blocker (2.030414ms)
✔ parseTrustedAutomation accepts trusted ClawSweeper close markers for autoclose (1.85522ms)
✔ trusted close markers carry close policy metadata into autoclose commands (0.22761ms)
✔ repairLoopPauseLabels identifies pause labels for trusted pass resume (4.412001ms)
✔ ready human-review commands block same-run label sweeps (0.240787ms)
✔ router classifies fresh human-review pauses before label sweeps (1.020073ms)
✔ label sweeps honor fresh trusted exact-head review start leases (1.066046ms)
✔ expired review start leases select only provably lapsed dedicated lease comments (3.578414ms)
✔ superseded review start leases select only trusted dedicated comments for older heads (0.667288ms)
✔ stale review A cannot classify newer-head lease B as superseded (0.212721ms)
✔ first server-created same-head review lease suppresses verdicts without its exact identity (5.205302ms)
✔ review start leases reject malformed, future, and overlong markers (0.316022ms)
✔ same-head completion freshness uses durable publication time (0.750035ms)
✔ review start leases parse only the canonical marker beside the durable identity (0.210616ms)
✔ active review comments cannot replay their previous trusted verdict (0.510595ms)
✔ review dispatch coordination guards label sweeps and maintainer mode commands (2.105365ms)
✔ proof override authorization is durable before merge while pause labels remain success-only (1.467206ms)
✔ comment router durably claims dispatch commands and recovers exact workflow receipts (7.42227ms)
✔ exact comment fast path converges terminal acknowledgement before own reaction cleanup (2.741422ms)
✔ command receipt gates let the oldest same-key run proceed when a newer duplicate is pending (0.227704ms)
✔ trusted autoclose markers are live close gated before close execution (5.503617ms)
✔ trusted close gates block protected labels, source drift, and unsupported reasons (8.810566ms)
✔ parseTrustedAutomation repairs trusted pass verdicts that still contain P findings (0.359607ms)
✔ parseTrustedAutomation does not treat pass verdict risk notes as repair findings (0.490684ms)
✔ parseTrustedAutomation treats trusted ClawSweeper needs-human as a pause (0.346155ms)
✔ canonical landing needs-human text can be approved by active automerge opt-in (0.647747ms)
✔ canonical landing needs-human accepts waiting automerge opt-in as active resume intent (0.494596ms)
✔ canonical landing needs-human keeps an exact-head maintainer approval active (0.279425ms)
✔ canonical landing needs-human accepts replacement PR automerge requester marker (0.565303ms)
✔ canonical landing needs-human ignores bot replacement PR automerge requester markers (0.217642ms)
✔ parseTrustedAutomation explains security-sensitive human-review pauses (1.19739ms)
✔ parseTrustedAutomation repairs needs-human verdicts with concrete P findings (0.27467ms)
✔ parseTrustedAutomation accepts explicit repair verdicts (0.217293ms)
✔ parseTrustedAutomation preserves explicit human-review verdicts as pauses (0.291176ms)
✔ reviewedHeadShaBlockReason rejects stale trusted verdict heads (0.174421ms)
✔ auto repair cap allows ten PR repair rounds and blocks the eleventh (0.680653ms)
✔ auto repair cap blocks duplicate head dispatches in the same review round (0.258034ms)
✔ auto repair cap counts pass-marker CI repair dispatches (0.208238ms)
✔ auto repair cap resets after a fresh maintainer automerge command (0.226317ms)
✔ parseTrustedAutomation ignores prose-only ClawSweeper review text (0.23248ms)
✔ renderResponse keeps public command replies friendly and scoped (0.235506ms)
✔ renderResponse reports trusted repair dispatches without losing guardrails (0.53324ms)
✔ renderResponse gives command replies stateful lobster badges (0.543066ms)
✔ renderResponse describes stop as revoking repair-loop labels (0.304921ms)
✔ renderResponse avoids self-linking current item numbers in status replies (0.690641ms)
✔ renderResponse reports automerge resume actions (0.486873ms)
✔ renderResponse reports automerge repair dispatches as enabled (0.291356ms)
✔ renderResponse reports autofix repair-only opt-in (0.261922ms)
✔ renderResponse reports reuse of an active exact-head review (0.244617ms)
✔ renderResponse reports reuse of a completed exact-head review (0.21339ms)
✔ renderResponse reports terminal autofix success without merge (0.215418ms)
✔ renderResponse reports the durable review comment create-or-update lifecycle (0.326773ms)
✔ renderResponse reports issue implementation repair dispatches (0.248811ms)
✔ renderResponse includes build override path for issue implementation refusals (0.296954ms)
✔ renderResponse reports freeform assist dispatches as read-only (0.32284ms)
✔ renderResponse reports visualize dispatches as marker-backed read-only briefs (0.240463ms)
✔ visualize assist dispatch payload stays within repository_dispatch key limit (0.406126ms)
✔ bare visualize dispatch defaults to auto lens within repository_dispatch key limit (0.356639ms)
✔ assist workflow preserves flat field fallbacks after nested dispatch fields (0.347766ms)
✔ renderResponse reports maintainer autoclose results (0.365182ms)
✔ renderResponse documents explicit autoclose linked-target scope (0.233706ms)
✔ renderResponse reports automerge repair dispatches (0.20196ms)
✔ renderResponse reports automerge pass with failing checks as repair dispatch (0.202886ms)
✔ automerge loop intents share one status comment thread (0.50512ms)
✔ renderResponse reports explicit human-review pause actions (0.599392ms)
✔ renderResponse gives generic human-review pauses a next action (0.449157ms)
✔ renderResponse reports automerge completion (0.532479ms)
✔ renderResponse reports maintainer-approved automerge completion (0.350907ms)
✔ repair intent set documents executable repair commands (0.161162ms)
✔ merge intent set documents ClawSweeper pass automerge (14.063125ms)
✔ repairable check blockers only include completed failures (0.29221ms)
✔ repairable check blockers exclude external action-required checks (0.175599ms)
✔ automerge failed checks become repair reasons (0.149838ms)
✔ automerge live readiness blocks become repair reasons (0.171664ms)
✔ autoclose intent set documents destructive maintainer commands (0.169409ms)
✔ automerge merge args pin the reviewed head SHA (0.225652ms)
✔ automerge squash message credits contributors and records maintainer approval (1.159344ms)
✔ automerge squash message does not duplicate a contributor as approving maintainer (0.444137ms)
✔ automerge squash message omits ClawSweeper co-author trailer (0.282557ms)
✔ automerge squash message credits maintainer metadata carried by replacement PR body (0.667999ms)
✔ automerge squash message credits requester from earlier automerge status marker (1.056028ms)
✔ automerge gate block only reports the global merge policy gate (0.198694ms)
✔ automerge transient wait config defaults to an in-run retry window (0.349268ms)
✔ maintainer command authorization requires maintainer repository permission (0.341171ms)
✔ organization members can explicitly request issue implementation (0.237946ms)
✔ manual issue implementation blocks linked pull requests before dispatch (1.128887ms)
✔ issue authors can request read-only re-review with trailing context (0.356719ms)
✔ comment router ledger merge preserves disjoint concurrent commands (16.940952ms)
✔ comment router ledger merge keeps terminal progress for the same command (0.440454ms)
✔ concurrent ledger merges retain the verified delivery for the exact comment body (0.929055ms)
✔ concurrent comment delivery merges converge regardless of grouping (3090.339371ms)
✔ conflicting comment bodies permanently discard delivery provenance (0.432861ms)
✔ comment router ledger merge never regresses executed evidence to a later skip (0.343331ms)
✔ comment router ledger merge compacts by durable processing time (15.118726ms)
{"event":"github_read_model_degraded","consumer":"comment_router_repair_labels","event_class":"issue_comments","reason":"snapshot_stale_or_gap","probe_window_elapsed":false,"fallback":"live_poll"}
✔ repair-loop comment snapshots preserve router decisions and reduce GitHub reads (5.65982ms)
✔ comment router defers GitHub throttles without advancing its cursor (7748.031428ms)
✔ comment router workflow publishes only successfully advanced scan cursors (1.028152ms)
✔ broad comment scans are oldest-first, bounded, and resume from a watermark (1.613193ms)
✔ exact terminal comment versions short-circuit duplicate created deliveries (6.958979ms)
✔ edited comments and changed body bytes always use the full router path (0.634601ms)
✔ terminal cleanup requires the same live comment version (1.141418ms)
✔ command delivery identity follows only its authenticated exact comment version (0.726906ms)
✔ missing timestamps or authenticated provenance use the full router path (0.339437ms)
✔ retryable claims and failed action leases are never short-circuited (0.750111ms)
✔ concurrent ledger changes fail closed to the full router path (0.423603ms)
✔ synthetic dispatch claims retain a stable idempotency lookup across router runs (0.669059ms)
✔ synthetic dispatch receipt material is stable within an attempt and changes next attempt (1.525978ms)
✔ production forced replay parsing scopes claims and dispatch keys by durable attempt (43.125381ms)
✔ synthetic dispatch attempt replaces its durable claim in the ledger (1.275472ms)
✔ newer re-review commands supersede older retries from the same requester (0.548205ms)
✔ superseded re-review commands become terminal ledger entries (0.31133ms)
✔ appendLedger keeps edited comment versions separate (0.361017ms)
✔ appendLedger records waiting commands without making them terminal (0.592231ms)
✔ appendLedger records claimed dispatch commands as recoverable idempotency claims (0.492931ms)
✔ forced replay claims survive ledger interruption without cross-attempt aliases (9.227199ms)
✔ refreshed forced replay claims survive bounded ledger trimming and restart (23.634886ms)
✔ atomic ledger writes preserve the previous forced claim across interruption (7.94334ms)
✔ readLedger initializes only missing files and fails closed on torn state (7.970802ms)
✔ readLedger rejects malformed forced replay identity (12.145935ms)
✔ readLedger fails closed on malformed claimed state before restart dispatch (2.690649ms)
✔ readLedger validates compact command entry structure (9.278227ms)
✔ fresh dispatch claims wait for the Actions receipt visibility window (0.306358ms)
✔ dispatch claims recover the exact Actions receipt created after the claim (0.610833ms)
✔ dispatch claims wait for active receipts and retry terminal failures (0.580032ms)
✔ dispatch claim recovery prefers an older success over a newer cancelled duplicate (0.563796ms)
✔ dispatch claims ignore receipt-only duplicate successes (0.278822ms)
✔ dispatch execution verification requires the real worker job to succeed (0.309045ms)
✔ appendLedger refreshes a stale dispatch claim before retry (0.435061ms)
✔ stale dispatch claims without an exact receipt become retryable (0.206323ms)
✔ dispatch claims with malformed timestamps fail closed (0.16748ms)
✔ appendLedger preserves the original timestamp while a claim waits (0.288287ms)
✔ appendLedger persists authenticated delivery identities across durable dispatch retries (0.380171ms)
✔ appendLedger keeps delivery-conflict tombstones while durable commands advance (0.486528ms)
✔ appendLedger upgrades claimed dispatch commands after execution (0.418592ms)
✔ appendLedger ignores no-op skipped command versions (0.194082ms)
✔ appendLedger reports compact executed writes (0.355391ms)
✔ appendLedger preserves maintainer identity fields for automerge attribution (0.239385ms)
✔ appendLedger preserves compact executed actions for repair caps (0.226619ms)
✔ sortCommentsForRouting prioritizes edited durable review comments (0.408862ms)
✔ selectCommentsForRouting keeps durable review comments beyond the recent cap (0.370136ms)
✔ summarizeChecks ignores cancelled default non-gating checks (0.95127ms)
✔ summarizeChecks still blocks cancelled required checks (0.314149ms)
✔ summarizeChecks waits for cancelled evidence-check replacements under both names (0.453499ms)
✔ summarizeChecks separates pending checks from terminal blockers (0.246065ms)
✔ summarizeChecks marks Vercel authorization checks as external action required (0.342386ms)
✔ summarizeChecks uses the latest run for duplicate check names (0.336367ms)
✔ router status policy keeps representative decisions across the shared rollup (0.331172ms)
✔ skipped automerge ledger entries stay retryable (0.187455ms)
✔ mutation actor guard accepts only trusted bot identities (0.471858ms)
✔ mutation actor guard recognizes GitHub App integration auth shape (0.700911ms)
✔ comment webhook accepts maintainer ClawSweeper commands (8.165213ms)
✔ comment webhook ignores ClawSweeper proof-nudge comments (0.424573ms)
✔ comment webhook ignores command-bearing assist and visual publications before ack or dispatch (1.74799ms)
✔ comment webhook rejects inline ClawSweeper mentions before visible ack (0.915769ms)
✔ comment webhook accepts ClawSweeper mention commands on their own line (1.62047ms)
✔ comment webhook rejects contributor commands before visible ack (1.564463ms)
✔ comment webhook accepts author read-only re-review commands (1.057906ms)
✔ comment webhook rejects stale re-review commands on closed PRs before fast ack (0.447841ms)
✔ comment webhook still accepts post-close re-review commands for router response (1.367016ms)
✔ comment webhook rejects commands from ineligible repositories (1.127552ms)
✔ comment webhook rejects non-author read-only re-review commands (0.373704ms)
✔ webhook accepts eligible issue events for generic OpenClaw repositories (0.980432ms)
✔ webhook accepts eligible pull request events for generic steipete repositories (0.849224ms)
✔ webhook carries the semantic tuple through edited pull request fallback intake (1.258986ms)
✔ adaptive Codex timeout preserves the default for small non-media PRs (0.251959ms)
✔ adaptive Codex timeout scales for large PRs (0.293986ms)
✔ adaptive Codex timeout stays capped separately from media preprocessing (0.43991ms)
✔ pull request webhooks dispatch adaptive Codex timeout payload (47.289242ms)
✔ webhook preserves valid repository default branch for item dispatch (0.27394ms)
✔ webhook falls back to main for invalid repository default branch (0.206165ms)
✔ webhook rejects private and denied target repositories (0.275787ms)
✔ webhook requeues unlocked and close-guard removal events (0.83757ms)
✔ webhook rejects label additions and unrelated removals from exact-review intake (0.29034ms)
✔ fast ack comment carries source comment marker (0.185378ms)
✔ concurrent duplicate command webhooks converge on one fast ack comment (84.372712ms)
✔ comment webhook settles duplicate fast ack comments after dispatch (47.656882ms)
✔ webhook signature verification uses sha256 body hmac (2.417339ms)
✔ self-heal eligibility accepts ClawSweeper-owned dirty same-repo PRs (5.383277ms)
✔ self-heal eligibility accepts conflicting mergeable state (3.388334ms)
✔ self-heal eligibility skips paused, stale-owned, and fork PRs (0.638846ms)
✔ self-heal job path and rendered job validate with exact-head frontmatter (3.339187ms)
✔ self-heal status comment is durable and says merge is not attempted (0.586503ms)
✔ sandbox root selection continues after an unwritable candidate (3.234372ms)
✔ sandbox root selection surfaces unexpected candidate errors (1.586631ms)
✔ containment preflight preserves only validated safe diagnostics (1.837628ms)
✔ create-job ignores report front matter lookalikes in the document body (126.272743ms)
✔ create-job ignores duplicate front matter keys (132.747887ms)
✔ create-job ignores metadata after an injected front matter terminator (113.180612ms)
✔ create-job preserves no-front-matter fallback (145.75804ms)
✔ successful ownership release terminates the detached recovery helper (6.867865ms)
✔ ambiguous ownership release preserves the detached recovery attempt (0.362425ms)
✔ deterministic automerge result emits generic direct-Codex repair artifact (6.377866ms)
✔ deterministic automerge result does not require a changelog blocker (0.599187ms)
✔ deterministic automerge result leaves non-automerge jobs to Codex (0.208642ms)
✔ deterministic automerge result keeps the openclaw/openclaw pnpm changed gate (0.518164ms)
✔ deterministic automerge result emits bun run check for openclaw/clawhub (0.381786ms)
✔ deterministic automerge result uses git validation for generic repositories (0.369169ms)
✔ error fingerprint wrappers preserve their distinct wire formats (5.633282ms)
✔ exact event publish dispositions require the current tuple and preserve terminal precedence (3.571691ms)
✔ exact event publish dispositions reject stale routable sync tuples (0.341617ms)
✔ exact event routing defers only current nonterminal verdicts (3.63873ms)
✔ exact event proof accepts durable sync independently of the apply action name (0.976316ms)
✔ ordinary kept-open sync cannot route after its live tuple changes (2.587157ms)
✔ exact event proof distinguishes confirmed missing items from closed state (0.250696ms)
✔ exact event proof accepts verified terminal state and rejects action names alone (0.196063ms)
✔ exact event proof accepts only explicit trusted no-action dispositions (1.515176ms)
✔ exact event proof defers a close-coverage retry to the proof-capable apply lane (0.413262ms)
✔ exact event proof defers only a verified active review lease until its expiry (1.27355ms)
✔ exact event proof completes live-shaped deterministic guarded-open results (0.30728ms)
✔ exact event proof keeps changed-since-review on the latest-revision requeue path (0.183279ms)
✔ exact event proof requeues only the guarded legacy tuple-less artifact path (0.182586ms)
✔ guarded-open proof rejects mismatches, extra results, and transient skips (0.270363ms)
✔ event record action parsing ignores body lookalikes (0.12674ms)
✔ verified source drift overrides an earlier durable sync (0.223687ms)
✔ event record directories stay inside the isolated worker root (5.135331ms)
✔ event base snapshot uses durable state when the isolated worker starts empty (16.014339ms)
✔ event snapshot match follows the final tuple winner, not only its action (6.920325ms)
✔ event snapshot match rejects live close-guard label drift after kept-open sync (2.532525ms)
✔ authoritative state refresh exposes a remote winner hidden by a stale local checkout (13.684703ms)
✔ event record snapshots prefer closed records and remove open records (11.234845ms)
✔ event record snapshots skip stale open snapshots when remote is already closed (6.891035ms)
✔ closed-state transition time outranks stale open review time (18.213216ms)
✔ latest closed-state transition wins when applied and reconciled timestamps coexist (6.889922ms)
✔ event snapshots publish an atomic record, plan, and matching decision packet (5.632322ms)
✔ newer subject and review state outranks later operational stamps (7.824907ms)
✔ newer reopened exact tuple outranks an older broad close and restores its sidecars (9.856877ms)
✔ stale event preflight invokes no external apply callback (7.1604ms)
✔ event tuple cleanup accepts only-plan deletion and recaptures post-apply sidecar removal (9.302961ms)
✔ duplicate-primary base accepts only its packet-bound closed repair (16.079895ms)
✔ legacy-invalid packet sidecars cannot make an older valid primary win (15.910141ms)
✔ equal-vector legacy packet repair requires an unchanged primary and plan (15.055721ms)
✔ event snapshots fail closed on packet mismatch and equal-time divergence (22.330376ms)
✔ event record paths normalize display-cased target repos to the profile slug (0.222833ms)
✔ display-cased target repo captures the tuple written under the lowercase profile slug (1.569555ms)
✔ batch commit records an invalid member permanently while publishing its healthy peer (235.72008ms)
✔ batch publication maps network errors through completion (566.101935ms)
✔ batch publication maps HTTP 429 responses through completion (556.423782ms)
✔ batch publication maps HTTP 503 responses through completion (595.387352ms)
✔ batch publication maps HTTP 400 responses through completion (429.163964ms)
✔ batch publication maps HTTP 413 responses through completion (524.752918ms)
✔ batch publication maps direct publication fence ownership failures through completion (519.659428ms)
✔ batch publication fingerprints distinct direct-plan rejection details separately (480.733408ms)
✔ batch completion forwards one quota circuit and marks collapsed members unattempted (243.309231ms)
✔ batch complete preserves a target-app circuit on a fallback completion (237.359634ms)
✔ batch release preserves a target-app circuit on a fallback completion (183.771778ms)
✔ batch completion forwards telemetry appended after an earlier acknowledgement (341.624157ms)
✔ router request metrics retain successful repeated-revision state (114.172551ms)
✔ batch release retains a committed eligible member until lifecycle post-effects complete (165.382021ms)
✔ batch release preserves a permanent canonical receipt before lifecycle post-effects (191.342286ms)
✔ direct producer retries bounded failures then requests legacy enqueue fallback (73.472162ms)
✔ direct producer treats structured 413 as immediate legacy fallback (0.814604ms)
✔ direct producer includes a structured rejection detail in its fallback reason (1.020808ms)
✔ direct publication flag defaults through workflow wiring while explicit off stays legacy (0.268627ms)
Transient GitHub API failure; retrying gh api repos/test/item in 2s
Transient GitHub API failure; retrying gh api repos/test/item in 4s
Transient GitHub API failure; retrying gh api repos/test/item in 2s
Transient GitHub API failure; retrying gh api repos/test/item in 2s
Transient GitHub API failure; retrying gh api repos/test/item in 4s
✔ batch publisher is event-driven and queue-bounded instead of workflow-serialized (3.531453ms)
✔ batch publication bounds shared GitHub retries without dropping failed artifacts (0.454826ms)
✔ transient retries stay bounded while GitHub throttles defer immediately (10.937418ms)
✔ sweep runtime routes only public target REST reads onto the public token (208.927661ms)
✔ sweep public read throttles fall back once to the ambient App token (4.799958ms)
✔ exact publication records the Actions reset before one bounded App fallback (5.382891ms)
✔ inherited GitHub Actions credentials open the repository quota circuit (3.586534ms)
✔ batch workflow signs queue ownership, isolates item failures, and commits once (2.104292ms)
✔ batch publisher gives canonical supersession precedence over artifact terminal plans (0.399555ms)
✔ exact-review producer uses direct publication with bounded legacy fallback (0.946753ms)
✔ batch workflow uses owner-scoped mutation credentials and canonical Worker hydration (0.941169ms)
✔ batch preparation is bounded, heartbeat-fenced, and deterministically aggregated (0.334055ms)
✔ batch workflow shell steps are valid Bash (62.278577ms)
✔ batch claim treats an all-stale fetched batch as terminal (0.352661ms)
✔ batch manifest records the dashboard effective lease size (0.250526ms)
✔ batch failure cleanup completes manifest fences without a queue fetch (0.389071ms)
✔ batch commit publishes every prepared tuple to canonical Worker state (0.747894ms)
✔ historical proof-bearing exact review bundles still validate (26.138564ms)
✔ new exact review bundle creation omits live-proof directories (3.193611ms)
✔ exact review bundle rejects redirected and modified publication (5.319518ms)
✔ exact review bundle rejects extras and symlinks (2.66828ms)
✔ exact review decision digest ignores object key ordering (0.343389ms)
✔ exact review bundle requires a report after review proceeds (1.113503ms)
✔ bundle validation uses the producer workflow identity across runs (93.598392ms)
✔ queue maintenance is explicit, bounded, and non-cancelling (3.031753ms)
✔ repair workflow and executor share coherent production timeout defaults (8.761575ms)
✔ repair review preserves the checkout accepted by changed-surface validation (1.755593ms)
✔ no-op automerge repair updates outcome and re-enters router before exit (1.650624ms)
✔ repair source branch writability preflight runs before target repair (7.207736ms)
✔ repair branch rechecks the planned head on the PR object used for checkout (1.382081ms)
✔ repair branch pushes settle and re-check the exact source head (1.353805ms)
✔ merged source replacement skip runs before publishing replacement PRs (1.379825ms)
✔ terminal Codex and persistent setup failures do not request repair requeue (5.867134ms)
✔ repair Codex heartbeat wrapper uses bounded process capture (2.01684ms)
✔ issue implementation rechecks opt-out labels immediately before branch pushes (1.741204ms)
✔ repair publication pushes the accepted checkout through isolated Git auth (1.75729ms)
✔ recoverable branch publication carries the pre-validation remote lease (1.671726ms)
✔ replacement recovery materializes the fetched commit before branch attachment (1.216125ms)
✔ final publication rebase uses the verified isolated Git path (2.381796ms)
✔ final rebase checks stay pinned across the workspace-write Codex handoff (1.455959ms)
✔ all repair rebase transitions use isolated Git plumbing (2.466365ms)
✔ repair contract gates the final cumulative tree, not individual checkpoints (2.391968ms)
✔ final repair contract and compaction use the exact accepted base SHA (1.538609ms)
✔ contributor repair review loop stays on one pinned target base (2.526629ms)
✔ final synchronized tree is reviewed and reports persist before publication (1.435807ms)
✔ repair workflow renews target credentials before deferred outcome publication (0.392122ms)
✔ replacement co-author trailers include contributors without bot self-credit (3.692068ms)
✔ replacement co-author trailers omit ClawSweeper self-credit (0.265236ms)
✔ superseded source PR closeout defaults on for replacement PRs (2.239302ms)
✔ superseded source PR closeout can be explicitly disabled (0.43856ms)
✔ only replacement fixes seed the repair branch from a source PR head (0.244822ms)
✔ sourceBranchWriteBlockReason allows same-repo branches despite maintainer flag (0.287859ms)
✔ sourceBranchWriteBlockReason allows fork branches with maintainer edits (0.326627ms)
✔ sourceBranchWriteBlockReason blocks fork branches without maintainer edits (0.176633ms)
✔ sourceBranchWriteBlockReason blocks missing head details (0.804586ms)
✔ execute-fix CLI defers outcome publication until fresh-token invocation (970.815254ms)
✔ autonomous scope validation blocks broad untrusted repair artifacts (4.92604ms)
✔ autonomous scope validation allows trusted adopted PR branch refreshes (0.886703ms)
✔ autonomous scope validation allows repair-intake adopted branch refreshes (0.496767ms)
✔ autonomous scope validation blocks repair-intake branch/source mismatches (0.393731ms)
✔ autonomous scope validation accepts generated truncated repair-intake clusters (0.548667ms)
✔ autonomous scope validation allows every authoritative reviewed issue lane (0.618875ms)
✔ autonomous scope validation rejects unrecognized issue review triggers (0.306281ms)
✔ autonomous scope validation blocks incomplete issue review metadata (0.228882ms)
✔ autonomous scope validation blocks issue implementations outside their dedicated branch (3.385752ms)
✔ autonomous scope validation still blocks adopted repairs outside ClawSweeper branches (0.280185ms)
✔ repair pause labels block live branch mutation (0.269389ms)
✔ automergeRepairOutcomeComment explains no-op repair runs (3.457927ms)
✔ repairContributorBranchComment avoids self PR references (0.404233ms)
✔ replacement comments explain no push rights and keep co-author credit visible (1.021188ms)
✔ replacement PR body keeps public context without internal worker notes (0.890291ms)
✔ issue-generated PR body does not claim to replace a source PR (0.362802ms)
✔ closingReferencesFromMarkdown extracts GitHub closing syntax (2.454243ms)
✔ issueImplementationResultStatusComment appends and updates PR link section (0.663146ms)
✔ issueImplementationResultStatusComment reports blocked terminal outcomes (0.28824ms)
✔ external message provenance preserves selected issue-execution xhigh reasoning (0.350046ms)
✔ external message provenance keeps ordinary implicit reasoning normalized (0.232756ms)
✔ finalizer ignores an older failed run after the same check succeeds (387.283895ms)
✔ substantive fix artifacts cannot skip Codex edit just because rebase moved head (2.05622ms)
✔ explicit deterministic rebase artifacts can skip Codex edit after head moves (0.240786ms)
✔ mechanically resolved conflict rebase is complete only for deterministic rebase artifacts (0.299602ms)
[worker-records] direct record hydrated repo=openclaw-openclaw item=111745 revision=42
{"hydrated":["jobs","results","notifications","apply-report.json","repair-apply-report.json","records"],"recordsSource":"worker","ledgerSource":"worker","source":"/tmp/clawsweeper-focused-state-pDZTwM/state","target":"/tmp/clawsweeper-focused-state-pDZTwM/worktree","worker":{"openclaw-openclaw":{"revision":42,"snapshotRevision":0,"snapshotBytes":0,"snapshotCache":"direct","deltaRecords":1,"recordCount":1,"coverageTrackedItemIds":[111745]}},"manifest":"/tmp/clawsweeper-focused-state-pDZTwM/worktree/.artifacts/worker-records-manifest.json"}
[worker-records] no open canonical record for repo=openclaw-openclaw item=111745; continuing with empty focused records
{"hydrated":["records"],"recordsSource":"worker","ledgerSource":"worker","target":"/tmp/clawsweeper-focused-missing-LXwd5u","worker":{"openclaw-openclaw":{"revision":0,"snapshotRevision":0,"snapshotBytes":0,"snapshotCache":"direct","deltaRecords":0,"recordCount":0,"coverageTrackedItemIds":[]}},"manifest":"/tmp/clawsweeper-focused-missing-LXwd5u/.artifacts/worker-records-manifest.json"}
✔ single-issue hydration fetches one authenticated Worker record without snapshots (60.552292ms)
✔ single-issue hydration rejects invalid identifiers before remote reads (2.311914ms)
✔ single-issue hydration preserves valid issue jobs with no open canonical record (3.435322ms)
✔ single-issue hydration refuses unrelated Worker authorization failures (0.840313ms)
✔ single-issue hydration refuses corrupt Worker content without replacing local records (2.891592ms)
[worker-records] direct record hydrated repo=openclaw-openclaw item=111745 revision=11
✔ single-issue hydration retries malformed successful edge responses (257.010895ms)
[worker-records] direct record hydrated repo=openclaw-openclaw item=111745 revision=11
[worker-records] direct record hydrated repo=openclaw-openclaw item=111745 revision=11
[worker-records] direct record hydrated repo=openclaw-openclaw item=111745 revision=11
[worker-records] direct record hydrated repo=openclaw-openclaw item=111745 revision=11
[worker-records] direct record hydrated repo=openclaw-openclaw item=111745 revision=11
✔ single-issue hydration retries malformed Worker record envelopes (1266.275683ms)
✔ single-issue hydration bounds repeated malformed Worker record envelopes (755.624974ms)
✔ failed staged record installation restores the existing canonical record tree (3.003632ms)
✔ authenticated Git ignores target-local callbacks, signing, and URL rewrites (166.004692ms)
✔ isolated authenticated fetch mirrors only the verified destination ref (148.478485ms)
✔ isolated authenticated fetch preserves partial-clone and shallow negotiation (316.458042ms)
✔ isolated authenticated push preserves the target shallow boundary (198.963295ms)
✔ isolated Git rejects redirected target object stores (134.961824ms)
✔ isolated fetch rejects redirected target ref and reflog storage (331.037356ms)
✔ isolated push rejects an ancestor reset after the expected head was read (184.231189ms)
✔ isolated push atomically requires a replacement branch to remain absent (164.787036ms)
hint: Using 'master' as the name for the initial branch. This default branch name
hint: will change to "main" in Git 3.0. To configure the initial branch name
hint: to use in all of your new repositories, which will suppress this warning,
hint: call:
hint:
hint: 	git config --global init.defaultBranch <name>
hint:
hint: Names commonly chosen instead of 'master' are 'main', 'trunk' and
hint: 'development'. The just-created branch can be renamed via this command:
hint:
hint: 	git branch -m <name>
hint:
hint: Disable this message with "git config set advice.defaultBranchName false"
Cloning into '/tmp/clawsweeper-git-publish-X5sPmA/checkout'...
warning: You appear to have cloned an empty repository.
done.
To /tmp/clawsweeper-git-publish-X5sPmA/remote.git
 * [new branch]      HEAD -> state
[master a6dc32c] chore: publish operational state
 1 file changed, 1 insertion(+)
 create mode 100644 results/status.json
✔ remaining git publisher performs one ordinary push without lease refs or rebuild recovery (1.885817ms)
✔ remaining git publisher commits an operational path to the requested branch (156.423212ms)
✔ git publish commit messages are no longer path-specialized (3.668634ms)
✔ git helper bounds execution and terminates the timed-out process (1018.162924ms)
✔ git helper preserves ordinary nonzero status and stderr (68.943426ms)
✔ git helper reports spawn errors instead of returning an empty status (5.827737ms)
✔ git helper preserves signal termination semantics (69.045342ms)
✔ rebaseOntoBase rebases a repair branch onto latest origin main (272.840903ms)
✔ base fetch updates its requested ref with fetch.prune=true (447.980223ms)
✔ base fetch updates its requested ref with remote.origin.prune=true (776.153986ms)
✔ rebaseOntoBase leaves conflicts for Codex repair instead of aborting (357.98156ms)
✔ completeRebaseIfResolved continues a resolved conflicting rebase (476.486448ms)
✔ ensureMergeBaseAvailable deepens shallow history without pruning the base ref (399.620441ms)
✔ member history spans inbox, archived jobs, and durable result roots (6.230948ms)
✔ cluster history scopes repository-local IDs and reads the durable intake ledger (1.741999ms)
✔ read-only SQLite queries preserve sqlite3 JSON integer behavior (15.634966ms)
✔ related-context reads portable gitcrawl rows committed in a WAL sidecar (39.982752ms)
✔ related-context and cluster importer query the legacy gitcrawl schema (145.889922ms)
✔ related-context preserves empty, missing, and corrupt database fallbacks (28.507292ms)
✔ gitcrawl importer CLIs query real WAL-backed fixtures without sqlite3 (265.67346ms)
✔ gitcrawl importer CLIs preserve empty-result and database failure outcomes (699.682631ms)
✔ gitcrawl store resolver normalizes repositories and preserves path priority (2.559063ms)
✔ gitcrawl docs describe external store freshness instead of per-run crawling (0.943363ms)
✔ gitcrawl cluster intake delegates candidate quality to the selector model (0.865031ms)
✔ gitcrawl cluster intake offers every cluster with a live candidate to the model (0.444877ms)
✔ scheduled cluster repair intake follows gitcrawl-store freshness cadence (1.184456ms)
✔ cluster intake skips unrelated ledger and asset blob hydration (0.540266ms)
✔ gitcrawl cluster import is not blocked by the scheduled intake gate (0.366595ms)
✔ githubPaginatedPath requests maximum REST page size by default (1.968865ms)
✔ githubLimitedPagePath caps one REST page and preserves existing filters (0.456516ms)
✔ public target reads preserve GitHub App mutations and every explicit credential (3007.821788ms)
✔ public read throttles fall back once to the target App token (436.827763ms)
✔ glob file discovery preserves recursive readdir ordering and symlink traversal (21.371313ms)
✔ automatic issue dispatcher filters exact issues and preserves bounded backfill (1021.405382ms)
✔ automatic issue dispatcher rejects unsafe repositories and unbounded limits (280.820256ms)
✔ strict reproducible bug reports are eligible for implementation intake (6.301647ms)
✔ small source-proven bug reports are eligible for implementation intake (6.180333ms)
✔ legacy source-proven reviews remain eligible without an implementation marker (0.527512ms)
✔ legacy implementation-marker compatibility is limited to source-proven bugs (1.267955ms)
✔ source-proven bugs need high confidence and a small repair (3.407005ms)
✔ source-proven bugs retain duplicate-PR and protected-label safeguards (7.685823ms)
✔ source-proven bugs admit closed historical PRs but reject open or unverifiable PRs (4.136294ms)
✔ source-proven bug intake verifies relative and every explicit historical PR reference (1.365056ms)
✔ automatic implementation refuses report and live bulk-filer signals (0.781999ms)
✔ owner policy admits allowed owners and rejects the rest before durable intake (0.821748ms)
✔ implementation intake rejects feature and config-option work (0.728986ms)
✔ implementation intake override permits soft blockers (0.999818ms)
✔ implementation intake override routes hard blockers to handoff (0.458169ms)
✔ vision-fit reports are eligible for sibling implementation intake (0.523538ms)
✔ vision-fit intake rejects broad or unaligned issue work (1.065629ms)
✔ viable reviews queue autonomous implementation outside protected repositories (0.330328ms)
✔ viable reviews let Codex discover the implementation and validation strategy (0.458679ms)
✔ viable reviews reject product-decision and automatic PR pause signals (1.004978ms)
✔ viable review routing resolves pull request context during live intake (0.71045ms)
✔ viable review routing resolves full and shorthand pull request references (1.819189ms)
✔ issue implementation deduplicates work across related issue references (2.333191ms)
✔ viable live intake allows auth-provider prose but blocks explicit security signals (10.079226ms)
✔ viable review routing excludes protected repositories and invalid review identity (0.75928ms)
✔ bug candidate discovery includes legacy small source-proven OpenClaw reviews (3.399868ms)
✔ bug candidate discovery admits a source-proven issue whose previous fix PR was closed (1.351178ms)
✔ accepted newer review artifacts supersede stale hydrated canonical snapshots (6.088184ms)
✔ undispatched issue jobs are regenerated when their authoritative review changes (0.542622ms)
✔ viable candidate discovery backfills reports and recovers undispatched queued jobs (27.051551ms)
✔ successful issue workers with open implementation PRs are not requeued (4.661006ms)
✔ newer reviews immediately regenerate completed jobs ahead of fresh issue work (796.494201ms)
✔ review-triggered issue implementation jobs require autogenerated autofix labels (1.537717ms)
✔ dispatch audit preserves an existing deduplicated worker generation (2.220256ms)
✔ vision-fit issue implementation jobs carry vision guardrails (0.293274ms)
✔ viable issue implementation jobs enter the existing autofix loop (0.340715ms)
✔ issue implementation PR executor applies autofix and removes automerge (1.549049ms)
✔ generated issue PRs terminate review-only and cannot automerge (1.683976ms)
✔ issue implementation intake checks generated branches through REST (0.697685ms)
✔ repair executor uses retryable blobless target checkout (2.114701ms)
✔ comment router default allows one same-head infrastructure retry (0.262109ms)
✔ comment router rewrites existing issue implementation jobs on override (1.682937ms)
✔ comment router classifies protected issue build overrides as hard (2.044813ms)
✔ issue implementation status creates a stable public progress comment (2.547223ms)
✔ issue implementation status includes a generated pull request (0.40272ms)
✔ issue implementation status updates progress without replacing worker results (0.44767ms)
✔ issue implementation status collapses an opened PR to a concise terminal comment (0.368716ms)
✔ issue build workflow reports an opened PR without calling pending CI blocked (0.685597ms)
✔ source issue revision ignores ClawSweeper comments but tracks human edits (2.888711ms)
✔ source issue revision ignores automation labels but tracks human labels (0.795013ms)
✔ completed issue workers without an implementation PR can be retried (2.70663ms)
✔ active and unrelated issue workers never trigger a duplicate dispatch (0.540835ms)
✔ issue worker recovery respects review freshness, retry delays, and retry caps (0.463085ms)
✔ a newer authoritative review immediately refreshes a completed exhausted worker job (0.388285ms)
✔ retry caps follow the actual queued job when intake already observed a newer review (0.259249ms)
✔ empty legacy job-review metadata still respects the same-review retry cap (0.227584ms)
✔ historical completed runs cannot stand in for a newer worker dispatch (0.404999ms)
✔ deduplicated workers remain recoverable when they finish after the intake (8.279475ms)
✔ empty legacy dispatch metadata still fences out historical workers (0.445175ms)
✔ issue worker recovery paginates beyond the configured concurrency ceiling (21.484312ms)
✔ issue worker recovery scans all workflows created since the dispatch generation (38.666012ms)
✔ legacy dispatched issue audits count as one bounded worker attempt (0.284214ms)
✔ router-tagged issue workers match their durable issue job (0.330285ms)
✔ repair job intents normalize old source-specific jobs (1.63483ms)
✔ frontmatter job intent owns worker lane selection (0.50077ms)
✔ imported cluster jobs use the cluster worker lane (0.478203ms)
✔ parseArgs ignores package-manager double dash separators (3.125856ms)
✔ renderPrompt loads tracked repair prompt templates (1.222739ms)
✔ validateJob rejects unknown canonical job intents (1.410493ms)
✔ validateJob accepts only explicit autofix or automerge repair modes (1.372743ms)
✔ security signal detection ignores non-security advisory wording (1.721498ms)
✔ security signal detection keeps explicit security advisory wording (0.431607ms)
✔ deterministic security signals ignore prose credential wording (0.3215ms)
✔ deterministic security signals accept labels and structured ClawSweeper markers (0.309014ms)
✔ repair owner policy accepts a comma or whitespace separated owner list (0.585852ms)
✔ live worker capacity refuses limits above the global Codex cap (2.537514ms)
✔ live worker capacity accepts env default within the global Codex cap (0.292417ms)
✔ repair run names match workflow dispatch titles (0.442292ms)
✔ repair run names include command receipt keys without hiding active jobs (8.07245ms)
✔ workflow run normalization prefers the human Actions URL (0.338735ms)
✔ active workflow run fetch paginates beyond the first 100 runs (2.396064ms)
✔ active workflow runs are filtered from one recent-runs fetch (1.036819ms)
✔ stale queued workflow runs do not consume repair capacity (8.036928ms)
✔ active repair run recheck drops a worker that just completed (2.004846ms)
✔ active repair run skips the delayed sample unless requested (10.177827ms)
✔ resolveChangelogConflictText preserves both changelog entries (3.598546ms)
✔ resolveChangelogConflictText rejects unresolved conflict markers (0.301757ms)
✔ resolveGeneratedSha256ConflictText preserves replayed checksum entries (1.103974ms)
✔ buildApplyEvent maps ClawSweeper merge, close, and blocked events (2.664561ms)
✔ buildFixEvent maps opened fix PRs and repair failures (0.466128ms)
✔ collectClawSweeperEvents filters by run and ledger idempotency (0.968416ms)
✔ runClawSweeperEventNotifier posts hook payloads and records ledger (58.26531ms)
✔ runClawSweeperEventNotifier mirrors events to the live status dashboard (4.601089ms)
✔ runClawSweeperEventNotifier retries events after dashboard ingest failures (2.20261ms)
✔ runClawSweeperEventNotifier covers skip, config, dry-run, and strict failure paths (5009.173536ms)
✔ normalizeGithubActivity extracts pull request activity with compact untrusted text (3.357574ms)
✔ normalizeGithubActivity accepts repository_dispatch activity payloads (0.501195ms)
✔ normalizeGithubActivity handles supported GitHub event variants (2.420781ms)
✔ runGithubActivityNotifier posts ingest-only hook payload by default (41.399378ms)
✔ runGithubActivityNotifier skips routine noisy GitHub activity before posting hooks (3.099035ms)
✔ routineGithubActivityReason keeps explicit ClawSweeper commands visible (0.511147ms)
✔ routineGithubActivityReason filters trusted ClawSweeper command status comments (0.55864ms)
✔ routineGithubActivityReason preserves untrusted marker-backed commands (0.427431ms)
✔ routineGithubActivityReason filters duplicate PR synchronize and successful automation (0.535686ms)
✔ runGithubActivityNotifier covers skip, dry-run, deliver, and failure paths (5005.933233ms)
✔ resolveDailyReportPointer picks the requested daily entry (3.065582ms)
✔ renderMaintainerReportMessage summarizes metrics, highlights, and link (30.902796ms)
✔ runMaintainerReportNotifier fetches the live report and posts the hook (52.543405ms)
✔ runMaintainerReportNotifier supports dry-run and strict missing config (3.39284ms)
✔ buildMergeNotification accepts executed ClawSweeper merge actions (2.416218ms)
✔ buildMergeNotification skips already-merged catch-up rows (0.233158ms)
✔ buildMergeNotification falls back when merge metadata is partial (0.384835ms)
✔ collectMergeNotifications filters by run and ledger idempotency (3.307327ms)
✔ normalizeLedger accepts persisted camelCase and snake_case rows (0.536883ms)
✔ resolveHookAgentUrl accepts hook base or agent endpoint (0.350699ms)
✔ runMergeNotifier skips missing input and missing hook config (4.014948ms)
✔ runMergeNotifier posts hook payloads and records sent ledger (47.702588ms)
✔ runMergeNotifier returns a strict failure when the hook rejects (1.755106ms)
✔ postOpenClawAgentHook retries transient hook failures with the same idempotency key (59.45959ms)
✔ postOpenClawAgentHook does not retry non-transient hook failures (1.646973ms)
✔ resolveOpenClawHookConfig supports explicit retry attempts (0.525682ms)
✔ isTransientOpenClawHookError classifies retryable HTTP statuses and socket failures (0.389471ms)
✔ plan-cluster carries worker target checkout into artifacts (136.619144ms)
✔ plan-cluster hydrates the repository default branch instead of hard-coding main (833.446599ms)
✔ plan-cluster offline mode does not pretend the default branch is main (140.519122ms)
✔ plan-cluster allows security repair for adopted PR autofix jobs (142.12785ms)
✔ plan-cluster allows security repair for linked PRs with automation opt-in labels (1330.178748ms)
✔ plan-cluster treats same-repo PR branches as writable despite raw maintainer flag (834.843713ms)
✔ plan-cluster bounds PR file and commit hydration (757.954327ms)
✔ plan-cluster bounded PR hydration follows multiple GitHub pages (944.809657ms)
✔ post-flight status policy keeps duplicate and ignored-check decisions across the shared rollup (273.319973ms)
✔ issue implementation post-flight waits for checks to be created (410.671642ms)
✔ merge post-flight waits when only ignored checks exist (911.087366ms)
✔ post-flight rechecks repair mode and live authorization immediately before merge (6718.927072ms)
✔ post-flight records authorization and never closes related items directly (0.515815ms)
✔ post-flight keeps no-timestamp pending duplicate checks visible (403.551099ms)
✔ pr repair intake ignores cancelled-only checks (259.392678ms)
✔ pr repair intake writes PR repair jobs for failed checks (279.23521ms)
✔ pr repair intake supports author-wide open PR discovery (558.071978ms)
✔ fix artifact validation rejects titles past the GitHub ceiling (2.180688ms)
✔ codexSubprocessEnv forces ClawSweeper git identity and strips tokens (22.168293ms)
✔ clawsweeper git identity defaults to avatar-friendly bot name (0.447319ms)
✔ repair OpenClaw env preserves provider auth without exposing Codex auth (1.12682ms)
✔ Codex subprocess prevents pnpm deploy from installing target Git hooks (5625.172699ms)
✔ Codex subprocess forces Bun installs to ignore lifecycle scripts (2295.230215ms)
✔ Codex subprocess fails closed when Bun repair would run on Windows (2.405665ms)
✔ repair Codex config reserves xhigh for explicit issue-fix execution (0.602541ms)
✔ Linux validation containment uses an externally owned PID namespace and subreaper (3.28348ms)
✔ Linux validation containment applies every fail-closed stage before target spawn (0.600658ms)
✔ embedded containment runtime imports without executing its production entrypoint (88.117664ms)
✔ procfs enumeration tolerates only tasks that disappear during stat reads (151.816232ms)
✔ containment does not classify reaped transient helpers as surviving background processes (297.393412ms)
✔ Landlock capability probe selects fallback only for unsupported syscalls (388.969304ms)
✔ Landlock enforcement remains fail closed after a successful probe (379.242767ms)
✔ mount and mandatory-stage failures retain actionable safe diagnostics (368.288748ms)
✔ containment diagnostics expose only validated stage, syscall, and errno fields (1.897566ms)
durable cluster intake published: 0 job(s), pending=false
durable cluster intake published: 0 job(s), pending=false
✔ cluster intake publication writes git-only operational state directly (15.211217ms)
✔ the CLI ignores the pnpm-forwarded -- separator instead of reading it as a path (130.004798ms)
✔ parseGithubResponse ignores non-json GitHub output (2.956415ms)
✔ parseGithubResponse ignores malformed GitHub json (0.517572ms)
✔ parseGithubResponse parses GitHub json (0.454437ms)
Resolved 1 canonical record tuple(s)
Resolved 1 canonical record tuple(s)
Retried openclaw-openclaw/42 against canonical CURRENT revision 2
Resolved 1 canonical record tuple(s)
Resolved 1 canonical record tuple(s)
Resolved 1 canonical record tuple(s)
Resolved 1 canonical record tuple(s)
Resolved 1 canonical record tuple(s)
Resolved 1 canonical record tuple(s)
Resolved 0 canonical record tuple(s)
✔ publish-main appends changed record tuples canonically and never invokes git (60.568553ms)
✔ publish-main canonically moves reconciled records from items to closed (7.25307ms)
✔ publish-main keeps tuple projections out of worker-sparse Git publication (2.605341ms)
✔ publish-main fails closed when canonical tuple publication is rejected (3.759148ms)
✔ publish-main refetches CURRENT and retries a conflicted reconciliation move once (7.275761ms)
✔ publish-main skips a conflicted reconciliation move already completed in CURRENT (6.391333ms)
✔ publish-main isolates a poison reconciliation tuple and publishes its sibling (3.295139ms)
✔ publish-main resolves a non-reconcile conflict whose CURRENT already contains the change (6.300257ms)
✔ publish-main rebases a non-reconcile conflict on an unrelated section and retries once (10.464664ms)
✔ publish-main skips a non-reconcile conflict on its own section and publishes its sibling (3.853713ms)
✔ publish-main fails when every non-reconcile item conflicts on its own section (2.393716ms)
✔ publish-main keeps sweep status on the git-backed operational lane (0.807267ms)
✔ publish-main keeps router jobs and results together on the git publisher (0.65795ms)
✔ publish-main publishes commit reports to the canonical Worker (2.015023ms)
✔ publish-main refuses retired ledger and asset git paths (0.54778ms)
✔ repair markdown renders current env names for retired repair gates (2.2779ms)
✔ record tuple validation accepts repository-only casing differences (3.83128ms)
✔ record tuple validation still rejects a genuinely different repository (0.970833ms)
✔ detects stale repair branch push races (2.348054ms)
✔ does not classify unrelated validation failures as push races (0.246838ms)
✔ detects GitHub App workflow permission push denials (0.690998ms)
✔ repair target containment preflight runs the enforced worker only for fix execution (2.208229ms)
✔ repair target containment worker loads from the isolated work directory (188.832639ms)
✔ closure-only apply does not depend on target containment or target tool setup (0.316799ms)
✔ privileged execution requires the captured execution gate (0.555856ms)
✔ initial planning forwards the selected model like requeues (0.262962ms)
✔ issue PR execution is pinned to sol xhigh without changing planning (1.501941ms)
✔ issue and pull-request workers hydrate only their canonical item in both jobs (2.803659ms)
✔ execution-gate downgrades complete the planning session without starting execution (0.434862ms)
✔ snapshot-less self-heal retries default to plan mode (0.358492ms)
✔ containment smoke uses two production-class runner samples (1.684806ms)
✔ containment smoke is read-only and excludes untrusted fork pull requests (0.478084ms)
✔ containment changes trigger the smoke workflow (0.565824ms)
✔ repair contract is explicit and ignores incomplete likely_files (3.358331ms)
✔ repair contract validates schema-level shape (0.690841ms)
✔ name-only z parser preserves spaces (0.253657ms)
✔ final repair contract supports any, all, and directory semantics (2.013379ms)
✔ later checkpoint files do not invalidate a cumulative repair (0.236972ms)
✔ git final-tree integration ignores paths changed only by the latest base (171.690897ms)
✔ buildRepairSquashMergeMessage summarizes repair validation and fixups (2.320305ms)
✔ replacement PRs inherit autofix intent from source PR labels (2.005688ms)
✔ replacement PRs prefer automerge intent over autofix (0.251263ms)
✔ replacement PRs without source automation labels stay unlabeled (0.183621ms)
✔ replacement PRs preserve durable source labels and required labels without duplicates (1.733186ms)
✔ replacement PRs do not copy source close or stale labels (0.345469ms)
✔ replacement PRs do not copy source review, proof, status, risk, size, or priority labels (0.213999ms)
✔ replacement source label filter documents denied classes (0.580188ms)
✔ requeue dispatch identity binds source job digest and depth (2.763086ms)
✔ requeue depth advances once and respects the production bound (0.784683ms)
✔ requeue source paths preserve the original jobs path for sealed local jobs (0.340341ms)
✔ result targets resolve to the validated non-default repository from worker artifacts (5.267562ms)
✔ result targets dedupe and sort multiple allowed repositories (1.493125ms)
✔ result targets fall back to the configured default when artifacts carry no result (0.897382ms)
✔ result targets honor the production owner-list contract (2.658337ms)
✔ result targets fail closed when results span multiple owners (1.188746ms)
✔ result targets fail closed on a repository outside the allowed owner (1.103551ms)
✔ result targets fail closed on malformed repository identities (1.381786ms)
✔ result publication mints its reader token from resolved targets, not a fixed repository (0.612394ms)
✔ intake owns its remaining git-backed jobs and results publication (0.855702ms)
✔ intake target validation honors the owner-list contract and version-coherent refs (0.439075ms)
✔ self-heal treats a failed publisher rerun as non-blocking (0.392946ms)
✔ dispatches when the open PR head is stable and has no reusable review (3.161678ms)
✔ stops when the target closes between observations (0.314861ms)
✔ retries when the PR head changes between observations (0.295102ms)
✔ waits for an active exact-head review (2.649083ms)
✔ reuses a same-head review completed since the command (0.334023ms)
✔ dispatches a fresh review when a same-head verdict has stale source (0.292465ms)
✔ dispatches a fresh review when a verdict source is unknown (0.291024ms)
✔ retries when source changes during review coordination (0.17386ms)
✔ an active lease wins over a completed marker (0.193635ms)
✔ repair output schema keeps every strict object property required (6.776711ms)
✔ run-worker clean preserves the target and prompt artifact contract (1205.286686ms)
✔ run-worker finding preserves the target and prompt artifact contract (762.798198ms)
✔ run-worker dry-run preserves the target and prompt artifact contract (179.376345ms)
✔ coverage-untracked plans reach queue admission before canonical refreshes (91.573496ms)
✔ scheduled review enqueue reports the full selection-to-queue funnel and stops on rate limit (3.08391ms)
✔ scheduled review enqueue rejects numeric target branches before queue admission (1.06107ms)
✔ scheduled review enqueue fails closed until the queue advertises pacing (0.518421ms)
✔ scheduled review enqueue rejects cross-repository plan candidates (0.263082ms)
✔ security repair opt-in accepts autofix and automerge labels (1.991033ms)
✔ security repair opt-in ignores unrelated labels (0.217886ms)
✔ selector evidence presents live cluster facts without semantic filtering (5.419234ms)
✔ structured selector may choose one offered cluster (0.600254ms)
✔ structured selector may reject the entire batch (0.227226ms)
✔ selector decision becomes durable without relying on generated job paths (0.778592ms)
✔ structured selector cannot choose unoffered or inconsistently assessed work (0.849213ms)
✔ selected candidate is fenced when live state changes after model evaluation (1.111583ms)
✔ model request uses structured comparative selection without scores (58.613349ms)
✔ cluster selection source contains no semantic word lists, thresholds, or scoring (0.689479ms)
✔ selects the first source PR from the target repo (3.161054ms)
✔ ignores missing and cross-repo source PRs (0.263666ms)
✔ builds a forced pull-head fetch ref for replacement branches (0.184646ms)
✔ extracts only full pull request head SHAs (0.31991ms)
✔ spam comment intake dispatches exact scans for deterministic candidates (3.892298ms)
✔ spam comment intake accepts compact repository dispatch activity payloads (0.38989ms)
✔ spam comment intake honors target repo on compact dispatch payloads (0.410546ms)
✔ spam comment intake honors top-level target repo on nested dispatch payloads (0.352214ms)
✔ spam comment intake dispatches exact scans for pull request review comments (0.691342ms)
✔ spam comment intake skips protected authors before dispatch (0.340043ms)
✔ runSpamCommentIntake posts repository dispatch for accepted comments (58.229442ms)
✔ deterministic spam signals catch solicitation shortener comments (5.009433ms)
✔ protected authors are not sent to cheap spam model (0.543433ms)
✔ technical PR comments with GitHub context links are not spam candidates (1.237774ms)
✔ outside author with normal external evidence is not enough for spam candidacy (4.749676ms)
✔ long technical patch evidence is framed as legitimate context, not spam (3.488937ms)
✔ ClawSweeper-managed progress comments are not spam candidates (4.251505ms)
✔ broad scan priority skips processed spam candidates before capping (7.8581ms)
✔ model input is compact and keeps deterministic hints (4.683621ms)
✔ model results are normalized and clamped (3.552015ms)
✔ graphql nodes tolerate comments deleted mid-scan (NOT_FOUND -> null nodes) (3.813464ms)
✔ graphql nodes without errors pass through unchanged (0.373263ms)
✔ graphql nodes fail on non-NOT_FOUND error types (2.072448ms)
✔ graphql nodes fail when the payload carries no data (0.712005ms)
✔ stale event dispositions are terminal, never retry-the-same-artifact (5.738891ms)
✔ stale event disposition output lines match the workflow contract (0.74025ms)
✔ publish-event-result exits terminally on a stale preflight instead of throwing (1.370289ms)
✔ postCanonicalRecordTuple signs the canonical tuple endpoint (98.340203ms)
✔ postCanonicalCommitRecords signs immutable commit records (1.635002ms)
✔ canonical commit publication redacts the webhook secret from client errors (1.470909ms)
✔ result publication selects exact changes and preserves unrelated remote jobs (6.956919ms)
✔ state hydration preserves state-only notification receipts before result diffing (2.69497ms)
state-repo size: unavailable
state-repo size check skipped: state repository token is missing
✔ repository size check logs GB and warns only above the configured threshold (122.826148ms)
✔ repository size check fails open when its credential is unavailable (7.867749ms)
Queued durable state writer ticket position=2 seq=7 deadline_in_ms=1799999
Acquired durable state writer ticket seq=7 run=12345 workflow=Exact review batch publish
Released durable state writer ticket seq=7
Queued durable state writer ticket position=7 seq=7 deadline_in_ms=500
State writer ticket acquire response was ambiguous; recovering the same durable identity attempt=1
Acquired durable state writer ticket seq=7 run=12345 workflow=Exact review batch publish
Released durable state writer ticket seq=7
State writer ticket acquire response was ambiguous; recovering the same durable identity attempt=1
State writer ticket acquire response was ambiguous; recovering the same durable identity attempt=2
Acquired durable state writer ticket seq=7 run=12345 workflow=Exact review batch publish
Released durable state writer ticket seq=7
Acquired durable state writer ticket seq=7 run=12345 workflow=Exact review batch publish
Durable state writer ticket release failed; stale-owner recovery remains armed: release response lost
Released durable state writer ticket seq=7
✔ state writer coordinator is disabled by default before configuration is inspected (4.306899ms)
✔ enabled coordinator mode fails closed when URL or secret is missing (1.845808ms)
✔ queued polling preserves one durable identity through heartbeat and release (9.612022ms)
✔ queued polling times out at the coordinator acquire deadline (1.568167ms)
✔ an ambiguous acquire response rereads the same durable ticket identity (1.794974ms)
✔ an unrecoverable acquire retains only a sanitized cause (1.615422ms)
✔ heartbeat ownership changes fence the acquired writer (2.374783ms)
✔ a failed release remains retryable until the coordinator acknowledges it (1.897849ms)
✔ state writer recorder measures wait, hold, and verified materialization (7.870968ms)
✔ state writer recorder isolates progress observer failures (1.246906ms)
✔ an acquired batch writer reports a push failure without losing its batch identity (0.642133ms)
✔ state writer recorder refreshes waiting progress during long acquisition (0.593418ms)
✔ rollup matches check identities and ignored names case-insensitively (6.243361ms)
✔ rollup uses run start or creation time before completion time (2.009853ms)
✔ rollup keeps an untimestamped pending rerun ahead of a completed run (0.402413ms)
✔ action-ledger preserves unknown-option and missing-value errors (256.305113ms)
✔ publish-main preserves unknown-option and missing-value errors (261.43921ms)
✔ dead-letter operator preserves unknown-option and missing-value errors (501.642469ms)
✔ hydrate-state preserves unknown-option and missing-value errors (403.798245ms)
✔ automerge E2E preserves unknown-option and missing-value errors (433.209305ms)
✔ automerge container E2E preserves unknown-option and missing-value errors (175.307339ms)
✔ collect-codex-debug preserves permissive unknown and missing-value defaults (220.046504ms)
✔ mergeSweepStatusJson preserves newer top-level status and independent remote health (4.522125ms)
✔ mergeSweepStatusJson timestamps top-level and health conflicts independently (0.792127ms)
✔ mergeSweepStatusJson keeps future top-level fields in the atomic status snapshot (1.438812ms)
✔ mergeSweepStatusJson rejects equal-timestamp same-key conflicts (2.880672ms)
✔ mergeSweepStatusJson fails closed for malformed, invalid, and deleted status (0.477339ms)
✔ mergeSweepStatusJson accepts an independently added valid status (0.315045ms)
✔ label tagging uses retrying GitHub helpers (2.181867ms)
✔ label tagging is non-blocking in repair workers (0.559847ms)
[target-fanout] skipping steipete: missing inventory token
[target-fanout] WARNING: canonical hot-intake cursor is unavailable; continuing dispatch from cursor 0 without blocking productive work: durable cursor store URL must use HTTPS
[target-fanout] WARNING: canonical hot-intake cursor did not persist after dispatch; dispatched work remains valid and the next cycle will retry: durable cursor store URL must use HTTPS
[target-fanout] WARNING: canonical hot-intake cursor is unavailable; continuing dispatch from cursor 0 without blocking productive work: durable cursor store URL must use HTTPS
[target-fanout] WARNING: canonical hot-intake cursor did not persist after dispatch; dispatched work remains valid and the next cycle will retry: durable cursor store URL must use HTTPS
[target-fanout] WARNING: live review inventory did not publish; continuing without blocking scheduled fanout work: Review coverage inventory URL must use HTTPS
[target-fanout] WARNING: canonical normal-review cursor is unavailable; continuing dispatch from cursor 0 without blocking productive work: durable cursor store URL must use HTTPS
[target-fanout] WARNING: canonical normal-review cursor did not persist after dispatch; dispatched work remains valid and the next cycle will retry: durable cursor store URL must use HTTPS
[target-fanout] WARNING: canonical hot-intake cursor is unavailable; continuing dispatch from cursor 0 without blocking productive work: durable cursor store URL must use HTTPS
✔ target fanout defaults match the scheduled cursor batch sizes (2.659829ms)
✔ scheduled fanout retains a bounded fallback when queue capacity is unavailable (0.741889ms)
✔ normal fanout prioritizes repositories with untracked live items and skips empty repos (18.261819ms)
✔ review fanout gives a single repository enough candidates to saturate free capacity (1.272043ms)
✔ review planning counts canonical coverage instead of legacy report files (1.700099ms)
✔ dominant review backlog stays hot while all other 137 repositories rotate without starvation (4.619762ms)
✔ hot fanout drops repositories with no live open items before cursor selection (0.416779ms)
✔ target fanout summarizes trailing weekly coverage from canonical open records (2.901102ms)
✔ target fanout publishes signed live open counts for dashboard coverage (64.663895ms)
✔ target fanout filters eligible repositories conservatively (0.62093ms)
✔ target fanout skips owners without minted inventory tokens in Actions (390.551836ms)
✔ target fanout can use anonymous public inventory in Actions (519.537139ms)
✔ target fanout falls back to public inventory env outside Actions (0.67989ms)
✔ target fanout selection advances cursor with wraparound (0.330536ms)
✔ target fanout advances across canonical cursor-store cycles (5.539971ms)
✔ target fanout cursor-store outage fails open (1.448476ms)
✔ normal target fanout dispatches even when canonical storage is unavailable (523.130652ms)
✔ target fanout dry-run does not persist its selected cursor (295.17173ms)
hint: Using 'master' as the name for the initial branch. This default branch name
hint: will change to "main" in Git 3.0. To configure the initial branch name
hint: to use in all of your new repositories, which will suppress this warning,
hint: call:
hint:
hint: 	git config --global init.defaultBranch <name>
hint:
hint: Names commonly chosen instead of 'master' are 'main', 'trunk' and
hint: 'development'. The just-created branch can be renamed via this command:
hint:
hint: 	git branch -m <name>
hint:
hint: Disable this message with "git config set advice.defaultBranchName false"
To /tmp/clawsweeper-validation-origin-pjB5vb
 * [new branch]      main -> main
hint: Using 'master' as the name for the initial branch. This default branch name
hint: will change to "main" in Git 3.0. To configure the initial branch name
hint: to use in all of your new repositories, which will suppress this warning,
hint: call:
hint:
hint: 	git config --global init.defaultBranch <name>
hint:
hint: Names commonly chosen instead of 'master' are 'main', 'trunk' and
hint: 'development'. The just-created branch can be renamed via this command:
hint:
hint: 	git branch -m <name>
hint:
hint: Disable this message with "git config set advice.defaultBranchName false"
To /tmp/clawsweeper-validation-origin-9cvAQs
 * [new branch]      main -> main
hint: Using 'master' as the name for the initial branch. This default branch name
hint: will change to "main" in Git 3.0. To configure the initial branch name
hint: to use in all of your new repositories, which will suppress this warning,
hint: call:
hint:
hint: 	git config --global init.defaultBranch <name>
hint:
hint: Names commonly chosen instead of 'master' are 'main', 'trunk' and
hint: 'development'. The just-created branch can be renamed via this command:
hint:
hint: 	git branch -m <name>
hint:
hint: Disable this message with "git config set advice.defaultBranchName false"
To /tmp/clawsweeper-validation-origin-FTVs2y
 * [new branch]      main -> main
hint: Using 'master' as the name for the initial branch. This default branch name
hint: will change to "main" in Git 3.0. To configure the initial branch name
hint: to use in all of your new repositories, which will suppress this warning,
hint: call:
hint:
hint: 	git config --global init.defaultBranch <name>
hint:
hint: Names commonly chosen instead of 'master' are 'main', 'trunk' and
hint: 'development'. The just-created branch can be renamed via this command:
hint:
hint: 	git branch -m <name>
hint:
hint: Disable this message with "git config set advice.defaultBranchName false"
To /tmp/clawsweeper-validation-origin-0m2o94
 * [new branch]      main -> main
hint: Using 'master' as the name for the initial branch. This default branch name
hint: will change to "main" in Git 3.0. To configure the initial branch name
hint: to use in all of your new repositories, which will suppress this warning,
hint: call:
hint:
hint: 	git config --global init.defaultBranch <name>
hint:
hint: Names commonly chosen instead of 'master' are 'main', 'trunk' and
hint: 'development'. The just-created branch can be renamed via this command:
hint:
hint: 	git branch -m <name>
hint:
hint: Disable this message with "git config set advice.defaultBranchName false"
To /tmp/clawsweeper-validation-origin-IJ7v4Q
 * [new branch]      main -> main
hint: Using 'master' as the name for the initial branch. This default branch name
hint: will change to "main" in Git 3.0. To configure the initial branch name
hint: to use in all of your new repositories, which will suppress this warning,
hint: call:
hint:
hint: 	git config --global init.defaultBranch <name>
hint:
hint: Names commonly chosen instead of 'master' are 'main', 'trunk' and
hint: 'development'. The just-created branch can be renamed via this command:
hint:
hint: 	git branch -m <name>
hint:
hint: Disable this message with "git config set advice.defaultBranchName false"
To /tmp/clawsweeper-validation-origin-05Hik5
 * [new branch]      main -> main
hint: Using 'master' as the name for the initial branch. This default branch name
hint: will change to "main" in Git 3.0. To configure the initial branch name
hint: to use in all of your new repositories, which will suppress this warning,
hint: call:
hint:
hint: 	git config --global init.defaultBranch <name>
hint:
hint: Names commonly chosen instead of 'master' are 'main', 'trunk' and
hint: 'development'. The just-created branch can be renamed via this command:
hint:
hint: 	git branch -m <name>
hint:
hint: Disable this message with "git config set advice.defaultBranchName false"
To /tmp/clawsweeper-validation-origin-O4UcVU
 * [new branch]      main -> main
hint: Using 'master' as the name for the initial branch. This default branch name
hint: will change to "main" in Git 3.0. To configure the initial branch name
hint: to use in all of your new repositories, which will suppress this warning,
hint: call:
hint:
hint: 	git config --global init.defaultBranch <name>
hint:
hint: Names commonly chosen instead of 'master' are 'main', 'trunk' and
hint: 'development'. The just-created branch can be renamed via this command:
hint:
hint: 	git branch -m <name>
hint:
hint: Disable this message with "git config set advice.defaultBranchName false"
To /tmp/clawsweeper-validation-origin-qaChqQ
 * [new branch]      main -> main
hint: Using 'master' as the name for the initial branch. This default branch name
hint: will change to "main" in Git 3.0. To configure the initial branch name
hint: to use in all of your new repositories, which will suppress this warning,
hint: call:
hint:
hint: 	git config --global init.defaultBranch <name>
hint:
hint: Names commonly chosen instead of 'master' are 'main', 'trunk' and
hint: 'development'. The just-created branch can be renamed via this command:
hint:
hint: 	git branch -m <name>
hint:
hint: Disable this message with "git config set advice.defaultBranchName false"
To /tmp/clawsweeper-validation-origin-ofZeYh
 * [new branch]      main -> main
hint: Using 'master' as the name for the initial branch. This default branch name
hint: will change to "main" in Git 3.0. To configure the initial branch name
hint: to use in all of your new repositories, which will suppress this warning,
hint: call:
hint:
hint: 	git config --global init.defaultBranch <name>
hint:
hint: Names commonly chosen instead of 'master' are 'main', 'trunk' and
hint: 'development'. The just-created branch can be renamed via this command:
hint:
hint: 	git branch -m <name>
hint:
hint: Disable this message with "git config set advice.defaultBranchName false"
To /tmp/clawsweeper-validation-origin-YiuVLB
 * [new branch]      main -> main
hint: Using 'master' as the name for the initial branch. This default branch name
hint: will change to "main" in Git 3.0. To configure the initial branch name
hint: to use in all of your new repositories, which will suppress this warning,
hint: call:
hint:
hint: 	git config --global init.defaultBranch <name>
hint:
hint: Names commonly chosen instead of 'master' are 'main', 'trunk' and
hint: 'development'. The just-created branch can be renamed via this command:
hint:
hint: 	git branch -m <name>
hint:
hint: Disable this message with "git config set advice.defaultBranchName false"
To /tmp/clawsweeper-validation-origin-FwWPBf
 * [new branch]      main -> main
Switched to a new branch 'repair'
Switched to branch 'main'
Switched to branch 'repair'
Rebasing (1/1)
Successfully rebased and updated refs/heads/repair.
hint: Using 'master' as the name for the initial branch. This default branch name
hint: will change to "main" in Git 3.0. To configure the initial branch name
hint: to use in all of your new repositories, which will suppress this warning,
hint: call:
hint:
hint: 	git config --global init.defaultBranch <name>
hint:
hint: Names commonly chosen instead of 'master' are 'main', 'trunk' and
hint: 'development'. The just-created branch can be renamed via this command:
hint:
hint: 	git branch -m <name>
hint:
hint: Disable this message with "git config set advice.defaultBranchName false"
To /tmp/clawsweeper-validation-promisor-3ifZZp/origin.git
 * [new branch]      main -> main
Cloning into '/tmp/clawsweeper-validation-promisor-3ifZZp/target'...
Switched to a new branch 'advanced'
Switched to branch 'main'
hint: Using 'master' as the name for the initial branch. This default branch name
hint: will change to "main" in Git 3.0. To configure the initial branch name
hint: to use in all of your new repositories, which will suppress this warning,
hint: call:
hint:
hint: 	git config --global init.defaultBranch <name>
hint:
hint: Names commonly chosen instead of 'master' are 'main', 'trunk' and
hint: 'development'. The just-created branch can be renamed via this command:
hint:
hint: 	git branch -m <name>
hint:
hint: Disable this message with "git config set advice.defaultBranchName false"
To /tmp/clawsweeper-validation-pinned-blob-YZxgPs/origin.git
 * [new branch]      main -> main
Cloning into '/tmp/clawsweeper-validation-pinned-blob-YZxgPs/target'...
hint: Using 'master' as the name for the initial branch. This default branch name
hint: will change to "main" in Git 3.0. To configure the initial branch name
hint: to use in all of your new repositories, which will suppress this warning,
hint: call:
hint:
hint: 	git config --global init.defaultBranch <name>
hint:
hint: Names commonly chosen instead of 'master' are 'main', 'trunk' and
hint: 'development'. The just-created branch can be renamed via this command:
hint:
hint: 	git branch -m <name>
hint:
hint: Disable this message with "git config set advice.defaultBranchName false"
To /tmp/clawsweeper-validation-origin-2X9Ud9
 * [new branch]      main -> main
hint: Using 'master' as the name for the initial branch. This default branch name
hint: will change to "main" in Git 3.0. To configure the initial branch name
hint: to use in all of your new repositories, which will suppress this warning,
hint: call:
hint:
hint: 	git config --global init.defaultBranch <name>
hint:
hint: Names commonly chosen instead of 'master' are 'main', 'trunk' and
hint: 'development'. The just-created branch can be renamed via this command:
hint:
hint: 	git branch -m <name>
hint:
hint: Disable this message with "git config set advice.defaultBranchName false"
To /tmp/clawsweeper-validation-origin-81dMEr
 * [new branch]      main -> main
hint: Using 'master' as the name for the initial branch. This default branch name
hint: will change to "main" in Git 3.0. To configure the initial branch name
hint: to use in all of your new repositories, which will suppress this warning,
hint: call:
hint:
hint: 	git config --global init.defaultBranch <name>
hint:
hint: Names commonly chosen instead of 'master' are 'main', 'trunk' and
hint: 'development'. The just-created branch can be renamed via this command:
hint:
hint: 	git branch -m <name>
hint:
hint: Disable this message with "git config set advice.defaultBranchName false"
To /tmp/clawsweeper-validation-origin-ZxOGN8
 * [new branch]      main -> main
hint: Using 'master' as the name for the initial branch. This default branch name
hint: will change to "main" in Git 3.0. To configure the initial branch name
hint: to use in all of your new repositories, which will suppress this warning,
hint: call:
hint:
hint: 	git config --global init.defaultBranch <name>
hint:
hint: Names commonly chosen instead of 'master' are 'main', 'trunk' and
hint: 'development'. The just-created branch can be renamed via this command:
hint:
hint: 	git branch -m <name>
hint:
hint: Disable this message with "git config set advice.defaultBranchName false"
To /tmp/clawsweeper-validation-origin-0uIeZz
 * [new branch]      main -> main
hint: Using 'master' as the name for the initial branch. This default branch name
hint: will change to "main" in Git 3.0. To configure the initial branch name
hint: to use in all of your new repositories, which will suppress this warning,
hint: call:
hint:
hint: 	git config --global init.defaultBranch <name>
hint:
hint: Names commonly chosen instead of 'master' are 'main', 'trunk' and
hint: 'development'. The just-created branch can be renamed via this command:
hint:
hint: 	git branch -m <name>
hint:
hint: Disable this message with "git config set advice.defaultBranchName false"
To /tmp/clawsweeper-validation-origin-2jSGqZ
 * [new branch]      main -> main
hint: Using 'master' as the name for the initial branch. This default branch name
hint: will change to "main" in Git 3.0. To configure the initial branch name
hint: to use in all of your new repositories, which will suppress this warning,
hint: call:
hint:
hint: 	git config --global init.defaultBranch <name>
hint:
hint: Names commonly chosen instead of 'master' are 'main', 'trunk' and
hint: 'development'. The just-created branch can be renamed via this command:
hint:
hint: 	git branch -m <name>
hint:
hint: Disable this message with "git config set advice.defaultBranchName false"
To /tmp/clawsweeper-validation-origin-rcBh6J
 * [new branch]      main -> main
hint: Using 'master' as the name for the initial branch. This default branch name
hint: will change to "main" in Git 3.0. To configure the initial branch name
hint: to use in all of your new repositories, which will suppress this warning,
hint: call:
hint:
hint: 	git config --global init.defaultBranch <name>
hint:
hint: Names commonly chosen instead of 'master' are 'main', 'trunk' and
hint: 'development'. The just-created branch can be renamed via this command:
hint:
hint: 	git branch -m <name>
hint:
hint: Disable this message with "git config set advice.defaultBranchName false"
To /tmp/clawsweeper-validation-origin-Sdoteh
 * [new branch]      main -> main
hint: Using 'master' as the name for the initial branch. This default branch name
hint: will change to "main" in Git 3.0. To configure the initial branch name
hint: to use in all of your new repositories, which will suppress this warning,
hint: call:
hint:
hint: 	git config --global init.defaultBranch <name>
hint:
hint: Names commonly chosen instead of 'master' are 'main', 'trunk' and
hint: 'development'. The just-created branch can be renamed via this command:
hint:
hint: 	git branch -m <name>
hint:
hint: Disable this message with "git config set advice.defaultBranchName false"
To /tmp/clawsweeper-validation-origin-mNOi7W
 * [new branch]      main -> main
hint: Using 'master' as the name for the initial branch. This default branch name
hint: will change to "main" in Git 3.0. To configure the initial branch name
hint: to use in all of your new repositories, which will suppress this warning,
hint: call:
hint:
hint: 	git config --global init.defaultBranch <name>
hint:
hint: Names commonly chosen instead of 'master' are 'main', 'trunk' and
hint: 'development'. The just-created branch can be renamed via this command:
hint:
hint: 	git branch -m <name>
hint:
hint: Disable this message with "git config set advice.defaultBranchName false"
To /tmp/clawsweeper-validation-origin-MzHuy7
 * [new branch]      main -> main
hint: Using 'master' as the name for the initial branch. This default branch name
hint: will change to "main" in Git 3.0. To configure the initial branch name
hint: to use in all of your new repositories, which will suppress this warning,
hint: call:
hint:
hint: 	git config --global init.defaultBranch <name>
hint:
hint: Names commonly chosen instead of 'master' are 'main', 'trunk' and
hint: 'development'. The just-created branch can be renamed via this command:
hint:
hint: 	git branch -m <name>
hint:
hint: Disable this message with "git config set advice.defaultBranchName false"
To /tmp/clawsweeper-validation-origin-T2ADQo
 * [new branch]      main -> main
hint: Using 'master' as the name for the initial branch. This default branch name
hint: will change to "main" in Git 3.0. To configure the initial branch name
hint: to use in all of your new repositories, which will suppress this warning,
hint: call:
hint:
hint: 	git config --global init.defaultBranch <name>
hint:
hint: Names commonly chosen instead of 'master' are 'main', 'trunk' and
hint: 'development'. The just-created branch can be renamed via this command:
hint:
hint: 	git branch -m <name>
hint:
hint: Disable this message with "git config set advice.defaultBranchName false"
To /tmp/clawsweeper-validation-origin-q9tBiv
 * [new branch]      main -> main
hint: Using 'master' as the name for the initial branch. This default branch name
hint: will change to "main" in Git 3.0. To configure the initial branch name
hint: to use in all of your new repositories, which will suppress this warning,
hint: call:
hint:
hint: 	git config --global init.defaultBranch <name>
hint:
hint: Names commonly chosen instead of 'master' are 'main', 'trunk' and
hint: 'development'. The just-created branch can be renamed via this command:
hint:
hint: 	git branch -m <name>
hint:
hint: Disable this message with "git config set advice.defaultBranchName false"
To /tmp/clawsweeper-validation-origin-c0qMQb
 * [new branch]      main -> main
hint: Using 'master' as the name for the initial branch. This default branch name
hint: will change to "main" in Git 3.0. To configure the initial branch name
hint: to use in all of your new repositories, which will suppress this warning,
hint: call:
hint:
hint: 	git config --global init.defaultBranch <name>
hint:
hint: Names commonly chosen instead of 'master' are 'main', 'trunk' and
hint: 'development'. The just-created branch can be renamed via this command:
hint:
hint: 	git branch -m <name>
hint:
hint: Disable this message with "git config set advice.defaultBranchName false"
To /tmp/clawsweeper-validation-origin-zGbo6b
 * [new branch]      main -> main
hint: Using 'master' as the name for the initial branch. This default branch name
hint: will change to "main" in Git 3.0. To configure the initial branch name
hint: to use in all of your new repositories, which will suppress this warning,
hint: call:
hint:
hint: 	git config --global init.defaultBranch <name>
hint:
hint: Names commonly chosen instead of 'master' are 'main', 'trunk' and
hint: 'development'. The just-created branch can be renamed via this command:
hint:
hint: 	git branch -m <name>
hint:
hint: Disable this message with "git config set advice.defaultBranchName false"
To /tmp/clawsweeper-validation-origin-tWeEuO
 * [new branch]      main -> main
hint: Using 'master' as the name for the initial branch. This default branch name
hint: will change to "main" in Git 3.0. To configure the initial branch name
hint: to use in all of your new repositories, which will suppress this warning,
hint: call:
hint:
hint: 	git config --global init.defaultBranch <name>
hint:
hint: Names commonly chosen instead of 'master' are 'main', 'trunk' and
hint: 'development'. The just-created branch can be renamed via this command:
hint:
hint: 	git branch -m <name>
hint:
hint: Disable this message with "git config set advice.defaultBranchName false"
To /tmp/clawsweeper-validation-origin-60N3Gf
 * [new branch]      main -> main
hint: Using 'master' as the name for the initial branch. This default branch name
hint: will change to "main" in Git 3.0. To configure the initial branch name
hint: to use in all of your new repositories, which will suppress this warning,
hint: call:
hint:
hint: 	git config --global init.defaultBranch <name>
hint:
hint: Names commonly chosen instead of 'master' are 'main', 'trunk' and
hint: 'development'. The just-created branch can be renamed via this command:
hint:
hint: 	git branch -m <name>
hint:
hint: Disable this message with "git config set advice.defaultBranchName false"
To /tmp/clawsweeper-validation-origin-tPDh8B
 * [new branch]      main -> main
hint: Using 'master' as the name for the initial branch. This default branch name
hint: will change to "main" in Git 3.0. To configure the initial branch name
hint: to use in all of your new repositories, which will suppress this warning,
hint: call:
hint:
hint: 	git config --global init.defaultBranch <name>
hint:
hint: Names commonly chosen instead of 'master' are 'main', 'trunk' and
hint: 'development'. The just-created branch can be renamed via this command:
hint:
hint: 	git branch -m <name>
hint:
hint: Disable this message with "git config set advice.defaultBranchName false"
To /tmp/clawsweeper-validation-origin-JBKfyv
 * [new branch]      main -> main
hint: Using 'master' as the name for the initial branch. This default branch name
hint: will change to "main" in Git 3.0. To configure the initial branch name
hint: to use in all of your new repositories, which will suppress this warning,
hint: call:
hint:
hint: 	git config --global init.defaultBranch <name>
hint:
hint: Names commonly chosen instead of 'master' are 'main', 'trunk' and
hint: 'development'. The just-created branch can be renamed via this command:
hint:
hint: 	git branch -m <name>
hint:
hint: Disable this message with "git config set advice.defaultBranchName false"
To /tmp/clawsweeper-validation-origin-odRO4O
 * [new branch]      main -> main
hint: Using 'master' as the name for the initial branch. This default branch name
hint: will change to "main" in Git 3.0. To configure the initial branch name
hint: to use in all of your new repositories, which will suppress this warning,
hint: call:
hint:
hint: 	git config --global init.defaultBranch <name>
hint:
hint: Names commonly chosen instead of 'master' are 'main', 'trunk' and
hint: 'development'. The just-created branch can be renamed via this command:
hint:
hint: 	git branch -m <name>
hint:
hint: Disable this message with "git config set advice.defaultBranchName false"
To /tmp/clawsweeper-validation-origin-d7cDKf
 * [new branch]      main -> main
hint: Using 'master' as the name for the initial branch. This default branch name
hint: will change to "main" in Git 3.0. To configure the initial branch name
hint: to use in all of your new repositories, which will suppress this warning,
hint: call:
hint:
hint: 	git config --global init.defaultBranch <name>
hint:
hint: Names commonly chosen instead of 'master' are 'main', 'trunk' and
hint: 'development'. The just-created branch can be renamed via this command:
hint:
hint: 	git branch -m <name>
hint:
hint: Disable this message with "git config set advice.defaultBranchName false"
To /tmp/clawsweeper-validation-origin-JJ83N4
 * [new branch]      main -> main
hint: Using 'master' as the name for the initial branch. This default branch name
hint: will change to "main" in Git 3.0. To configure the initial branch name
hint: to use in all of your new repositories, which will suppress this warning,
hint: call:
hint:
hint: 	git config --global init.defaultBranch <name>
hint:
hint: Names commonly chosen instead of 'master' are 'main', 'trunk' and
hint: 'development'. The just-created branch can be renamed via this command:
hint:
hint: 	git branch -m <name>
hint:
hint: Disable this message with "git config set advice.defaultBranchName false"
To /tmp/clawsweeper-validation-origin-6s0gZG
 * [new branch]      main -> main
hint: Using 'master' as the name for the initial branch. This default branch name
hint: will change to "main" in Git 3.0. To configure the initial branch name
hint: to use in all of your new repositories, which will suppress this warning,
hint: call:
hint:
hint: 	git config --global init.defaultBranch <name>
hint:
hint: Names commonly chosen instead of 'master' are 'main', 'trunk' and
hint: 'development'. The just-created branch can be renamed via this command:
hint:
hint: 	git branch -m <name>
hint:
hint: Disable this message with "git config set advice.defaultBranchName false"
To /tmp/clawsweeper-validation-origin-HCwAUX
 * [new branch]      main -> main
hint: Using 'master' as the name for the initial branch. This default branch name
hint: will change to "main" in Git 3.0. To configure the initial branch name
hint: to use in all of your new repositories, which will suppress this warning,
hint: call:
hint:
hint: 	git config --global init.defaultBranch <name>
hint:
hint: Names commonly chosen instead of 'master' are 'main', 'trunk' and
hint: 'development'. The just-created branch can be renamed via this command:
hint:
hint: 	git branch -m <name>
hint:
hint: Disable this message with "git config set advice.defaultBranchName false"
To /tmp/clawsweeper-validation-origin-Aplq5l
 * [new branch]      main -> main
hint: Using 'master' as the name for the initial branch. This default branch name
hint: will change to "main" in Git 3.0. To configure the initial branch name
hint: to use in all of your new repositories, which will suppress this warning,
hint: call:
hint:
hint: 	git config --global init.defaultBranch <name>
hint:
hint: Names commonly chosen instead of 'master' are 'main', 'trunk' and
hint: 'development'. The just-created branch can be renamed via this command:
hint:
hint: 	git branch -m <name>
hint:
hint: Disable this message with "git config set advice.defaultBranchName false"
To /tmp/clawsweeper-validation-origin-HkSNeB
 * [new branch]      main -> main
hint: Using 'master' as the name for the initial branch. This default branch name
hint: will change to "main" in Git 3.0. To configure the initial branch name
hint: to use in all of your new repositories, which will suppress this warning,
hint: call:
hint:
hint: 	git config --global init.defaultBranch <name>
hint:
hint: Names commonly chosen instead of 'master' are 'main', 'trunk' and
hint: 'development'. The just-created branch can be renamed via this command:
hint:
hint: 	git branch -m <name>
hint:
hint: Disable this message with "git config set advice.defaultBranchName false"
To /tmp/clawsweeper-validation-origin-qTPQWc
 * [new branch]      main -> main
hint: Using 'master' as the name for the initial branch. This default branch name
hint: will change to "main" in Git 3.0. To configure the initial branch name
hint: to use in all of your new repositories, which will suppress this warning,
hint: call:
hint:
hint: 	git config --global init.defaultBranch <name>
hint:
hint: Names commonly chosen instead of 'master' are 'main', 'trunk' and
hint: 'development'. The just-created branch can be renamed via this command:
hint:
hint: 	git branch -m <name>
hint:
hint: Disable this message with "git config set advice.defaultBranchName false"
To /tmp/clawsweeper-validation-origin-MxIqFr
 * [new branch]      main -> main
hint: Using 'master' as the name for the initial branch. This default branch name
hint: will change to "main" in Git 3.0. To configure the initial branch name
hint: to use in all of your new repositories, which will suppress this warning,
hint: call:
hint:
hint: 	git config --global init.defaultBranch <name>
hint:
hint: Names commonly chosen instead of 'master' are 'main', 'trunk' and
hint: 'development'. The just-created branch can be renamed via this command:
hint:
hint: 	git branch -m <name>
hint:
hint: Disable this message with "git config set advice.defaultBranchName false"
To /tmp/clawsweeper-validation-origin-YV8xRt
 * [new branch]      main -> main
hint: Using 'master' as the name for the initial branch. This default branch name
hint: will change to "main" in Git 3.0. To configure the initial branch name
hint: to use in all of your new repositories, which will suppress this warning,
hint: call:
hint:
hint: 	git config --global init.defaultBranch <name>
hint:
hint: Names commonly chosen instead of 'master' are 'main', 'trunk' and
hint: 'development'. The just-created branch can be renamed via this command:
hint:
hint: 	git branch -m <name>
hint:
hint: Disable this message with "git config set advice.defaultBranchName false"
To /tmp/clawsweeper-validation-origin-Rze3qH
 * [new branch]      main -> main
hint: Using 'master' as the name for the initial branch. This default branch name
hint: will change to "main" in Git 3.0. To configure the initial branch name
hint: to use in all of your new repositories, which will suppress this warning,
hint: call:
hint:
hint: 	git config --global init.defaultBranch <name>
hint:
hint: Names commonly chosen instead of 'master' are 'main', 'trunk' and
hint: 'development'. The just-created branch can be renamed via this command:
hint:
hint: 	git branch -m <name>
hint:
hint: Disable this message with "git config set advice.defaultBranchName false"
To /tmp/clawsweeper-validation-origin-h8FMsT
 * [new branch]      main -> main
hint: Using 'master' as the name for the initial branch. This default branch name
hint: will change to "main" in Git 3.0. To configure the initial branch name
hint: to use in all of your new repositories, which will suppress this warning,
hint: call:
hint:
hint: 	git config --global init.defaultBranch <name>
hint:
hint: Names commonly chosen instead of 'master' are 'main', 'trunk' and
hint: 'development'. The just-created branch can be renamed via this command:
hint:
hint: 	git branch -m <name>
hint:
hint: Disable this message with "git config set advice.defaultBranchName false"
To /tmp/clawsweeper-validation-origin-Onc4op
 * [new branch]      main -> main
hint: Using 'master' as the name for the initial branch. This default branch name
hint: will change to "main" in Git 3.0. To configure the initial branch name
hint: to use in all of your new repositories, which will suppress this warning,
hint: call:
hint:
hint: 	git config --global init.defaultBranch <name>
hint:
hint: Names commonly chosen instead of 'master' are 'main', 'trunk' and
hint: 'development'. The just-created branch can be renamed via this command:
hint:
hint: 	git branch -m <name>
hint:
hint: Disable this message with "git config set advice.defaultBranchName false"
To /tmp/clawsweeper-validation-origin-d00vK9
 * [new branch]      main -> main
hint: Using 'master' as the name for the initial branch. This default branch name
hint: will change to "main" in Git 3.0. To configure the initial branch name
hint: to use in all of your new repositories, which will suppress this warning,
hint: call:
hint:
hint: 	git config --global init.defaultBranch <name>
hint:
hint: Names commonly chosen instead of 'master' are 'main', 'trunk' and
hint: 'development'. The just-created branch can be renamed via this command:
hint:
hint: 	git branch -m <name>
hint:
hint: Disable this message with "git config set advice.defaultBranchName false"
To /tmp/clawsweeper-validation-origin-fzGME9
 * [new branch]      main -> main
hint: Using 'master' as the name for the initial branch. This default branch name
hint: will change to "main" in Git 3.0. To configure the initial branch name
hint: to use in all of your new repositories, which will suppress this warning,
hint: call:
hint:
hint: 	git config --global init.defaultBranch <name>
hint:
hint: Names commonly chosen instead of 'master' are 'main', 'trunk' and
hint: 'development'. The just-created branch can be renamed via this command:
hint:
hint: 	git branch -m <name>
hint:
hint: Disable this message with "git config set advice.defaultBranchName false"
To /tmp/clawsweeper-validation-origin-Gkp3iW
 * [new branch]      main -> main
hint: Using 'master' as the name for the initial branch. This default branch name
hint: will change to "main" in Git 3.0. To configure the initial branch name
hint: to use in all of your new repositories, which will suppress this warning,
hint: call:
hint:
hint: 	git config --global init.defaultBranch <name>
hint:
hint: Names commonly chosen instead of 'master' are 'main', 'trunk' and
hint: 'development'. The just-created branch can be renamed via this command:
hint:
hint: 	git branch -m <name>
hint:
hint: Disable this message with "git config set advice.defaultBranchName false"
To /tmp/clawsweeper-validation-origin-BRVOFh
 * [new branch]      main -> main
hint: Using 'master' as the name for the initial branch. This default branch name
hint: will change to "main" in Git 3.0. To configure the initial branch name
hint: to use in all of your new repositories, which will suppress this warning,
hint: call:
hint:
hint: 	git config --global init.defaultBranch <name>
hint:
hint: Names commonly chosen instead of 'master' are 'main', 'trunk' and
hint: 'development'. The just-created branch can be renamed via this command:
hint:
hint: 	git branch -m <name>
hint:
hint: Disable this message with "git config set advice.defaultBranchName false"
To /tmp/clawsweeper-validation-origin-C9QTUM
 * [new branch]      main -> main
hint: Using 'master' as the name for the initial branch. This default branch name
hint: will change to "main" in Git 3.0. To configure the initial branch name
hint: to use in all of your new repositories, which will suppress this warning,
hint: call:
hint:
hint: 	git config --global init.defaultBranch <name>
hint:
hint: Names commonly chosen instead of 'master' are 'main', 'trunk' and
hint: 'development'. The just-created branch can be renamed via this command:
hint:
hint: 	git branch -m <name>
hint:
hint: Disable this message with "git config set advice.defaultBranchName false"
To /tmp/clawsweeper-validation-origin-Qc6tbl
 * [new branch]      main -> main
hint: Using 'master' as the name for the initial branch. This default branch name
hint: will change to "main" in Git 3.0. To configure the initial branch name
hint: to use in all of your new repositories, which will suppress this warning,
hint: call:
hint:
hint: 	git config --global init.defaultBranch <name>
hint:
hint: Names commonly chosen instead of 'master' are 'main', 'trunk' and
hint: 'development'. The just-created branch can be renamed via this command:
hint:
hint: 	git branch -m <name>
hint:
hint: Disable this message with "git config set advice.defaultBranchName false"
To /tmp/clawsweeper-validation-origin-3BMqTJ
 * [new branch]      main -> main
hint: Using 'master' as the name for the initial branch. This default branch name
hint: will change to "main" in Git 3.0. To configure the initial branch name
hint: to use in all of your new repositories, which will suppress this warning,
hint: call:
hint:
hint: 	git config --global init.defaultBranch <name>
hint:
hint: Names commonly chosen instead of 'master' are 'main', 'trunk' and
hint: 'development'. The just-created branch can be renamed via this command:
hint:
hint: 	git branch -m <name>
hint:
hint: Disable this message with "git config set advice.defaultBranchName false"
To /tmp/clawsweeper-validation-origin-KEJRE8
 * [new branch]      main -> main
hint: Using 'master' as the name for the initial branch. This default branch name
hint: will change to "main" in Git 3.0. To configure the initial branch name
hint: to use in all of your new repositories, which will suppress this warning,
hint: call:
hint:
hint: 	git config --global init.defaultBranch <name>
hint:
hint: Names commonly chosen instead of 'master' are 'main', 'trunk' and
hint: 'development'. The just-created branch can be renamed via this command:
hint:
hint: 	git branch -m <name>
hint:
hint: Disable this message with "git config set advice.defaultBranchName false"
To /tmp/clawsweeper-validation-origin-FSjS3l
 * [new branch]      main -> main
hint: Using 'master' as the name for the initial branch. This default branch name
hint: will change to "main" in Git 3.0. To configure the initial branch name
hint: to use in all of your new repositories, which will suppress this warning,
hint: call:
hint:
hint: 	git config --global init.defaultBranch <name>
hint:
hint: Names commonly chosen instead of 'master' are 'main', 'trunk' and
hint: 'development'. The just-created branch can be renamed via this command:
hint:
hint: 	git branch -m <name>
hint:
hint: Disable this message with "git config set advice.defaultBranchName false"
To /tmp/clawsweeper-validation-origin-3jIvGZ
 * [new branch]      main -> main
hint: Using 'master' as the name for the initial branch. This default branch name
hint: will change to "main" in Git 3.0. To configure the initial branch name
hint: to use in all of your new repositories, which will suppress this warning,
hint: call:
hint:
hint: 	git config --global init.defaultBranch <name>
hint:
hint: Names commonly chosen instead of 'master' are 'main', 'trunk' and
hint: 'development'. The just-created branch can be renamed via this command:
hint:
hint: 	git branch -m <name>
hint:
hint: Disable this message with "git config set advice.defaultBranchName false"
To /tmp/clawsweeper-validation-origin-Lg7V46
 * [new branch]      main -> main
hint: Using 'master' as the name for the initial branch. This default branch name
hint: will change to "main" in Git 3.0. To configure the initial branch name
hint: to use in all of your new repositories, which will suppress this warning,
hint: call:
hint:
hint: 	git config --global init.defaultBranch <name>
hint:
hint: Names commonly chosen instead of 'master' are 'main', 'trunk' and
hint: 'development'. The just-created branch can be renamed via this command:
hint:
hint: 	git branch -m <name>
hint:
hint: Disable this message with "git config set advice.defaultBranchName false"
To /tmp/clawsweeper-validation-origin-MBc2C7
 * [new branch]      main -> main
hint: Using 'master' as the name for the initial branch. This default branch name
hint: will change to "main" in Git 3.0. To configure the initial branch name
hint: to use in all of your new repositories, which will suppress this warning,
hint: call:
hint:
hint: 	git config --global init.defaultBranch <name>
hint:
hint: Names commonly chosen instead of 'master' are 'main', 'trunk' and
hint: 'development'. The just-created branch can be renamed via this command:
hint:
hint: 	git branch -m <name>
hint:
hint: Disable this message with "git config set advice.defaultBranchName false"
To /tmp/clawsweeper-validation-origin-6GFKi3
 * [new branch]      main -> main
hint: Using 'master' as the name for the initial branch. This default branch name
hint: will change to "main" in Git 3.0. To configure the initial branch name
hint: to use in all of your new repositories, which will suppress this warning,
hint: call:
hint:
hint: 	git config --global init.defaultBranch <name>
hint:
hint: Names commonly chosen instead of 'master' are 'main', 'trunk' and
hint: 'development'. The just-created branch can be renamed via this command:
hint:
hint: 	git branch -m <name>
hint:
hint: Disable this message with "git config set advice.defaultBranchName false"
To /tmp/clawsweeper-validation-origin-P1yBCH
 * [new branch]      main -> main
hint: Using 'master' as the name for the initial branch. This default branch name
hint: will change to "main" in Git 3.0. To configure the initial branch name
hint: to use in all of your new repositories, which will suppress this warning,
hint: call:
hint:
hint: 	git config --global init.defaultBranch <name>
hint:
hint: Names commonly chosen instead of 'master' are 'main', 'trunk' and
hint: 'development'. The just-created branch can be renamed via this command:
hint:
hint: 	git branch -m <name>
hint:
hint: Disable this message with "git config set advice.defaultBranchName false"
To /tmp/clawsweeper-validation-origin-xJ1HSM
 * [new branch]      main -> main
hint: Using 'master' as the name for the initial branch. This default branch name
hint: will change to "main" in Git 3.0. To configure the initial branch name
hint: to use in all of your new repositories, which will suppress this warning,
hint: call:
hint:
hint: 	git config --global init.defaultBranch <name>
hint:
hint: Names commonly chosen instead of 'master' are 'main', 'trunk' and
hint: 'development'. The just-created branch can be renamed via this command:
hint:
hint: 	git branch -m <name>
hint:
hint: Disable this message with "git config set advice.defaultBranchName false"
To /tmp/clawsweeper-validation-origin-AVls9t
 * [new branch]      main -> main
hint: Using 'master' as the name for the initial branch. This default branch name
hint: will change to "main" in Git 3.0. To configure the initial branch name
hint: to use in all of your new repositories, which will suppress this warning,
hint: call:
hint:
hint: 	git config --global init.defaultBranch <name>
hint:
hint: Names commonly chosen instead of 'master' are 'main', 'trunk' and
hint: 'development'. The just-created branch can be renamed via this command:
hint:
hint: 	git branch -m <name>
hint:
hint: Disable this message with "git config set advice.defaultBranchName false"
To /tmp/clawsweeper-validation-origin-n4U75x
 * [new branch]      main -> main
hint: Using 'master' as the name for the initial branch. This default branch name
hint: will change to "main" in Git 3.0. To configure the initial branch name
hint: to use in all of your new repositories, which will suppress this warning,
hint: call:
hint:
hint: 	git config --global init.defaultBranch <name>
hint:
hint: Names commonly chosen instead of 'master' are 'main', 'trunk' and
hint: 'development'. The just-created branch can be renamed via this command:
hint:
hint: 	git branch -m <name>
hint:
hint: Disable this message with "git config set advice.defaultBranchName false"
To /tmp/clawsweeper-validation-origin-PN26tv
 * [new branch]      main -> main
hint: Using 'master' as the name for the initial branch. This default branch name
hint: will change to "main" in Git 3.0. To configure the initial branch name
hint: to use in all of your new repositories, which will suppress this warning,
hint: call:
hint:
hint: 	git config --global init.defaultBranch <name>
hint:
hint: Names commonly chosen instead of 'master' are 'main', 'trunk' and
hint: 'development'. The just-created branch can be renamed via this command:
hint:
hint: 	git branch -m <name>
hint:
hint: Disable this message with "git config set advice.defaultBranchName false"
To /tmp/clawsweeper-validation-origin-juJVyP
 * [new branch]      main -> main
hint: Using 'master' as the name for the initial branch. This default branch name
hint: will change to "main" in Git 3.0. To configure the initial branch name
hint: to use in all of your new repositories, which will suppress this warning,
hint: call:
hint:
hint: 	git config --global init.defaultBranch <name>
hint:
hint: Names commonly chosen instead of 'master' are 'main', 'trunk' and
hint: 'development'. The just-created branch can be renamed via this command:
hint:
hint: 	git branch -m <name>
hint:
hint: Disable this message with "git config set advice.defaultBranchName false"
To /tmp/clawsweeper-validation-origin-sD6WPK
 * [new branch]      main -> main
hint: Using 'master' as the name for the initial branch. This default branch name
hint: will change to "main" in Git 3.0. To configure the initial branch name
hint: to use in all of your new repositories, which will suppress this warning,
hint: call:
hint:
hint: 	git config --global init.defaultBranch <name>
hint:
hint: Names commonly chosen instead of 'master' are 'main', 'trunk' and
hint: 'development'. The just-created branch can be renamed via this command:
hint:
hint: 	git branch -m <name>
hint:
hint: Disable this message with "git config set advice.defaultBranchName false"
To /tmp/clawsweeper-validation-origin-5rwHHi
 * [new branch]      main -> main
hint: Using 'master' as the name for the initial branch. This default branch name
hint: will change to "main" in Git 3.0. To configure the initial branch name
hint: to use in all of your new repositories, which will suppress this warning,
hint: call:
hint:
hint: 	git config --global init.defaultBranch <name>
hint:
hint: Names commonly chosen instead of 'master' are 'main', 'trunk' and
hint: 'development'. The just-created branch can be renamed via this command:
hint:
hint: 	git branch -m <name>
hint:
hint: Disable this message with "git config set advice.defaultBranchName false"
To /tmp/clawsweeper-validation-origin-vEMdpL
 * [new branch]      main -> main
hint: Using 'master' as the name for the initial branch. This default branch name
hint: will change to "main" in Git 3.0. To configure the initial branch name
hint: to use in all of your new repositories, which will suppress this warning,
hint: call:
hint:
hint: 	git config --global init.defaultBranch <name>
hint:
hint: Names commonly chosen instead of 'master' are 'main', 'trunk' and
hint: 'development'. The just-created branch can be renamed via this command:
hint:
hint: 	git branch -m <name>
hint:
hint: Disable this message with "git config set advice.defaultBranchName false"
To /tmp/clawsweeper-validation-origin-bQKezv
 * [new branch]      main -> main
hint: Using 'master' as the name for the initial branch. This default branch name
hint: will change to "main" in Git 3.0. To configure the initial branch name
hint: to use in all of your new repositories, which will suppress this warning,
hint: call:
hint:
hint: 	git config --global init.defaultBranch <name>
hint:
hint: Names commonly chosen instead of 'master' are 'main', 'trunk' and
hint: 'development'. The just-created branch can be renamed via this command:
hint:
hint: 	git branch -m <name>
hint:
hint: Disable this message with "git config set advice.defaultBranchName false"
To /tmp/clawsweeper-validation-origin-lvwg3X
 * [new branch]      main -> main
hint: Using 'master' as the name for the initial branch. This default branch name
hint: will change to "main" in Git 3.0. To configure the initial branch name
hint: to use in all of your new repositories, which will suppress this warning,
hint: call:
hint:
hint: 	git config --global init.defaultBranch <name>
hint:
hint: Names commonly chosen instead of 'master' are 'main', 'trunk' and
hint: 'development'. The just-created branch can be renamed via this command:
hint:
hint: 	git branch -m <name>
hint:
hint: Disable this message with "git config set advice.defaultBranchName false"
To /tmp/clawsweeper-validation-origin-YhFhZe
 * [new branch]      main -> main
hint: Using 'master' as the name for the initial branch. This default branch name
hint: will change to "main" in Git 3.0. To configure the initial branch name
hint: to use in all of your new repositories, which will suppress this warning,
hint: call:
hint:
hint: 	git config --global init.defaultBranch <name>
hint:
hint: Names commonly chosen instead of 'master' are 'main', 'trunk' and
hint: 'development'. The just-created branch can be renamed via this command:
hint:
hint: 	git branch -m <name>
hint:
hint: Disable this message with "git config set advice.defaultBranchName false"
To /tmp/clawsweeper-validation-origin-EsAGPY
 * [new branch]      main -> main
hint: Using 'master' as the name for the initial branch. This default branch name
hint: will change to "main" in Git 3.0. To configure the initial branch name
hint: to use in all of your new repositories, which will suppress this warning,
hint: call:
hint:
hint: 	git config --global init.defaultBranch <name>
hint:
hint: Names commonly chosen instead of 'master' are 'main', 'trunk' and
hint: 'development'. The just-created branch can be renamed via this command:
hint:
hint: 	git branch -m <name>
hint:
hint: Disable this message with "git config set advice.defaultBranchName false"
To /tmp/clawsweeper-validation-origin-toADlw
 * [new branch]      main -> main
hint: Using 'master' as the name for the initial branch. This default branch name
hint: will change to "main" in Git 3.0. To configure the initial branch name
hint: to use in all of your new repositories, which will suppress this warning,
hint: call:
hint:
hint: 	git config --global init.defaultBranch <name>
hint:
hint: Names commonly chosen instead of 'master' are 'main', 'trunk' and
hint: 'development'. The just-created branch can be renamed via this command:
hint:
hint: 	git branch -m <name>
hint:
hint: Disable this message with "git config set advice.defaultBranchName false"
To /tmp/clawsweeper-validation-origin-XQvywJ
 * [new branch]      main -> main
Preparing worktree (checking out 'sibling')
Preparing worktree (checking out 'clawsweeper/occupied')
warning: in the working copy of 'apps/android/gradlew.bat', CRLF will be replaced by LF the next time Git touches it
warning: in the working copy of 'apps/android/gradlew.bat', CRLF will be replaced by LF the next time Git touches it
Cloning into '/tmp/clawsweeper-validation-boo29f/vendor/lib'...
done.
From /tmp/clawsweeper-submodule-source-9BOPs8
   4ee5b7f..7b8f996  main       -> origin/main
Note: switching to '7b8f996c6f6a23f9e7adf02609ffc12b3219890e'.

You are in 'detached HEAD' state. You can look around, make experimental
changes and commit them, and you can discard any commits you make in this
state without impacting any branches by switching back to a branch.

If you want to create a new branch to retain commits you create, you may
do so (now or later) by using -c with the switch command. Example:

  git switch -c <new-branch-name>

Or undo this operation with:

  git switch -

Turn off this advice by setting config variable advice.detachedHead to false

HEAD is now at 7b8f996 second
Previous HEAD position was 7b8f996 second
HEAD is now at 4ee5b7f initial
Cloning into '/tmp/clawsweeper-validation-cBVobI/vendor/lib'...
done.
Cloning into '/tmp/clawsweeper-middle-source-1f3OJU/vendor/nested'...
done.
Cloning into '/tmp/clawsweeper-validation-FoaZ2d/vendor/middle'...
done.
Submodule 'vendor/nested' (/tmp/clawsweeper-nested-source-Qcp4cU) registered for path 'vendor/middle/vendor/nested'
Cloning into '/tmp/clawsweeper-validation-FoaZ2d/vendor/middle/vendor/nested'...
done.
Cloning into '/tmp/clawsweeper-validation-E00Eb5/vendor/lib'...
done.
Switched to a new branch 'feature'
Switched to branch 'main'
Switched to branch 'feature'
Switched to a new branch 'feature'
Switched to branch 'main'
Switched to branch 'feature'
Switched to a new branch 'feature'
Switched to branch 'main'
Switched to branch 'feature'
hint: Using 'master' as the name for the initial branch. This default branch name
hint: will change to "main" in Git 3.0. To configure the initial branch name
hint: to use in all of your new repositories, which will suppress this warning,
hint: call:
hint:
hint: 	git config --global init.defaultBranch <name>
hint:
hint: Names commonly chosen instead of 'master' are 'main', 'trunk' and
hint: 'development'. The just-created branch can be renamed via this command:
hint:
hint: 	git branch -m <name>
hint:
hint: Disable this message with "git config set advice.defaultBranchName false"
To /tmp/clawsweeper-validation-origin-1u99J0
 * [new branch]      main -> main
hint: Using 'master' as the name for the initial branch. This default branch name
hint: will change to "main" in Git 3.0. To configure the initial branch name
hint: to use in all of your new repositories, which will suppress this warning,
hint: call:
hint:
hint: 	git config --global init.defaultBranch <name>
hint:
hint: Names commonly chosen instead of 'master' are 'main', 'trunk' and
hint: 'development'. The just-created branch can be renamed via this command:
hint:
hint: 	git branch -m <name>
hint:
hint: Disable this message with "git config set advice.defaultBranchName false"
To /tmp/clawsweeper-validation-origin-q3sG2P
 * [new branch]      main -> main
hint: Using 'master' as the name for the initial branch. This default branch name
hint: will change to "main" in Git 3.0. To configure the initial branch name
hint: to use in all of your new repositories, which will suppress this warning,
hint: call:
hint:
hint: 	git config --global init.defaultBranch <name>
hint:
hint: Names commonly chosen instead of 'master' are 'main', 'trunk' and
hint: 'development'. The just-created branch can be renamed via this command:
hint:
hint: 	git branch -m <name>
hint:
hint: Disable this message with "git config set advice.defaultBranchName false"
To /tmp/clawsweeper-validation-origin-56YsYG
 * [new branch]      main -> main
hint: Using 'master' as the name for the initial branch. This default branch name
hint: will change to "main" in Git 3.0. To configure the initial branch name
hint: to use in all of your new repositories, which will suppress this warning,
hint: call:
hint:
hint: 	git config --global init.defaultBranch <name>
hint:
hint: Names commonly chosen instead of 'master' are 'main', 'trunk' and
hint: 'development'. The just-created branch can be renamed via this command:
hint:
hint: 	git branch -m <name>
hint:
hint: Disable this message with "git config set advice.defaultBranchName false"
To /tmp/clawsweeper-validation-origin-6crMcI
 * [new branch]      main -> main
hint: Using 'master' as the name for the initial branch. This default branch name
hint: will change to "main" in Git 3.0. To configure the initial branch name
hint: to use in all of your new repositories, which will suppress this warning,
hint: call:
hint:
hint: 	git config --global init.defaultBranch <name>
hint:
hint: Names commonly chosen instead of 'master' are 'main', 'trunk' and
hint: 'development'. The just-created branch can be renamed via this command:
hint:
hint: 	git branch -m <name>
hint:
hint: Disable this message with "git config set advice.defaultBranchName false"
To /tmp/clawsweeper-validation-origin-8jZhjH
 * [new branch]      main -> main
hint: Using 'master' as the name for the initial branch. This default branch name
hint: will change to "main" in Git 3.0. To configure the initial branch name
hint: to use in all of your new repositories, which will suppress this warning,
hint: call:
hint:
hint: 	git config --global init.defaultBranch <name>
hint:
hint: Names commonly chosen instead of 'master' are 'main', 'trunk' and
hint: 'development'. The just-created branch can be renamed via this command:
hint:
hint: 	git branch -m <name>
hint:
hint: Disable this message with "git config set advice.defaultBranchName false"
To /tmp/clawsweeper-validation-origin-qkCKXb
 * [new branch]      main -> main
hint: Using 'master' as the name for the initial branch. This default branch name
hint: will change to "main" in Git 3.0. To configure the initial branch name
hint: to use in all of your new repositories, which will suppress this warning,
hint: call:
hint:
hint: 	git config --global init.defaultBranch <name>
hint:
hint: Names commonly chosen instead of 'master' are 'main', 'trunk' and
hint: 'development'. The just-created branch can be renamed via this command:
hint:
hint: 	git branch -m <name>
hint:
hint: Disable this message with "git config set advice.defaultBranchName false"
To /tmp/clawsweeper-validation-origin-nRU9fF
 * [new branch]      main -> main
hint: Using 'master' as the name for the initial branch. This default branch name
hint: will change to "main" in Git 3.0. To configure the initial branch name
hint: to use in all of your new repositories, which will suppress this warning,
hint: call:
hint:
hint: 	git config --global init.defaultBranch <name>
hint:
hint: Names commonly chosen instead of 'master' are 'main', 'trunk' and
hint: 'development'. The just-created branch can be renamed via this command:
hint:
hint: 	git branch -m <name>
hint:
hint: Disable this message with "git config set advice.defaultBranchName false"
To /tmp/clawsweeper-validation-origin-6adMUJ
 * [new branch]      main -> main
hint: Using 'master' as the name for the initial branch. This default branch name
hint: will change to "main" in Git 3.0. To configure the initial branch name
hint: to use in all of your new repositories, which will suppress this warning,
hint: call:
hint:
hint: 	git config --global init.defaultBranch <name>
hint:
hint: Names commonly chosen instead of 'master' are 'main', 'trunk' and
hint: 'development'. The just-created branch can be renamed via this command:
hint:
hint: 	git branch -m <name>
hint:
hint: Disable this message with "git config set advice.defaultBranchName false"
To /tmp/clawsweeper-validation-origin-98qOCx
 * [new branch]      main -> main
hint: Using 'master' as the name for the initial branch. This default branch name
hint: will change to "main" in Git 3.0. To configure the initial branch name
hint: to use in all of your new repositories, which will suppress this warning,
hint: call:
hint:
hint: 	git config --global init.defaultBranch <name>
hint:
hint: Names commonly chosen instead of 'master' are 'main', 'trunk' and
hint: 'development'. The just-created branch can be renamed via this command:
hint:
hint: 	git branch -m <name>
hint:
hint: Disable this message with "git config set advice.defaultBranchName false"
To /tmp/clawsweeper-validation-origin-jf4HvU
 * [new branch]      main -> main
✔ OpenClaw repairs require changed-surface validation even when omitted (8.844562ms)
✔ OpenClaw ignores mutating formatter hints when its trusted changed gate is available (5.792542ms)
✔ mutating formatter hints still fail closed without a trusted replacement gate (1.794657ms)
✔ formatter-hint filtering does not hide shell injection or write flags (2.652675ms)
✔ non-OpenClaw repairs do not get OpenClaw changed gate injection (0.697718ms)
✔ ClawSweeper repairs preserve their configured changed gate from the real config (0.785967ms)
✔ validation preflight reports injected OpenClaw changed gate (0.878773ms)
✔ validation preflight blocks targets without any validation command (0.649076ms)
✔ OpenClaw automerge repairs keep strict validation scoped to the repair command (2.558576ms)
✔ validation preflight accepts env-prefixed OpenClaw QA commands (3.221094ms)
✔ validation preflight accepts assignment-prefixed OpenClaw test commands (1.666879ms)
✔ validation preflight accepts leading env assignment commands (58.348866ms)
✔ validation preflight preserves direct Vitest commands without requiring a package script (52.016068ms)
✔ validation preflight preserves directory-scoped direct Vitest commands (62.824766ms)
✔ validation preflight blocks unscoped direct Vitest commands (12.35213ms)
✔ validation preflight blocks direct Vitest commands with missing test paths (167.553755ms)
✔ validation preflight blocks package test commands with missing directory paths (133.128279ms)
✔ validation parser requires env assignments before env command (0.531845ms)
✔ validation parser accepts common non-Node project commands (1.225892ms)
✔ validation parser still rejects executable shell syntax (0.840747ms)
✔ validation parser rejects direct interpreter eval commands (1.238005ms)
✔ validation parser rejects Node and Bun preload or loader options (0.801953ms)
✔ validation parser rejects mutating package, Git, formatter, and environment forms (4.006856ms)
✔ bun run workspace options are parsed before the script name (0.575201ms)
✔ validation parser keeps script arguments after the package-manager separator (0.275535ms)
✔ validation parser rejects unsupported npm options after the script (0.735875ms)
✔ pnpm path normalization honors global options before the command (132.922362ms)
✔ disabled pnpm workspace flags do not bypass test path normalization (113.779359ms)
✔ workspace-filtered test paths remain relative to the selected package (132.08863ms)
✔ bun test is treated as the built-in runner instead of a package script (39.284652ms)
✔ package validation execution suppresses lifecycle hooks and implicit installs (1.191054ms)
✔ Bun validation rejects selected pre and post lifecycle hooks (690.278105ms)
✔ Bun validation fails closed when lifecycle hook inspection is inconclusive (1063.056311ms)
✔ implicit pnpm script names preserve package.json case (1.550782ms)
✔ filtered pnpm validation fails when no workspace matches (758.124016ms)
✔ filtered Bun validation fails preflight when no workspace matches (2.823269ms)
✔ workspace-scoped validation resolves scripts from the selected package (2.676352ms)
✔ pnpm workspace scope ignores package.json workspaces without pnpm-workspace.yaml (1.33279ms)
✔ workspace-scoped validation blocks a matched package without the requested script (2.092038ms)
✔ workspace-scoped validation fails closed on unsafe workspace discovery (1.55202ms)
✔ workspace-scoped validation parses npm run options after the script (7.945105ms)
✔ npm all-workspace shorthand works globally and around the run script (3.587127ms)
✔ npm workspace booleans use the final option value (0.559012ms)
✔ npm all-workspace validation requires every selected package script (6.002267ms)
✔ workspace-scoped validation parses npm test shorthand options (4.41526ms)
✔ pnpm test shorthands validate the test script they execute (0.848264ms)
✔ workspace-scoped validation rejects empty recursive proof (1.451522ms)
✔ workspace selector values do not alias boolean false (6.535792ms)
✔ workspace discovery enforces pattern and traversal budgets (10.863868ms)
✔ workspace discovery enforces a synchronous deadline (22.686496ms)
✔ workspace preflight rejects non-regular package metadata without blocking (9.545529ms)
✔ workspace wildcard and selector inputs are bounded (37.70069ms)
✔ pnpm documented dependency and changed-since selectors defer to bounded runtime matching (12.83617ms)
✔ validation preflight accepts scoped OpenGrep commands (1.386492ms)
✔ validation preflight preserves scoped git diff checks (0.857152ms)
✔ adopted OpenClaw PR repairs validate changelog-only repair deltas without full changed gate (133.806959ms)
✔ OpenClaw archive smoke preserves its required fresh runtime build (0.525061ms)
✔ OpenClaw build validation remains required when archive smoke is absent (0.434838ms)
✔ adopted OpenClaw PR repairs keep full changed gate for code repair deltas (128.553527ms)
✔ base-identical validation failures outside the repair delta are external blockers (188.414104ms)
✔ validation failures in repair-changed files remain repair scope (96.490796ms)
✔ final-sync classification excludes files changed only by advanced main (205.183634ms)
✔ pinned-base validation reproduction proves the same base failure (2702.540963ms)
✔ pinned-base reproduction avoids fetching unrelated missing partial-clone history (1730.327675ms)
✔ pinned-base reproduction preserves the source comparison branch for changed gates (1472.216477ms)
✔ pinned-base reproduction hydrates blobs required by the older pinned snapshot (1600.618369ms)
✔ pinned-base reproduction preserves the source SHA-256 object format (1297.792136ms)
✔ pinned-base reproduction bounds checkout and possible promisor fetches (136.056908ms)
✔ pinned-base reproduction does not inherit target-controlled checkout hooks (1508.579458ms)
✔ pinned-base reproduction fails closed when dependency inputs changed (135.952434ms)
✔ pinned-base reproduction does not reuse a mutable dependency runtime (115.068014ms)
✔ pinned-base reproduction prepares an independent runtime after normal setup (2666.797473ms)
✔ pinned-base reproduction fails closed when the pinned ref is unavailable (74.326024ms)
✔ bun-based target repos do not get pnpm check:changed injected (0.692551ms)
✔ bun-based target repos pass preflight when their script exists (0.923752ms)
✔ bun-based target repos drop stale pnpm check:changed and pass on their real validation command (0.818654ms)
✔ non-gated target repos replace stale changed gates with git validation (0.740774ms)
✔ repair execution provisions pinned Bun before target validation can invoke it (0.633623ms)
✔ bun-based target toolchain installs deps and runs configured validation (1738.528156ms)
✔ dependency setup permits inert package-manager config files (2942.49588ms)
✔ dependency setup permits pnpm integrity strings containing double slashes (1066.849685ms)
✔ dependency setup permits external funding metadata in npm lockfiles (1623.099162ms)
✔ dependency setup keeps non-funding npm lockfile URLs fail-closed (614.081503ms)
✔ dependency setup rejects install destinations for dependencies named funding (556.470291ms)
✔ dependency setup permits deprecated package metadata in pnpm lockfiles (1050.265198ms)
✔ dependency setup still rejects a malicious resolved URL beside an exempt deprecated string (294.866588ms)
✔ dependency setup rejects a non-string deprecated field (361.463989ms)
✔ dependency setup rejects install destinations for dependencies named deprecated (661.550076ms)
✔ dependency setup rejects target-controlled network destinations (6251.22609ms)
✔ dependency setup preserves tracked in-checkout local workspace dependencies (3374.358945ms)
✔ dependency setup accepts npm lockfile v3 tracked workspace links (778.990999ms)
✔ pnpm dependency setup does not authorize package.json-only workspaces (241.579846ms)
✔ dependency setup rejects unsafe structured lockfile local resolutions (1976.738046ms)
✔ dependency setup rejects untracked and symlink-external local workspaces (330.889272ms)
﹣ bun dependency setup rejects and reaps detached descendants (34.8202ms) # runner does not provide delegated user namespaces and Landlock ABI 3+
﹣ npm dependency setup rejects and reaps detached descendants (28.320718ms) # runner does not provide delegated user namespaces and Landlock ABI 3+
✔ pnpm validation reuses the prepared target version and rejects stale setup (3083.637209ms)
✔ OpenClaw stages pinned Knip without package execution and restores its offline cache per command (10071.269046ms)
✔ pnpm validation refreshes the prepared executable before every command (1669.196227ms)
✔ pnpm validation refreshes the prepared executable within the shared setup identity budget (1916.045991ms)
ℹ setup: 55 completed Git calls, 13750ms charged
✔ pnpm setup disables target pnpmfile hooks (783.549941ms)
✔ validation rejects ignored dependency poisoning before the next command (820.460673ms)
✔ validation rejects ignored vendor poisoning before the next command (718.298988ms)
✔ validation rejects poisoning through arbitrary pre-existing ignored inputs (641.661145ms)
✔ validation removes arbitrary newly-created ignored outputs between commands (1005.145649ms)
✔ archive smoke writes generated runtime artifacts only to its disposable validation profile (1719.755411ms)
✔ OpenClaw fresh build outputs survive aliases and intervening checks before archive smoke (10278.585189ms)
✔ intermediate validation cannot tamper with fresh runtime outputs before archive smoke (1172.583426ms)
✔ changed-gate fallback preserves and protects pending fresh runtime output (4247.90235ms)
✔ OpenClaw changed-gate rebuilds are disposable and restore existing runtime outputs (1167.25679ms)
✔ changed-gate output restoration still rejects unrelated ignored-input poisoning (612.45903ms)
✔ changed-gate output preparation failures preserve the existing compiler cache (697.941416ms)
✔ changed-gate output restoration rejects replaced output roots before following symlinks (988.796828ms)
✔ OpenClaw changed-gate compiler cache is disposable and preserves existing state (1200.751647ms)
✔ OpenClaw validation disables shard timing writes without weakening ignored-input protection (1193.699245ms)
✔ changed-gate compiler cache isolation still rejects unrelated ignored-input poisoning (607.416107ms)
✔ runtime root diagnostics identify same-size poisoning even when its timestamp is restored (630.245954ms)
✔ runtime root diagnostics identify every independently mutated ignored root (611.395491ms)
✔ runtime root diagnostics attribute shared symlink targets to every affected ignored root (608.755747ms)
✔ runtime root diagnostics attribute cyclic symlink targets to every affected ignored root (627.307633ms)
✔ runtime root diagnostics do not blame unchanged shared-target roots after alias removal (611.296992ms)
✔ runtime root diagnostics do not blame unchanged cyclic-target roots after alias removal (642.167804ms)
✔ runtime identity enforces its deadline throughout reachable-root finalization (551.806823ms)
✔ runtime identity enforces its deadline when a workspace-reference root has no reachable entries (233.33875ms)
✔ runtime root mutation diagnostics enforce their comparison deadline (652.514051ms)
✔ runtime root diagnostics ignore safe cache-directory timestamp changes (592.959693ms)
✔ changed-gate merge-base fallback also isolates its disposable compiler cache (939.905978ms)
✔ OpenClaw archive smoke cannot pass by reusing a pre-existing stale build (797.559467ms)
✔ OpenClaw fresh builds still reject ignored dependency poisoning before archive smoke (856.243126ms)
✔ runtime build cache cleanup never follows a replaced artifacts-root symlink (662.202015ms)
✔ checkout mutation diagnostics identify the offending command and changed identity (636.29846ms)
✔ validation fails closed on unsafe ignored Git path discovery (122.237627ms)
✔ validation clears ignored build roots between commands (933.324391ms)
✔ validation binds ignored runtime symlink target contents between commands (591.69995ms)
✔ runtime identity handles pnpm symlink graphs without duplicate traversal (345.334052ms)
✔ runtime identity deduplicates shared symlink targets across ignored roots (198.165064ms)
✔ pnpm setup rejects prepared executables that escape through symlinks (769.795085ms)
✔ pnpm setup freezes runnable external Corepack code and package metadata (1266.358803ms)
✔ bun-based target toolchain strips caller identity and path configuration (684.889282ms)
✔ dependency setup rejects tracked source mutation (588.463495ms)
✔ target validation preserves its base ref with fetch.prune=true (919.738401ms)
✔ target validation preserves its base ref with remote.origin.prune=true (930.700509ms)
✔ validation rejects scripts that mutate the checkout (3543.810331ms)
✔ validation rejects scripts that mutate Git administrative state (3454.460584ms)
✔ publication checkout bindings reject later Git administrative mutation (349.784494ms)
✔ checkout bindings ignore replacement refs and detect later replacement-ref mutation (416.802018ms)
✔ checkout bindings ignore unrelated sibling worktree refs (369.535506ms)
✔ checkout identity capture quarantines transient Git objects (208.673316ms)
✔ checkout identity is stable after ignored runtime discovery refreshes index stats (337.580233ms)
✔ final checkout binding preserves validated content across host commit (523.514173ms)
✔ validation rejects hidden assume-unchanged and skip-worktree index entries (128.318457ms)
✔ validation rejects target-local publication helpers and redirects (359.033156ms)
✖ repair commit plumbing bypasses target hooks and signing callbacks (67.682619ms)
✔ replacement branch plumbing bypasses checkout and reference hooks (145.009544ms)
✔ replacement branch plumbing restores overwritten refs when HEAD cannot switch (321.697439ms)
✔ replacement branch plumbing rejects branches attached to another worktree (131.005064ms)
✔ checkpoint plumbing commits raw modified, added, and deleted worktree content (222.809415ms)
✔ checkpoint plumbing preserves a review fix restoring a legacy CRLF blob (1029.325627ms)
✔ checkpoint plumbing preserves staged CRLF restorations alongside review edits (391.747708ms)
✔ checkpoint plumbing rejects a staged blob that disagrees with unchanged worktree (329.38124ms)
✔ checkpoint plumbing supports replacing a tracked file with a directory (197.92286ms)
✔ checkpoint plumbing supports replacing tracked descendants with a file (207.262118ms)
✔ checkpoint plumbing preserves HEAD and index across lock failures (444.023404ms)
✔ checkpoint plumbing uses canonical Git EOL normalization (339.07505ms)
✔ checkpoint plumbing supports tracked filenames containing newlines (197.855511ms)
✔ checkpoint plumbing honors disabled file mode and symlink materialization (384.610462ms)
✔ checkpoint plumbing rejects mismatched and dirty submodules (511.026873ms)
✔ checkpoint plumbing rejects residual repositories at removed gitlinks (323.876063ms)
✔ checkpoint plumbing recursively rejects ignored nested submodule dirt (605.039933ms)
✔ checkpoint plumbing preserves clean uninitialized gitlinks (562.622517ms)
✔ checkpoint plumbing preserves unchanged filtered blob OIDs (632.782755ms)
✔ checkpoint plumbing rejects changed external filters and working-tree encodings (274.731957ms)
✔ recovery materializes an exact fetched commit without running target hooks (147.84865ms)
✔ verified target rebase and continuation do not run target hooks (268.349675ms)
✔ isolated rebase continuation rejects an aborted reconciliation (205.60184ms)
✔ isolated rebase continuation skips a commit emptied by conflict resolution (261.10907ms)
✔ checkpoint plumbing preserves executable-bit-only worktree changes (348.089352ms)
✔ history compaction preserves the reviewed tree without target ref hooks (496.742446ms)
✔ history compaction leaves HEAD unchanged when result verification fails (2066.240419ms)
✔ Git identity probes reject target fsmonitor callbacks without executing them (65.970062ms)
✔ validation accepts tracked node_modules workspace links back to the checkout (558.659444ms)
✔ validation accepts tracked scoped node_modules workspace links back to the checkout (370.532705ms)
✔ dependency setup accepts tracked links between workspaces with ignored runtime changes (1213.521871ms)
✔ prepared pnpm validation accepts install-managed links to tracked workspaces (2755.120932ms)
✔ dependency setup accepts Git-equivalent tracked executable mode normalization (1010.193014ms)
✔ validation rejects untracked node_modules workspace self-links (88.31253ms)
✔ validation rejects workspace self-links with untracked target manifests (95.318586ms)
✔ validation rejects node_modules self-links with mismatched package identities (90.790191ms)
✔ validation rejects scoped self-links outside node_modules (89.806722ms)
✔ validation rejects tracked symlinks that escape the target checkout (178.08189ms)
✔ failing fallback validation still verifies checkout identity (1246.282335ms)
✔ pnpm lockfile fallback requires a final frozen reinstall (1025.696279ms)
✔ pnpm lockfile fallback restores a pre-existing untracked lockfile exactly (1030.219045ms)
✔ dependency setup removes a lockfile pnpm materializes where none existed (694.585967ms)
✔ target setup preserves post-install identity error precedence (1055.52207ms)
✔ target setup shares one deadline across probes and installs (388.804444ms)
✔ bun-based target repos still report unrelated missing scripts as blocked (1.247784ms)
✔ resolveTargetRepoToolchain reads openclaw/clawhub from the real config without overrides (0.574804ms)
✔ resolveTargetRepoToolchain uses the explicit camsnap no-validation profile (0.335877ms)
✔ resolveTargetRepoToolchain keeps the OpenClaw changed gate even without core_target_overrides (0.603519ms)
✔ resolveTargetRepoToolchain stays total when the config file is missing (0.437341ms)
✔ resolveTargetRepoToolchain stays total when the config file is malformed JSON (1.052997ms)
✔ changed validation retries one transient check:changed failure (1104.103692ms)
✔ changed validation shares one timeout with checkout identity proof (1037.350525ms)
✔ validation reserves deadline to prove checkout mutation after command timeout (2594.736493ms)
﹣ validation rejects and reaps an immediate detached double fork (32.699827ms) # runner does not provide delegated user namespaces and Landlock ABI 3+
✔ target validation strips credentials and target-controlled environment injection (3726.064268ms)
✔ target validation exposes verified rustup tools without host Rust state (2338.909663ms)
✔ target validation retries rustup after a transient probe failure (1431.275572ms)
✔ target validation confines user-level configuration writes to a disposable profile (3673.737483ms)
✔ compactText keeps both head and tail for long validation output (0.403645ms)
✔ compactText never exceeds maxLength, even for tiny caps (2.330444ms)
✔ slug remains idempotent when truncation lands on a dash (0.471028ms)
✔ parseOptions preserves empty string arguments (2.580335ms)
✔ parseOptions requires a status mutation only when explicitly requested (0.549737ms)
✔ terminal receipt verification is opt-in (0.362732ms)
✔ terminal receipt verification accepts only the selected trusted final status (3.734371ms)
✔ terminal receipt verification accepts a status-ID-only final status (0.725777ms)
✔ terminal receipt verification accepts the matching legacy command marker (5.808218ms)
✔ terminal receipt verification binds synthetic autofix commands to their status comment (1.348031ms)
✔ parseOptions enables the terminal locked-conversation skip only when requested (2.309769ms)
✔ terminal locked-conversation skip covers status selection and duplicate cleanup (0.809301ms)
✔ legacy command updates verify their receipt without creating duplicate acknowledgements (2823.451516ms)
✔ missing status comment completes the terminal acknowledgement as a skip (254.509255ms)
✔ missing status comment still fails non-terminal required mutations (254.404502ms)
✔ parseOptions reads STATUS_COMMENT_ID env fallback (1.107317ms)
✔ empty markers do not target human comments that mention true (0.850619ms)
✔ selectCommandStatusComment prefers exact status comment ids (3.1537ms)
✔ selectCommandStatusComment converges duplicate bare fast ack comments to the oldest (20.92165ms)
✔ selectCommandStatusComment preserves status-bearing fast ack comments (0.55835ms)
✔ selectCommandStatusComment scopes shared ack markers to the requested status marker (0.273433ms)
✔ selectCommandStatusComment skips stale exact status-bearing ack comments (0.37875ms)
✔ selectCommandStatusComment matches full fast ack markers (0.239937ms)
✔ selectCommandStatusComment ignores human comments during marker fallback (0.213795ms)
✔ selectCommandStatusComment honors custom trusted bots for exact ids (0.303744ms)
✔ selectCommandStatusComment honors custom trusted bots during marker fallback (0.311996ms)
✔ selectCommandStatusComment does not append progress to Mantis proof comments (0.193673ms)
✔ mergeCommandProgressSection replaces existing progress blocks in place (0.586478ms)
✔ isGithubUrl accepts only github.com host (3.290978ms)
✔ sanitizeCheckLink keeps github.com URLs verbatim (0.355488ms)
✔ sanitizeCheckLink drops non-github URLs (0.220329ms)
✔ sanitizeEvidenceText replaces non-github URLs with hostname-free placeholder (0.634619ms)
✔ sanitizeEvidenceText keeps github.com URLs but replaces sibling external URLs (0.430488ms)
✔ sanitizeEvidenceText replaces external URLs regardless of scheme case (0.28665ms)
✔ sanitizeEvidenceText keeps github.com URLs with an uppercase scheme (0.347434ms)
✔ sanitizeResultEvidence redacts uppercase-scheme URLs on every evidence field (0.764463ms)
✔ sanitizeEvidenceText is idempotent (0.2649ms)
✔ sanitizeEvidenceList stringifies non-string entries safely (0.440883ms)
✔ sanitizeResultEvidence cleans actions[].evidence in place (0.273445ms)
✔ sanitizeResultEvidence cleans needs_human and merge_preflight evidence (2.827998ms)
✔ sanitizeResultEvidence handles null/undefined safely (0.151677ms)
✔ sanitized evidence does not trigger evidenceHasExternalUrl regex (0.293888ms)
✔ validate-all discovers jobs in stable order without closed or symlinked entries (16.629781ms)
✔ validate-all propagates directory read failures instead of silently skipping jobs (2.723388ms)
✔ pnpm built-ins and aliases cannot fall back to same-named package scripts (3.343678ms)
✔ pnpm script aliases resolve before implicit script fallback (0.63816ms)
✔ repair planning and execution use a Node runtime accepted by current OpenClaw (112.03067ms)
✔ sparse repair build workflows include runtime dependencies (85.799008ms)
✔ every workflow job that runs the main bundle directly obtains it (259.031689ms)
✔ review jobs upload completed reviews without automatic live proof (179.920181ms)
✔ historical publication lanes preserve live-proof folding after generation retirement (451.466705ms)
✔ state-hydrating sparse repair workflows keep hydration dependencies (21.289694ms)
✔ CI and CodeQL avoid fragile lazy promisor checkouts (7.426976ms)
✔ repair build emits the bounded Codex process worker (0.346489ms)
✔ repair comment router workflow preserves repository dispatch target branch (0.606482ms)
✔ repair comment router sparse checkout includes action ledger runtime (15.73792ms)
✔ sweep workflow preserves one claimed target branch through exact review (2.611753ms)
✔ repair close-promotion readers prefer durable proof and rating front matter (10.050363ms)
✔ repair close-promotion readers fail closed on body metadata after the leading block (0.612454ms)
✔ repair close-promotion readers fail closed on duplicate front matter keys (0.543824ms)
✔ repair close-promotion readers fail closed after an injected front matter terminator (0.260822ms)
✔ repair close-promotion readers preserve section fallback without front matter (0.403722ms)
✔ apply continuation blocker only shares the default cursor lane (0.604635ms)
✔ apply continuation blocker ignores stale queued and unrelated runs (0.323544ms)
✔ apply continuation blocker CLI emits workflow fields (134.930858ms)
✔ workflow utilities expose automation limits (1.240459ms)
✔ workflow utilities accept positional automation limit CLI paths (130.317332ms)
✔ workflow utility CLI initializes close-selection constants before preselecting (141.13561ms)
✔ worker scheduler lets background lanes yield to active work (0.667946ms)
✔ worker scheduler keeps 104 slots available for steady background work (0.337449ms)
✔ workflow worker scheduler applies queue pressure only to background lanes (0.350097ms)
✔ worker config defaults imported cluster repair capacity for older configs (3.448299ms)
✔ workflow utilities derive artifact item numbers and action counts (1.703078ms)
✔ workflow utilities summarize apply health with skip buckets and cursor (22.647817ms)
✔ workflow utilities distinguish examined promotion probes from action records (1.184468ms)
✔ workflow utilities preserve a zero-action inventory for cooling promotion backlogs (0.678051ms)
✔ workflow utilities summarize comment-sync apply reports separately from closure (1.295347ms)
✔ workflow utilities classify common apply skip reasons into next actions (1.302564ms)
✔ workflow utilities flag full-window close scans without the required cursor (1.045522ms)
✔ workflow utilities flag a missing cursor after a no-action full window (0.612779ms)
✔ workflow utilities keep a resumable runtime yield healthy (0.644329ms)
✔ workflow utilities flag a runtime yield that made no cursor progress (0.741797ms)
✔ workflow utilities require the cursor after a full window that closed an item (0.61985ms)
✔ workflow utilities flag operator-action skips when every result is blocked (3.770134ms)
✔ workflow utilities keep all-benign skip windows quiet (0.668227ms)
✔ workflow utilities count nested command actions by status (0.841629ms)
✔ workflow utilities count repair results that require requeue (3.301942ms)
✔ workflow utilities merge checkpoint reports in numeric order (1.080117ms)
✔ workflow utilities expose planned item numbers for recovery dispatches (0.266977ms)
✔ workflow utilities expose review capacity telemetry from plans (0.348718ms)
✔ workflow utilities expand automatic apply scan after a skip-heavy zero-close window (1.026963ms)
✔ workflow utilities use preserved close health after comment-sync status updates (2.078243ms)
✔ workflow utilities cap adaptive apply scan and reset on productive or unsafe windows (1.460527ms)
✔ workflow utilities select eligible proposed close records (26.526048ms)
✔ workflow utilities allow ClawHub implemented-on-main issue proposals (1.963102ms)
✔ workflow utilities summarize proposed close candidate quality buckets (5.671654ms)
✔ workflow utilities select proposed PR closes that can need coverage proof (5.338004ms)
✔ workflow utilities select gated product-direction PR close proposals (4.101134ms)
✔ workflow utilities select apply-side author-budget promotion probes (2.592263ms)
✔ workflow utilities rotate bounded apply candidate batches by apply cursor (9.196997ms)
✔ workflow utilities run a bounded confirmed prefix before proof and defer promotion probes (3.615497ms)
✔ workflow utilities backfill promotion probes after confirmed close proposals (3.585051ms)
✔ workflow utilities cool down recently examined promotion probes (5.050897ms)
✔ workflow utilities report truthful eligible inventory across cursor and promotion cooldown (6.12507ms)
✔ workflow utilities do not call policy- or age-excluded proposals inconsistent (1.754684ms)
✔ workflow utilities use spare proof capacity to rotate promotion probes (6.41115ms)
✔ workflow utilities persist apply cursor from processed or selected items (3.409722ms)
✔ workflow utilities advance fast and coverage-proof cursors from the exact scan trace (3.29675ms)
✔ runtime-budget cursor resumes the next candidate without rescanning the completed prefix (3.408288ms)
✔ workflow utilities count records advanced by the apply cursor (0.617619ms)
✔ workflow utilities select cursor-based PR comment sync batches (9.066517ms)
✔ durable all-item sync publishes guarded reviews without selecting terminal records (5.530585ms)
✔ automatic comment sync publishes failed reviews and rechecks guarded PR heads (4.969841ms)
✔ checked-only comments and failed durable repairs remain eligible until synchronized (4.479375ms)
✔ refreshed and timestamp-less guarded reviews cross an existing automatic cursor (8.068551ms)
✔ post-sync guarded action changes return to the durable comment queue (2.081666ms)
✔ invalid decisions never enqueue close reasons forbidden by their target repository (4.893492ms)
✔ unverified checkouts and timestamp-less comments never monopolize urgent sync (27.166119ms)
✔ all-item sync reserves its first slot for cursor progress before urgent maintenance (8.079406ms)
✔ urgent all-item repair keeps the numeric cursor frontier first (2.572364ms)
✔ wrapped urgent comment-sync batches reserve one advancing cursor record (19.230227ms)
✔ fresh proof retries cannot monopolize successive all-item cursor windows (17.15601ms)
✔ synchronized stale-sync retries cannot pin the urgent cursor (3.922083ms)
✔ manual all-item cursors still include recently synchronized issues (2.647246ms)
✔ comment synchronization preserves canonical dotted and underscored repository slugs (1.035457ms)
✔ fresh review priority crosses an existing maintenance cursor (4.409841ms)
✔ metadata audit flags canonical promotion keys only after the leading block (3.718679ms)
✔ metadata audit emits a bounded sanitized canonical-record inventory (2.661251ms)
✔ metadata audit enforces its global record bound (0.970919ms)
✔ report metadata audit workflow is dispatch-only and read-only (19.690126ms)
✔ OpenClaw allows unsponsored feature closes for issues only (2.242836ms)
✔ OpenClaw allows author budget closes for pull requests only (0.225385ms)
✔ OpenClaw routes obsolescence reasons to their item kinds (0.368737ms)
✔ repositoryProfileFor matches mixed-case input against canonical profiles (2.51157ms)
✔ repositoryProfileFor supports fs-safe event reviews (0.350427ms)
✔ generic OpenClaw fallback supports conservative event-only onboarding (0.833431ms)
✔ generic steipete fallback starts review-only (0.560378ms)
✔ Go-root targets use explicit npm profiles without broadening close policy (1.355055ms)
✔ generic OpenClaw fallback keeps denied repositories unsupported (2.175904ms)
✔ generic fallback does not support repositories outside configured owners (0.227081ms)
✔ profile lookup normalizes candidate target repos as well as input (0.185655ms)
✔ schema v2 repository profiles strictly validate optional live_test config (1.458466ms)
✔ terminal live_test profiles may omit browser start and URL fields (0.228776ms)
✔ live_test install scripts are disabled by default and require an explicit opt-in (0.332353ms)
✔ schema v2 generic fallbacks strictly validate and inherit optional live_test config (0.68712ms)
✔ configured and fallback-owned repositories expose their enabled live-proof surfaces (0.301969ms)
✔ ClawSweeper enables browser live proof with the local Bay demo (0.812845ms)
✔ review activity cursor binds reviews, inline comments, and thread state (4.090978ms)
✔ review activity cursor is order-independent and bounded (0.886369ms)
✔ stable refresh rejects interleaved activity (1.16275ms)
✔ v1 and v2 agree on activity and stability decisions (6.390057ms)
✔ v1 to v2 migration explicitly re-baselines instead of reporting activity change (2.017472ms)
✔ v2 query aliases a bounded PR batch and decoder fails closed (0.932187ms)
✔ batched stability keeps the two-read invariant (0.78435ms)
✔ review thread pages parse fail-closed (0.551666ms)
✔ review and apply paths persist and revalidate the cursor (1.685135ms)
✔ review history hydration keeps base ancestry the checkout already had (17690.849197ms)
✔ review history hydration still deepens a base branch that is itself shallow (1537.059649ms)
✔ review history hydration stays fail-closed when the bounded deepening cannot reach (11224.567794ms)
✔ review history hydration reports no merge base when the pull ref is unreachable (745.810012ms)
✔ restricted PR review can inspect changed blobs from a genuine blobless clone offline (554.642217ms)
✔ restricted review materializes the exact pull request head before model execution (574.010796ms)
✔ restricted review binds a force-pushed pull request to the exact REST head (536.099272ms)
✔ review blob hydration rejects unsafe paths and oversized changes without fetching (381.638968ms)
✔ missing partial-clone objects are fetched in one bounded network request (608.473473ms)
✔ review hydration enforces per-review byte limits without fetching oversized blobs (1442.279338ms)
✔ review blob sizes use one bounded GraphQL metadata request (2.919065ms)
✔ review publication trusts runner-owned checkout access instead of review prose (2.495032ms)
✔ review publication fails closed without verified runner inspection (0.385623ms)
✔ review prompt documents gated backlog close policies (7.568614ms)
✔ review prompt closes independently disproven nonexistent-source bug reports (1.363985ms)
✔ external desktop-product bugs close without inventing upstream maintainer work (8.375128ms)
✔ close-first triage keeps actionable upstream work and invites better reports (3.692871ms)
✔ all exact-review publication paths inherit the shared automatic-close policy (3.282998ms)
✔ unsponsored feature issue proposals emit source-bound trusted close markers (2.508654ms)
✔ protected labels are normalized and only maintainer-only items stay plannable (3.038864ms)
✔ parseGhJson adds gh command context to malformed JSON errors (0.925022ms)
✔ parseGhJsonLines adds line number and command context to malformed JSONL errors (0.695909ms)
✔ parseGhJsonWithRetry reloads malformed successful responses (1.527854ms)
✔ commit review parses co-authored-by trailers (0.561017ms)
✔ protected labels block close proposals even for otherwise valid decisions (0.348237ms)
✔ PR close-exemption labels produce a distinct guarded-open action (3.023576ms)
✔ verified fixed maintainer items can become close proposals (1.779798ms)
✔ maintainer items stay protected for non-fixed close reasons (0.480117ms)
✔ review actions only propose valid closes and never apply directly (0.629041ms)
✔ review actions render deterministic close comments when model close comment is empty (0.329231ms)
✔ close comments reference high-confidence merged fixing PRs (6.468738ms)
✔ implemented-on-main closure fails closed without a GitHub-verified fixing PR (1.464556ms)
✔ PR implementation provenance accepts only explicit same-repository closing issues (4.398201ms)
✔ PR implementation provenance caps linked issue references (0.776915ms)
✔ PR implementation provenance accepts only the current GitHub issue-closing PR (0.746067ms)
✔ commit PR lookup selects the newest merged pull request (1.279234ms)
✔ commit PR lookup rejects unrelated closing references at the claimed fixed SHA (0.384255ms)
✔ commit PR lookup accepts an exact closing reference in the fixed commit message (0.225096ms)
✔ commit PR lookup rejects closing references on a non-default branch (0.402893ms)
✔ report-rendered close comments keep merged fixing PR provenance (10.688952ms)
✔ close comments suppress duplicate best solution text (0.829308ms)
✔ review details show applied AGENTS.md policy status (0.328056ms)
✔ review details show missing AGENTS.md policy status (0.401286ms)
✔ skill-only OpenClaw PRs can close through ClawHub with upload guidance (0.581865ms)
✔ ClawHub policy requires verified fixing provenance before main-implemented PR closure (0.252021ms)
✔ ClawSweeper policy requires verified fixing provenance before self PR closure (0.186666ms)
[review] 2026-08-30T21:45:32.795Z shard=0/1 selected=1 scanned_pages=1
[review] 2026-08-30T21:45:32.934Z shard=0/1 start #1052 (1/1)
[review] 2026-08-30T21:45:32.936Z shard=0/1 structural-cache-start-comment=reserved #1052
[review] 2026-08-30T21:45:32.937Z shard=0/1 cache-checkout-preflight=passed #1052
[review] 2026-08-30T21:45:32.984Z shard=0/1 cache-hit structural-unchanged skip-hydration-model #1052 (1/1)
[review] 2026-08-30T21:45:32.985Z shard=0/1 complete reviewed=1 cache_hits=1 structural_cache_checks=1 structural_cache_hits=1 structural_cache_revalidations=1 semantic_cache_checks=0 semantic_cache_hits=0 semantic_cache_ineligible=0 semantic_cache_revalidations=0 content_cache_hits=0 hydrations=0
[review] 2026-08-30T21:45:33.102Z shard=0/1 selected=1 scanned_pages=1
[review] 2026-08-30T21:45:33.161Z shard=0/1 start #1052 (1/1)
[review] 2026-08-30T21:45:33.161Z shard=0/1 structural-cache-start-comment=reserved #1052
[review] 2026-08-30T21:45:33.484Z shard=0/1 selected=1 scanned_pages=1
[review] 2026-08-30T21:45:33.559Z shard=0/1 start #1052 (1/1)
[review] 2026-08-30T21:45:33.561Z shard=0/1 start-comment=skipped #1052
[review] 2026-08-30T21:45:34.265Z shard=0/1 selected=1 scanned_pages=1
[review] 2026-08-30T21:45:34.328Z shard=0/1 start #1052 (1/1)
[review] 2026-08-30T21:45:34.351Z shard=0/1 start-comment=skipped #1052
[review] 2026-08-30T21:45:34.901Z shard=0/1 selected=1 scanned_pages=1
[review] 2026-08-30T21:45:34.964Z shard=0/1 start #1052 (1/1)
[review] 2026-08-30T21:45:34.964Z shard=0/1 start-comment=skipped #1052
✔ exact local bootstrap rejects a same-number report from another repository (2.347947ms)
✔ cache preflight promotes legacy carried reports to runner-owned provenance (0.747993ms)
✔ scheduled structural-clean preserves admission and terminal ledger classification (322.750568ms)
✔ scheduled structural-refusal preserves admission and terminal ledger classification (389.780534ms)
✔ scheduled content-refusal preserves admission and terminal ledger classification (364.835056ms)
✔ scheduled semantic-refusal preserves admission and terminal ledger classification (1028.78687ms)
✔ scheduled fresh-refusal preserves admission and terminal ledger classification (372.389546ms)
✔ trailingHtmlComments returns only the final contiguous comment block (2.941235ms)
✔ trailingHtmlComments rejects an unterminated adversarial suffix (0.349558ms)
✔ trailingHtmlComments recovers when prose contains an unmatched opener (0.20248ms)
✔ no-op public identity ignores only review clock and lease metadata (1.840639ms)
✔ no-op public identity preserves semantic source and verdict markers (0.320984ms)
✔ GitHub workflow review leases use a recoverable run identity (3.435941ms)
✔ comment matcher recognizes old and new Codex review comments (0.556028ms)
✔ structural cache probes before hydration but acquires a lease before carrying a hit (6.576814ms)
✔ semantic cache runs after hydration and revalidates under the acquired lease (3.460451ms)
✔ review comment patching only targets ClawSweeper-owned comments (0.423378ms)
✔ spoofed durable markers cannot suppress a bot-owned start lease (6.573525ms)
✔ review start status comment is marker-backed and crustacean-friendly (0.973759ms)
✔ review start status comments neutralize marker-like PR titles (0.426956ms)
✔ existing durable review comments acquire and refresh one canonical start lease (1.474608ms)
✔ legacy durable review comments without an identity acquire a canonical start lease (0.700495ms)
✔ only the exact lease owner and comment can clear an active lease (0.388691ms)
✔ concurrent review lease election uses server comment order, not client timestamps (2.826094ms)
✔ apply retains its mutation lease until the item action is complete (1.500359ms)
✔ review item source revision ignores advisory labels but tracks protected labels (2.909363ms)
✔ pull request keep-open review comments label the change summary (65.125858ms)
✔ review comments include the UTC date when ET and UTC calendar dates differ (8.024842ms)
✔ issue keep-open review comments surface reproducibility in the summary (5.101732ms)
✔ high-confidence root-cause clusters appear in keep-open review comments (12.02866ms)
✔ low-confidence root-cause clusters stay out of public comments (4.719092ms)
✔ high-confidence root-cause clusters appear in close comments (3.670639ms)
✔ verified regression provenance renders the predecessor PR without local source details (4.420609ms)
✔ legacy structured provenance without raw-parent proof cannot name a predecessor (5.061657ms)
✔ unverified regression-provenance front matter cannot render a predecessor (1.045622ms)
✔ verified provenance rejects a source commit that differs from the merge commit (1.318952ms)
✔ verified provenance accepts equivalent normalized source commit text (1.811647ms)
✔ verified provenance rejects Unicode direction controls in author names (4.730176ms)
✔ verified provenance rejects email-shaped author names (1.013343ms)
✔ suspected provenance renders commit, author, status, and only a verified related PR (3.409277ms)
✔ suspected provenance supplements rather than suppresses regression assessment (0.739649ms)
✔ rewrite-equivalent provenance and assessment do not contradict each other (1.014011ms)
✔ provenance author names cannot trigger GitHub mentions (0.994008ms)
✔ a provenance author literally named unknown remains visible (1.508536ms)
✔ suspected provenance rejects Unicode direction controls in author names (1.051745ms)
✔ suspected provenance rejects email-shaped author names (2.972817ms)
✔ probable regression assessments render evidence without attributing a predecessor (1.196692ms)
✔ suspected regression assessments retain their lower confidence (1.032929ms)
✔ pull request close comments emit close-required automation markers (3.221475ms)
✔ issue keep-open review comments suggest concrete reproduction help (2.772323ms)
✔ pull request review comments include dedicated security review (6.550082ms)
✔ pull request keep-open review comments surface Codex-style findings (4.85037ms)
✔ pull request keep-open review comments suppress duplicate best solution text (7.241197ms)
✔ pull request review comments do not priority-prefix routine no-op guidance (6.113166ms)
✔ pull request next-step priority prefixes classify fail-closed work as P1 (8.645958ms)
✔ pull request automerge review comments can emit pass verdicts (8.327272ms)
✔ coverage-proof blocked PR reports do not emit repair pass verdicts (5.383495ms)
✔ superseded review placeholder sweep deletes only stale bot placeholder comments (2.664152ms)
✔ superseded review placeholder sweep never selects the durable review comment (0.232194ms)
✔ publishing the durable review comment sweeps superseded placeholders (0.960341ms)
✔ recovery cleanup preserves durable-review ordering and exact publication batching (1.433432ms)
✔ placeholder sweep waits for an authorized durable-comment mutation (0.43796ms)
✔ same-length omitted issue body edit changes complete source, snapshot and content identity (18.935093ms)
✔ same-length omitted pull_request body edit changes complete source, snapshot and content identity (12.589989ms)
✔ content digest is stable across bot-only context churn (0.647106ms)
✔ content digest busts when a human timeline event appears (0.573146ms)
✔ content digest ignores advisory-label timeline churn (0.784099ms)
✔ content digest busts when the source revision changes (0.394991ms)
✔ content digest busts when a diff patch byte changes (2.272335ms)
✔ content digest uses the full commit-message revision (0.614911ms)
✔ content digest busts when the PR head sha changes (0.499681ms)
✔ content digest busts when the PR base sha changes (1.389196ms)
✔ issue digest ignores pull-request-only fields (1.56968ms)
✔ issue digest busts when closing pull request context changes (0.529526ms)
✔ content digest busts when related item context changes (0.362688ms)
✔ content digest busts when the latest release changes (0.356147ms)
✔ content digest distinguishes complete and unknown release state (0.2661ms)
✔ issue digest busts when target main changes (0.246936ms)
✔ content digest busts when a human adds a PR review comment (0.575495ms)
✔ content digest ignores ClawSweeper's own PR review comments (0.34549ms)
✔ content digest ignores PR review comment timestamp churn (0.702387ms)
✔ content digest busts when bounded PR check state changes (0.624441ms)
✔ content digest ignores duplicate compacted PR check runs (0.471003ms)
✔ content digest keeps check runs that differ only in name or app (0.627706ms)
✔ content digest busts when one of several repeated check runs newly fails (0.449818ms)
✔ review comment revision covers comments outside the bounded prompt window (1.833403ms)
✔ content digest uses the full review-comment revision (0.462348ms)
✔ cache hits when content is unchanged, fresh, complete, and policy matches (0.395754ms)
✔ cache hits after an equivalent check run is repeated on an unchanged head (0.513261ms)
✔ cache misses when the content digest differs (0.140259ms)
✔ cache misses when the review policy changed (0.126039ms)
✔ cache misses past the staleness ceiling (0.154492ms)
✔ cache misses on an explicit re-review dispatch (0.154685ms)
✔ cache misses on a maintainer request (0.137614ms)
✔ cache misses when the prior review did not complete (0.132879ms)
✔ cache misses on a first-ever review (0.262371ms)
✔ cache misses when the prior review predates the digest field (0.397497ms)
✔ keep-open verdict is cache eligible (1.307596ms)
✔ close verdict is never cached (0.1437ms)
✔ apply-rewritten close verdicts are never cached (0.177715ms)
✔ reports without original-verdict provenance refresh once (0.146964ms)
✔ verdict without a decision is never cached (0.107615ms)
✔ cache-carried reports cannot be promoted to close (0.756966ms)
✔ fresh and legacy reports retain existing close promotion behavior (5.309622ms)
✔ coverage manifest exposes exact canonical identities and fleet counts (5.065834ms)
✔ coverage manifest rejects duplicate canonical identities (1.326217ms)
✔ review history ledger renders and parses round-trip (5.086634ms)
✔ review history ledger sanitizes separator tokens and caps cycles (1.597337ms)
✔ review history parser ignores markers outside the generated ledger block (0.603602ms)
✔ durable verdict normalization removes only a valid review history block (0.515144ms)
✔ rendered review text cannot create ClawSweeper control markers (81.879748ms)
✔ state report prior-review identity matches the marked durable comment (26.184248ms)
✔ latest review extraction reads the first action from the before-merge table (2.588819ms)
✔ latest review extraction reads the first action from the before-merge checklist (0.760997ms)
✔ state report prior-review identity preserves the original render context (12.419231ms)
✔ durable review identity changes with every verdict-bearing section (57.726156ms)
✔ rendered close text cannot create a review history ledger (2.855876ms)
✔ appendReviewHistoryCycle dedupes the same reviewed cycle (0.261266ms)
✔ previous durable comment converts into a ledger cycle (0.697929ms)
✔ next-step priority bullets do not become review findings (7.22888ms)
✔ detailed review findings preserve entries beyond the public summary cap (0.8262ms)
✔ stale durable status comments do not become review history cycles (6.444816ms)
✔ an active start lease preserves the prior completed review cycle (0.32765ms)
✔ failed review comments do not become completed history cycles (7.554993ms)
✔ keep-open PR comment carries the previous review as an earlier cycle (4.163847ms)
✔ re-syncing the same review does not add a duplicate cycle (5.56348ms)
✔ existing ledger cycles survive the next comment sync (8.241948ms)
✔ issue comments never carry a review history ledger (4.482474ms)
✔ latest review extraction exposes earlier cycles and a cycle count (2.162887ms)
✔ stale durable comments expose the latest completed cycle from preserved history (1.00242ms)
✔ late findings round-trip through decisions and comment rendering (12.718065ms)
✔ review prompt and schema document re-review continuity (1.473995ms)
✔ review observability exposes only run-level lane freshness (4.35107ms)
✔ review observability remains passive when telemetry is not required (0.519981ms)
✔ periodic lane freshness still controls required health (0.511996ms)
✔ required warmup preserves lane gating semantics (0.325378ms)
✔ incomplete run telemetry degrades required health (0.358269ms)
✔ range and repository filters apply to run counts (0.335237ms)
✔ repo filters retain unattributed freshness without claiming attribution (0.539745ms)
{"event":"github_read_model_degraded","consumer":"review_placeholder_discovery","event_class":"issue_comments","reason":"never_observed","probe_window_elapsed":false,"fallback":"live_poll"}
review-placeholder recovery: enqueued #42 (issue)
review-placeholder recovery: checked=1 orphaned=1 enqueued=1 cleaned=0 escalated=0 errors=0 action_failures=0 matched=1 remaining=0
review-placeholder recovery: enqueued #42 (issue)
review-placeholder recovery: checked=1 orphaned=1 enqueued=1 cleaned=0 escalated=0 errors=0 action_failures=0 matched=1 remaining=0
{"event":"github_read_model_degraded","consumer":"review_placeholder_discovery","event_class":"issue_comments","reason":"read_model_unavailable","probe_window_elapsed":false,"fallback":"live_poll"}
review-recovery label reconciliation: checked=1 cleared=1 retained=0 errors=0 matched=1 remaining=0
review-placeholder recovery: checked=0 orphaned=0 enqueued=0 cleaned=0 escalated=0 errors=0 action_failures=0 matched=0 remaining=0
#101 review-placeholder recovery skipped: GET /repos/openclaw/openclaw/issues/101/comments?sort=created&direction=desc&per_page=100&page=1 returned 503
review-placeholder recovery: enqueued #202 (issue)
review-placeholder recovery: checked=2 orphaned=2 enqueued=1 cleaned=0 escalated=0 errors=0 action_failures=0 matched=4 remaining=2
review-placeholder recovery: escalated #301 as stuck after repeated orphan cycles
review-placeholder recovery: enqueued #301 (issue)
review-placeholder recovery: enqueued #302 (issue)
review-placeholder recovery: checked=2 orphaned=2 enqueued=2 cleaned=0 escalated=1 errors=0 action_failures=0 matched=4 remaining=2
#311 review-placeholder stuck-label escalation failed: TARGET_WRITE_TOKEN is missing; cannot write labels on the target repo
review-placeholder recovery: enqueued #311 (issue)
review-placeholder recovery: checked=1 orphaned=1 enqueued=1 cleaned=0 escalated=0 errors=1 action_failures=0 matched=2 remaining=1
review-placeholder recovery: cleaned closed #401
review-placeholder recovery: checked=1 orphaned=1 enqueued=0 cleaned=1 escalated=0 errors=0 action_failures=0 matched=1 remaining=0
#402 closed-item placeholder cleanup failed: TARGET_WRITE_TOKEN is missing; cannot delete placeholder comments
review-placeholder recovery: checked=1 orphaned=1 enqueued=0 cleaned=0 escalated=0 errors=1 action_failures=1 matched=1 remaining=0
review-placeholder discovery (is:open) skipped: GET /search/issues?q=repo%3Aopenclaw%2Fopenclaw%20%22ClawSweeper%20status%3A%20review%20started.%22%20in%3Acomments%20updated%3A%3E%3D2026-07-15T12%3A00%3A00.000Z%20is%3Aopen&sort=updated&order=asc&per_page=100&page=1 returned 503
review-placeholder recovery: skipped changed closed #403
review-placeholder recovery: checked=1 orphaned=1 enqueued=0 cleaned=0 escalated=0 errors=1 action_failures=0 matched=1 remaining=0
review-placeholder recovery: skipped changed closed #405
review-placeholder recovery: checked=1 orphaned=1 enqueued=0 cleaned=0 escalated=0 errors=0 action_failures=0 matched=1 remaining=0
review-placeholder recovery: cleaned closed #502
review-placeholder recovery: checked=2 orphaned=1 enqueued=0 cleaned=1 escalated=0 errors=0 action_failures=0 matched=2 remaining=0
review-placeholder recovery: enqueued #604 (issue)
review-placeholder recovery: enqueued #603 (issue)
review-placeholder recovery: checked=2 orphaned=2 enqueued=2 cleaned=0 escalated=0 errors=0 action_failures=0 matched=4 remaining=2
review-placeholder recovery: enqueued #611 (issue)
review-placeholder recovery: checked=1 orphaned=1 enqueued=1 cleaned=0 escalated=0 errors=0 action_failures=0 matched=1 remaining=0
review-placeholder open cursor advanced to 60
review-placeholder closed cursor advanced to 60
review-placeholder recovery: checked=120 orphaned=0 enqueued=0 cleaned=0 escalated=0 errors=0 action_failures=0 matched=280 remaining=160
review-placeholder open cursor advanced to 120
review-placeholder closed cursor advanced to 120
review-placeholder recovery: checked=120 orphaned=0 enqueued=0 cleaned=0 escalated=0 errors=0 action_failures=0 matched=280 remaining=160
review-placeholder recovery: cleaned closed #2144
review-placeholder open cursor advanced to 0
review-placeholder closed cursor advanced to 0
review-placeholder recovery: checked=120 orphaned=1 enqueued=0 cleaned=1 escalated=0 errors=0 action_failures=0 matched=260 remaining=140
review-placeholder recovery: enqueued #1001 (issue)
review-placeholder open cursor advanced to 60
review-placeholder closed cursor advanced to 60
review-placeholder recovery: checked=120 orphaned=1 enqueued=1 cleaned=0 escalated=0 errors=0 action_failures=0 matched=280 remaining=160
review-placeholder open cursor advanced to 0
review-placeholder recovery: checked=1 orphaned=0 enqueued=0 cleaned=0 escalated=0 errors=0 action_failures=0 matched=1 remaining=0
review-placeholder recovery: enqueued #8001 (issue)
review-placeholder open cursor did not persist; attempted work remains idempotent: PUT durable cursor failed: fanout_cursor_revision_conflict
review-placeholder recovery: checked=1 orphaned=1 enqueued=1 cleaned=0 escalated=0 errors=1 action_failures=0 matched=2 remaining=1
review-placeholder recovery: enqueued #8001 (issue)
review-placeholder open cursor did not persist; attempted work remains idempotent: PUT durable cursor failed: fanout_cursor_revision_conflict
review-placeholder recovery: checked=1 orphaned=1 enqueued=1 cleaned=0 escalated=0 errors=1 action_failures=0 matched=2 remaining=1
✔ placeholder snapshot and repair poll choose the same recovery with fewer GitHub reads (55.232666ms)
✔ scheduled placeholder recovery also performs bounded recovery-label reconciliation (0.648729ms)
✔ the scheduled reconciler reuses recovery transport to clear an exact-head completed PR (6.54806ms)
✔ review placeholder orphan detection requires the bot marker and minimum age (0.322969ms)
✔ review placeholder selection matches the status marker, not the newest bot comment (0.441701ms)
✔ review placeholder runner fails open and sends a signed exact-review decision (9.525816ms)
✔ review placeholder runner fills the recovery cap with the oldest orphans first (6.014259ms)
✔ review placeholder runner escalates orphans stuck well beyond the minimum age (5.859115ms)
✔ stuck escalation without a target write token is a visible error, not a wrong-identity write (2.997039ms)
✔ orphaned placeholders on closed items are deleted instead of re-enqueued (5.064203ms)
✔ closed-item cleanup without a target write token is a visible error (1.958801ms)
✔ discovery errors do not fail a closed orphan that changed during revalidation (1.979714ms)
✔ locked closed items are terminal skips, not retrying cleanup errors (2.345521ms)
✔ closed cleanup keeps its own check budget when open placeholders fill the cap (3.518745ms)
✔ recovery failure reason fires only when every live-verified action fails (0.199911ms)
✔ discovery ranks the whole search page before it applies the check budget (2.926176ms)
✔ an edited durable verdict no longer masks the marker-tagged placeholder (1.816902ms)
✔ a large search count remains telemetry and does not fail the run (2.632473ms)
✔ durable discovery rotation reaches later open and closed candidates without bypassing age (138.798445ms)
✔ a stale discovery cursor resets inside the current result set (4.321194ms)
✔ cursor conflict repeats productive recovery safely after restart (5.904291ms)
✔ placeholder refreshed recently by an active recovery is not orphaned (0.413837ms)
✔ body-file keeps its authoritative precedence over compact hosted context (17.912189ms)
✔ scheduled queue source actions are automatic while exact actions remain explicit (0.392414ms)
✔ planned review compatibility and non-exact selection preserve existing behavior (0.306811ms)
✔ raw issue body reaches real review JSON with exact bounded late proof coverage (26.963577ms)
✔ primary issue null/empty and boundary bodies use host coverage only (2.148609ms)
✔ raw pull_request body reaches real review JSON with exact bounded late proof coverage (8.753798ms)
✔ primary pull_request null/empty and boundary bodies use host coverage only (3.371526ms)
✔ separate issue/pull body reads retain their own source identity (5.988144ms)
✔ unrecognized layout keeps honest coverage in final primary issue/PR JSON (3.316613ms)
✔ overflow layout keeps honest coverage in final primary issue/PR JSON (25.795587ms)
✔ oversized layout keeps honest coverage in final primary issue/PR JSON (25.393199ms)
✔ review prompt assets match tracked files (10.487541ms)
✔ assembled review prompt retires executable live-proof guidance (0.971899ms)
✔ release-note prompt policy follows the target openclaw/openclaw (10.38101ms)
✔ release-note prompt policy follows the target openclaw/clawsweeper (8.045567ms)
✔ release-note prompt policy follows the target openclaw/clawhub (8.508006ms)
✔ release-note prompt policy follows the target openclaw/example-tool (8.712875ms)
✔ release-note prompt policy follows the target steipete/example-tool (11.130204ms)
✔ release-note prompt policy follows the target  OpenClaw/OpenClaw  (9.477611ms)
✔ release-note prompt policy follows the target  OpenClaw/ClawSweeper  (7.911086ms)
✔ review prompt omits retired automatic live-proof execution context (1.232271ms)
✔ sweep apply jobs wire the default-off product direction policy gate (4.431955ms)
✔ main CLI args ignore package-manager double dash separators (0.464407ms)
✔ review prompt telemetry records durable cost proxies (0.270309ms)
✔ review prompt includes compact previous review state without raw durable review body (0.996272ms)
✔ review prompt excludes full semantic-cache patches (0.580992ms)
✔ review prompt excludes persistence-only PR hydration snapshots (0.663573ms)
✔ review prompt includes merge state and guards clean behind-branch drift (0.70117ms)
✔ review context ledger records ordered section budgets (0.895738ms)
✔ late instruction-like media in issue excerpts never causes host fetches (26.213593ms)
✔ late instruction-like media in pull_request excerpts never causes host fetches (14.06753ms)
✔ PR patch-only loopback media stays in reviewer context without host fetches (8.119745ms)
✔ PR patch-only existingPrefix media stays in reviewer context without host fetches (6.409066ms)
✔ PR patch-only prefix media stays in reviewer context without host fetches (2.993974ms)
✔ review prompt routes PR likely owners through feature history (1.670735ms)
✔ issue reviews close fixed work and automatically route small source-proven bugs (1.521134ms)
✔ review prompt describes concrete review metrics without vague examples (1.608726ms)
✔ review prompt reads maintainer notes before PR diffs (0.984999ms)
✔ review prompts treat target AGENTS as optional review policy (2.725591ms)
✔ review prompt requires a dedicated securityReview section (0.945959ms)
✔ review prompt inverts authority-sensitive success claims (2.072175ms)
✔ review prompt treats duplicated behavior as a P1 PR finding (1.323495ms)
✔ review prompt treats plugin API changes as compatibility-sensitive P1 repair work (1.729371ms)
✔ review prompt makes ClawHub closes a self-serve handoff (1.067684ms)
✔ review prompt requires upgrade and preference overwrite checks (1.450919ms)
✔ review prompt treats stored data-model changes as compatibility-sensitive (1.122583ms)
✔ review prompt requires real behavior proof for PR reviews (1.273645ms)
✔ review prompt accepts real production transport-boundary proof for reliability fixes (2.4301ms)
✔ generated shared-channel review prompt preserves scoped policy and real fault evidence (1.202705ms)
✔ media proof preparation extracts browser-unplayable ffmpeg-decodeable video proof (1.609115ms)
✔ media proof preparation downloads screenshot proof without video processing (1.040204ms)
✔ media proof preparation surfaces a failed screenshot download as a failed artifact (0.860458ms)
✔ runtime prompt tells Codex to inspect local media artifacts before browser fallback (0.769781ms)
✔ media proof URL discovery includes screenshots and videos (0.403536ms)
✔ media proof URL discovery excludes persistence-only hydration snapshots (0.192438ms)
✔ review prompt keeps draft and protected workflow state out of PR rank (1.666606ms)
✔ decision schema keeps draft and protected workflow state out of PR rank (1.0223ms)
✔ review finding schema requires every structured-output property (0.97861ms)
✔ review prompt and schema describe positive-only feature showcase labels (1.783114ms)
✔ review prompt uses token-light maturity shortlist helper (1.738385ms)
✔ review prompt classifies Telegram visible proof candidates (2.107973ms)
✔ review prompt and generation schema constrain live proof to the retired compatibility shape (2.634203ms)
✔ pull request comments render live verification with optional recording (85.203416ms)
✔ pull request review comments suggest copy-paste Mantis proof comments (12.739671ms)
✔ pull request review comments keep Discord and web UI chat Mantis suggestions (7.990308ms)
✔ pull request review comments scope unsupported Mantis visual suggestions (3.58295ms)
✔ pull request review comments suppress unsafe Mantis recommendations (2.741759ms)
✔ pull request review comments keep Mantis proof-only and route mutations to ClawSweeper (6.320525ms)
✔ pull request review comments reject GitHub metadata mutations without blocking chat interaction proof (51.515008ms)
✔ ClawSweeper proof judgement controls the sufficient proof label (0.470486ms)
✔ ClawSweeper proof evidence kind controls media proof labels (0.609603ms)
✔ ClawSweeper proof label sync recognizes missing optional labels (0.279783ms)
✔ ClawSweeper optional label sync recognizes GitHub label capacity errors (0.346742ms)
✔ real Git graph distinguishes introduced changes from main-only upgrades and verifies test merge (365.234485ms)
✔ introduced downgrade and cross-file trigger remain reviewer-owned evidence (258.291008ms)
✔ missing, stale and final merge identities do not claim verified merge results (530.693114ms)
✔ missing or shallow ancestry cannot turn endpoint drift into introduced evidence (243.898985ms)
✔ test-merge parents must be consecutive LF records after the tree (310.38819ms)
✔ production history hydration recovers a shallow PR tip and fetches only the pinned test merge (577.741222ms)
✔ bounded evidence marks oversized patches and file lists incomplete (288.669745ms)
✔ criss-cross ancestry does not guess a single introduced delta (263.179901ms)
✔ completed publication clears its recovery label and preserves other labels (4.001443ms)
✔ incomplete publication and an absent recovery label never mutate (0.271543ms)
✔ failed recovery-label removal preserves local labels and propagates its error (1.098312ms)
✔ recovery-label backfill clears only trusted, canonical completed reviews (53.489622ms)
✔ a newer started lease overrides old review publication and unrelated comment edits (2.315061ms)
✔ pull-request cleanup requires a completed durable review of its exact live head (3.735597ms)
✔ failed infrastructure reviews never clear issue or exact-head pull-request escalation (1.254115ms)
✔ a newer failed canonical review blocks recovery until a later successful review (2.671277ms)
✔ legacy created-only timestamps and human-only placeholders remain conservative (1.723532ms)
✔ backfill treats a missing label as an idempotent result without claiming removal (4.654727ms)
✔ backfill reports forbidden label removal without claiming cleanup (2.132613ms)
✔ backfill enforces the existing recovery limits and reports its remaining backlog (2.468822ms)
✔ backfill rotates beyond genuinely stuck oldest items without a persisted cursor (1.493399ms)
✔ backfill finds canonical review ownership on a bounded later comments page (1.687678ms)
✔ backfill refuses cleanup when bounded comment pagination is incomplete (2.575865ms)
✔ backfill never invokes label removal without trusted canonical completion (0.592798ms)
✔ review reliability telemetry shares the terminal reconciler workflow (54.992862ms)
✔ queued workflow remediation shares the guarded dead-letter cadence (17.165798ms)
✔ exact review generation enters finalization before state hydration (197.698754ms)
✔ review observer attributes each review entry path without counting support runs (3.944225ms)
✔ review observer records bounded plan, item, and publication counts (2.480978ms)
✔ review observer excludes queue and publication support runs from review attempts (0.611142ms)
✔ review observer counts skipped matrix jobs after an active plan (0.319644ms)
✔ review run telemetry rejects unsafe identities and nonterminal time order (0.453346ms)
✔ review observer paginates jobs instead of silently undercounting large matrices (44.673209ms)
✔ review observer accepts exactly its 1000-job fetch bound (6.055596ms)
✔ review observer rejects runs beyond its 1000-job fetch bound (1.214829ms)
✔ review observer preserves every job identity within its fetch bound (2.405576ms)
npm notice
npm notice New major version of npm available! 11.19.0 -> 12.0.2
npm notice Changelog: https://github.com/npm/cli/releases/tag/v12.0.2
npm notice To update run: npm install -g npm@12.0.2
npm notice
✔ review runtime artifact carries the TypeScript compiler service (9298.959721ms)
✔ review runtime staging rejects destructive output paths (398.333701ms)
✔ review runtime staging copies only reports selected by the review plan (308.695125ms)
✔ review runtime staging includes bounded title-related reports from open and closed state (298.614021ms)
✔ review runtime staging rejects malformed plans and unsafe report paths (497.214515ms)
context canceled
context canceled
context canceled
context canceled
context canceled
context canceled
context canceled
context canceled
context canceled
context canceled
context canceled
context canceled
context canceled
context canceled
context canceled
context canceled
context canceled
context canceled
context canceled
context canceled
context canceled
context canceled
context canceled
context canceled
✔ semantic reuse retains full-body structural identity beyond displayed excerpts (1122.989897ms)
✔ TypeScript whitespace and ordinary comments do not perturb the semantic digest (383.449336ms)
✔ semantic fingerprint uses the bounded full patch instead of prompt truncation (183.163577ms)
✔ semantic TypeScript token changes bust the code digest (472.438567ms)
✔ Git tree mode changes bust the code digest and unsupported modes fail closed (524.196746ms)
✔ identical token edits at different source locations do not collide (8.996119ms)
✔ TypeScript directives and shebangs remain semantic (1211.725294ms)
✔ Flow comment annotations remain semantic (372.219446ms)
✔ tooling and bundler magic comments remain semantic (717.685768ms)
✔ tooling directives retain their exact syntax attachment (320.290773ms)
✔ global declarations and formatter controls remain semantic (1225.499688ms)
✔ structured JSON ignores formatting but preserves object order (14.656547ms)
✔ compiler AST distinguishes regex, template, JSX, and shift semantics (2459.236125ms)
✔ partial lexical context and compiler parse errors fail closed (195.832944ms)
✔ ASI-significant line terminators remain semantic (354.240435ms)
✔ unary source lines are counted inside parsed hunks (204.602166ms)
✔ ambiguous, truncated, binary, unsupported, deleted, renamed, and missing patches fail closed (246.352743ms)
✔ incomplete file hydration and mutable check context disable semantic reuse (860.341075ms)
✔ unknown release state disables semantic reuse (516.048359ms)
✔ changed discussion, reviews, checks, or target context busts the context digest (1909.840635ms)
✔ duplicate compacted check runs do not perturb the semantic context digest (526.25777ms)
✔ head SHA churn alone does not perturb semantic or context digests (583.776466ms)
✔ mutable item timestamps do not perturb semantic context (525.622579ms)
✔ full commit message changes bust context beyond prompt truncation (518.900802ms)
✔ explicit reruns, maintainer prompts, policy changes, and close reports never reuse (720.515597ms)
✔ prior review identity binds visible verdict content but ignores comment metadata (178.539542ms)
✔ prior review identity prefers the complete durable verdict digest (0.290577ms)
✔ prior review identity fallback includes detailed verdict fields (0.571435ms)
✔ semantic records require a boolean eligibility value (185.086015ms)
✔ semantic record version changes invalidate legacy directive digests (186.091248ms)
✔ stale, failed, and future-dated reviews never reuse (530.434133ms)
✔ post-lease revalidation catches mutable context drift (373.297925ms)
✔ post-lease revalidation catches prior review drift (166.494662ms)
✔ structural cache version rejects locale-sensitive legacy records (11.719437ms)
✔ unchanged completed keep-open issue hits the structural cache (3.258643ms)
✔ structural issue cache hashes raw body edits outside retained excerpts (8.158522ms)
✔ structural pull_request cache hashes raw body edits outside retained excerpts (5.722702ms)
✔ cheap eligibility rejects ineligible reviews before structural records are needed (0.396802ms)
✔ structural probes cannot undercut a newer observed item generation (0.806641ms)
✔ verdict fingerprints may advance owned activity but not semantic input (1.143578ms)
✔ GraphQL decoder builds bounded issue and PR records (1.572485ms)
✔ structural records canonicalize GitHub App login suffixes (1.118073ms)
✔ GraphQL decoder fails closed on truncated metadata (0.274765ms)
✔ GraphQL decoder requires the queried pagination boundary (0.609139ms)
✔ GraphQL decoder rejects incomplete relation targets (0.544186ms)
✔ GraphQL decoder tracks human timeline events and ignores owned churn (2.223585ms)
✔ changed human comment metadata forces hydration (1.174987ms)
✔ unexplained activity after owned sync forces hydration (1.098361ms)
✔ owned comment or label synchronization may explain metadata-only activity (1.857584ms)
✔ automation timestamp collisions still require an identical structural receipt (2.071793ms)
✔ changed target head forces issue hydration (1.169187ms)
✔ relation-sensitive records always force full hydration (0.859086ms)
✔ GraphQL decoder detects explicit and external relation sources (1.12836ms)
✔ changed author association or release identity forces hydration (1.725725ms)
✔ changed review policy or model forces hydration (0.736897ms)
✔ explicit dispatch and maintainer requests always hydrate (0.745237ms)
✔ a validated reservation covers its own activity but nothing after it (1.192968ms)
✔ disabled coordination and missing lease revisions force hydration (2.096133ms)
✔ stale completed reviews force hydration (0.444528ms)
✔ future completed review timestamps force hydration (0.336173ms)
✔ old reports without structural fields force hydration (0.472729ms)
✔ failed and close reviews always hydrate (0.855795ms)
✔ PR records require unchanged PR source and head (1.196006ms)
✔ changed PR review state forces hydration (1.085222ms)
✔ changed PR merge-state status forces hydration (3.197505ms)
✔ same-second human comment edits change the structural source revision (2.263701ms)
✔ post-hydration anchors reject same-second semantic edits (0.917483ms)
✔ same-second review edits change the structural source revision (0.981679ms)
✔ same-second review-thread edits change the structural source revision (2.569499ms)
✔ hydration anchors reject same-second PR review and timeline edits (1.569004ms)
✔ hydrated pull state must match the complete structural PR state (0.745111ms)
✔ changed PR check state forces hydration (1.696986ms)
✔ changed maintainer proof override forces hydration (1.039763ms)
✔ semantic context revision excludes code-volume and commit-count churn (0.717142ms)
✔ semantic context revision includes review and readiness state (3.363178ms)
✔ issue and PR records cannot be reused across kinds (0.792228ms)
✔ truncated comments, timeline, reviews, and threads cannot seed the cache (0.322974ms)
✔ metadata probes inspect relation links without persisting comment or review bodies (0.53504ms)
✔ PR structural records require a complete check-state digest (0.419074ms)
✔ metadata probes ignore ClawSweeper comments but fail closed on malformed entries (0.381211ms)
[run-node-tests] target=unit concurrency=4 files=1
[run-node-tests] target=unit concurrency=4 files=1
✔ test runner caps adaptive concurrency at sixteen (2.148059ms)
✔ test runner expands named targets with sorted de-duplicated files (17.635657ms)
✔ test runner parses CLI concurrency overrides and forwarded Node options (1.650256ms)
✔ composed no-build scripts preserve standalone build contracts (0.952384ms)
✔ test runner fails clearly when a target has no files (1.270376ms)
✔ test runner preserves child arguments, exit codes, and terminating signals (7.702664ms)
✔ claim-time classifier accepts trusted owned activity through timestamp settling (5.704168ms)
✔ claim-time semantic identity matches the review runtime (0.97788ms)
✔ claim-time classifier preserves human and mixed source changes (14.807594ms)
✔ claim-time classifier preserves protected and human-owned label changes (0.938041ms)
✔ claim-time classifier is conservative for source drift and missing receipts (0.32121ms)
✔ claim-time classifier requires an exact durable pull request head (0.462599ms)
✔ review policy changes force fresh complete reports back into planning (2.69233ms)
✔ hot new items review daily unless target-side activity requires hourly cadence (0.510193ms)
✔ weekly coverage becomes due at six days to preserve deadline headroom (0.270567ms)
✔ never-reviewed items are due while fresh tracked items stay excluded (0.931693ms)
✔ scheduler keeps ambiguous post-sync activity due after review (0.443853ms)
✔ scheduler keeps an exact post-mutation timestamp eligible for structural verification (0.298605ms)
✔ hot new item priority is protected from older activity churn (0.323981ms)
✔ hot issue priority is protected from hot PR backlog (0.24478ms)
✔ hot issue priority is protected from policy mismatch backlog (0.277394ms)
✔ normal scheduler reserves throughput for PR and older buckets (8.203948ms)
✔ bulk-filed issues sort last while scheduler bucket priority stays intact (0.66047ms)
✔ mixed-bucket weekly-overdue ordering is transitive and globally bulk-last (0.301408ms)
✔ normal scheduler prioritizes oldest weekly-coverage timestamps before hot churn (0.541964ms)
✔ normal scheduling ranks untracked items above stale records, then oldest review first (0.312762ms)
✔ one repository's untracked backlog fills the queue-sized candidate limit (38.108672ms)
✔ legacy reports missing canonical coverage win every slot before tracked refreshes (27.483042ms)
✔ weekly freshness preselection still fills remaining scheduler capacity (1.321342ms)
✔ normal scheduler can fill active floor from stale current reviews (0.581086ms)
✔ hot intake recency prefers newly updated or created issues (0.259456ms)
✔ CSW-088 suppresses only the immediate same-head and same-body hot-intake review (2.220102ms)
✔ duplicate due candidates do not strand the rest of the batch (5.361185ms)
✔ a run of duplicates larger than the bucket weight still drains (0.474401ms)
✔ duplicates across separate buckets do not stall the weighted drain (0.360517ms)
✔ pagination duplicates do not strand candidates the real planner produces (0.850021ms)
✔ scanner bootstrap refuses a corrupt download before extraction or execution (58.627266ms)
✔ hosted Linux sandbox preflight propagates Codex startup failures (59.470098ms)
✔ code-unit stable JSON canonicalizes nested object keys without locale state (2.197003ms)
✔ stableJson is a canonical form: insertion order cannot change the output (16.05033ms)
✔ stableJson key order is byte-defined, not locale-defined (0.320308ms)
✔ stableJson orders nested arrays and objects consistently (0.226139ms)
✔ stableJsonCodeUnit remains an alias for stableJson (0.30544ms)
✔ compareCodeUnits is a strict total order over distinct strings (0.329755ms)
✔ coordinator schema upgrades pre-deadline ticket storage in place (15.86912ms)
✔ state writer coordinator preserves FIFO order within the ordinary writer class (8.994229ms)
✔ publication batches skip ordinary backlog but yield after two consecutive turns (9.091669ms)
✔ intake and publication priority share one bounded budget before ordinary traffic (15.702927ms)
✔ publication batches yield back to intake when no ordinary writer is queued (10.716141ms)
✔ expired active and abandoned queue-head writers recover without accepting stale owners (7.130466ms)
✔ a durable ticket rejects every metadata mutation and release remains idempotent (6.980644ms)
✔ absolute lease age cannot be heartbeated forever and terminal pruning is bounded (362.98742ms)
✔ state writer telemetry normalizes valid terminal operations canonically (3.817796ms)
✔ state writer telemetry enforces lease and batch invariants (3.991457ms)
✔ state writer progress accepts only monotonic-shaped valid payloads (0.393013ms)
✔ every state hydration uses the canonical Worker with an explicit git-state decision (592.908635ms)
✔ per-target state hydration is slug-scoped while fleet lanes retain discovery (471.794563ms)
✔ automatic issue implementation joins the priority intake state-writer lane (21.947745ms)
✔ setup-state checks out only the remaining operational git tree (12.933816ms)
✔ all remaining git publishers join setup-state and receive a step-scoped coordinator secret (411.823368ms)
✔ post-side-effect git bookkeeping is non-fatal while durability fences stay strict (421.284629ms)
✔ every immutable action-event publisher targets R2 without a state-repo token (404.268609ms)
✔ retired migration and Git recovery surfaces stay deleted (395.534139ms)
✔ selects a stale queued run only after three newer runs started (4.672173ms)
✔ does not select stale queued runs during a global capacity crunch (0.370486ms)
✔ selects an aged pending rerun as wedged without started-around evidence (0.422364ms)
✔ does not select young runs or the strict 90-minute boundary (0.500905ms)
✔ does not select workflows with legitimate long serialized queues (3.152932ms)
✔ caps each pass at ten cancellation candidates (0.710591ms)
✔ inspects at most eight distinct workflows in oldest-first order (0.457998ms)
✔ records 500-500 as a permanent zombie and never selects it again (0.9467ms)
✔ does not force-cancel when regular cancellation fails with a non-500 status (0.510034ms)
✔ classifies the pre-queue conflict after force-cancel without recording a zombie (0.526607ms)
✔ pre-queue rerun cancellation conflict exits successfully as a structured skip (430.008188ms)
✔ aged pending rerun exits successfully as a structured skip before cancellation (364.257714ms)
✔ discovery GitHub throttling exits successfully with a structured skip reason (281.800453ms)
✔ persistent discovery 5xx still exits unsuccessfully after bounded retry (536.588665ms)
✔ a non-throttle discovery 403 remains a hard failure (255.18249ms)
✔ an unexpected discovery response shape remains a hard failure (265.606543ms)
✔ mid-remediation throttling stops after completed actions and exits successfully (315.048866ms)
✔ slow workflow discovery stops at the shared deadline with dead-letter headroom intact (1560.99905ms)
✔ sweep status preserves a retained apply-health run URL (3.42804ms)
✔ sweep status writer preserves non-apply health and clears stale apply updates (1.683674ms)
Coverage proof artifact contains 3 files; maximum is 2.
Unexpected coverage proof filename: unexpected.json
Unexpected non-file coverage proof artifact: /tmp/clawsweeper-test-zfsLdw/nested
Coverage proof artifact exceeds 64 bytes: 10-20.proof.json
::warning title=Operational state publish failed::Canonical work remains valid; continuing after best-effort Git bookkeeping failed: test cursor publication
::warning title=Operational state publish failed::Canonical work remains valid; continuing after best-effort Git bookkeeping failed: test cursor publication
::warning title=Operational state publish failed::Canonical work remains valid; continuing after best-effort Git bookkeeping failed: test cursor publication
[apply] 2026-08-30T21:46:31.724Z starting apply: files=1 dry_run=false apply_kind=issue min_age=0 days apply_close_reasons=all stale_min_age_days=60 close_delay_ms=0 sync_comments_only=true suppress_automation_markers=false comment_sync_min_age_days=0 comment_sync_cursor=none max_runtime_ms=0 item_numbers=125204 reconciliation_deferred=none closed=0/10 processed=0/1 counts={}
[referencingMergedPullRequestsForIssue] number=125204 status=failed reason=Command failed: gh api search/issues?q=repo%3Aopenclaw%2Fopenclaw%20is%3Apr%20is%3Amerged%20%23125204&per_page=10
unexpected gh args ["api","search/issues?q=repo%3Aopenclaw%2Fopenclaw%20is%3Apr%20is%3Amerged%20%23125204&per_page=10"]
[referencingMergedPullRequestsForIssue] number=125204 status=failed reason=Command failed: gh api search/issues?q=repo%3Aopenclaw%2Fopenclaw%20is%3Apr%20is%3Amerged%20%23125204&per_page=10
unexpected gh args ["api","search/issues?q=repo%3Aopenclaw%2Fopenclaw%20is%3Apr%20is%3Amerged%20%23125204&per_page=10"]
[apply] 2026-08-30T21:46:34.534Z finished apply closed=0/10 processed=1/1 counts={"review_comment_synced":1}
[apply] 2026-08-30T21:46:34.965Z starting apply: files=1 dry_run=false apply_kind=issue min_age=0 days apply_close_reasons=all stale_min_age_days=60 close_delay_ms=0 sync_comments_only=true suppress_automation_markers=false comment_sync_min_age_days=0 comment_sync_cursor=none max_runtime_ms=0 item_numbers=125204 reconciliation_deferred=none closed=0/10 processed=0/1 counts={}
[referencingMergedPullRequestsForIssue] number=125204 status=failed reason=Command failed: gh api search/issues?q=repo%3Aopenclaw%2Fopenclaw%20is%3Apr%20is%3Amerged%20%23125204&per_page=10
unexpected gh args ["api","search/issues?q=repo%3Aopenclaw%2Fopenclaw%20is%3Apr%20is%3Amerged%20%23125204&per_page=10"]
[apply] 2026-08-30T21:46:36.946Z finished apply closed=0/10 processed=1/1 counts={"kept_open":1}
✔ sweep keeps optional media tooling out of review startup (6.590174ms)
✔ exact event review exposes the token-only signal before runtime setup (259.896415ms)
✔ automatic OpenClaw bug dispatch uses one gate across direct and deferred publication (166.75127ms)
✔ issue implementation dispatches omit the deleted model input (140.420009ms)
✔ automatic bug backfill runs independently of queue-fed scheduled sweeps (7.328273ms)
✔ audit uploads its canonical close-verdict inventory before state publication (2.095862ms)
✔ exact publication forwards state writer telemetry through the Node payload builder (2.765677ms)
✔ ledger-producing jobs initialize immutable workflow context (3.700304ms)
✔ review and apply primary boundaries ignore ledger-only failures (189.36149ms)
✔ review workflow gives Codex a read-only inspection token (5.014725ms)
✔ review execution tokens can read check runs and commit statuses (4.510458ms)
✔ comment router target token can inspect checks without widening dispatch authority (22.709739ms)
✔ exact event branch guard resolves empty and numeric claims to the repository default (474.080766ms)
✔ scheduled claim-time no-op completes before target checkout with zero GitHub writes (531.560726ms)
✔ manual review shards receive the compiler-backed runtime artifact (6.408623ms)
✔ exact event review publishes directly with a queue-bounded canonical fallback (296.057343ms)
✔ scheduled review shards retire automatic live proof without removing historical publication (184.925417ms)
✔ exact event publication derives lifecycle receipt and final command acknowledgement from the projection (167.348091ms)
✔ exact event workflow binds all work to the canonical queue claim (7.448754ms)
✔ exact event review heartbeats its queue lease while Codex runs (190.192677ms)
✔ exact-review lease competition skips only known conflicts and gates both owners (148.183731ms)
✔ exact event workflow keeps both queue protocol versions live during rolling deploys (2.47259ms)
✔ dashboard syncs Worker secrets with durable lifecycle storage (0.770792ms)
✔ dashboard CI refreshes on cadence without completion-trigger storms (0.70018ms)
✔ terminal exact-review runs reconcile through a signed isolated backstop (1.808867ms)
✔ publish workflow dispatches immediate apply through the isolated lane (3.70648ms)
✔ selected comment sync finalizes interrupted receipts before publication (3.346126ms)
✔ failed-review retry cleanup restores the captured command failure (2.32339ms)
✔ broad record publishers isolate tuple reconciliation from status and auxiliary state (2.824847ms)
✔ every sweep tuple mutator hands publish-main a captured canonical baseline (5.051665ms)
✔ apply workflow isolates proof Codex and keeps mutation free of Git recovery Codex (7.947384ms)
✔ comment-only apply preparation never scans the full target repository (180.326816ms)
✔ comment-only apply reconciliation scopes only selected items (1197.153613ms)
✔ apply workflow scopes cursor reconciliation and publishes close reconciliation before idle (4.303422ms)
✔ reconcile publication expands only exact changed record tuples (751.966746ms)
✔ persist reconciliation publishes against its exact captured canonical baseline (387.344022ms)
✔ reconcile publication batches large corrected tuple sets below exec argument limits (398.686369ms)
✔ apply checkpoints split record tuples from auxiliary state (931.732135ms)
✔ best-effort apply status publishes one sparse-safe file without noisy restore (338.741502ms)
✔ apply workflow rejects malformed or oversized coverage proof artifact trees (2588.101808ms)
✔ coverage proof manifest preserves an empty reduced-hydration artifact (408.74552ms)
✔ apply workflow target token can inspect source workflow runs (2.854543ms)
✔ targeted apply dispatches keep apply names ahead of exact-review names (3.884945ms)
✔ apply workflow bounds checkpoints and requeues with a fresh token (7.42557ms)
✔ apply workflow finalization retries only target status after checkpointed state (3.541953ms)
✔ comment synchronization splits oversized explicit requests into durable checkpoints (331.491687ms)
✔ comment synchronization normalizes only valid positive explicit item numbers (292.901306ms)
✔ comment synchronization rejects explicit requests without valid item numbers (323.063993ms)
✔ scheduled comment sync broadens only its own maintenance filters (275.946922ms)
✔ custom all-item sync never overwrites the shared automatic cursor (300.600873ms)
✔ cursor synchronization replaces a zero-item operator limit with its bounded default (291.643076ms)
✔ scheduled all-item comment sync remains bounded to one cursor window (601.935466ms)
✔ background and scheduled maintenance advance the same immediate all-item cursor (904.716029ms)
✔ uncursored default comment sync preserves the same cross-repository continuation cursor (1756.724524ms)
✔ custom mutation-policy comment sync retains its own cursor and continuation (1151.77916ms)
✔ urgent records do not falsely wrap a customized comment-sync cursor (1217.153489ms)
✔ uncursored synchronization continues repositories without scheduled maintenance (870.364956ms)
✔ manual OpenClaw issue synchronization continues beyond scheduled PR coverage (1055.46987ms)
✔ unscheduled cursor synchronization continues lower-numbered records after wraparound (1137.138472ms)
✔ unscheduled wrapped synchronization drains every bounded window and then stops (2133.299328ms)
✔ wrapped cursor synchronization continues past newer out-of-cycle urgent records (778.395997ms)
✔ wrapped cursor state never widens an explicit comment-sync selection (305.333271ms)
✔ wrapped cursor resets when every remaining boundary record disappears (315.068497ms)
✔ unscheduled cursor synchronization stops after its final full batch (722.575507ms)
✔ uncursored comment synchronization selects and continues the full eligible inventory (762.862323ms)
✔ comment synchronization checkpoints only completed records after a runtime yield (562.524033ms)
✔ comment sync advances a completed frontier before a budget-clipped urgent tail (718.949028ms)
✔ comment synchronization advances past records archived during scoped reconciliation (545.879464ms)
✔ urgent synchronization never advances past unfinished lower-numbered records (697.525738ms)
✔ explicit comment synchronization stops an unproductive continuation before it can loop (279.344229ms)
✔ cursor-based comment synchronization never continues after operational publication fails (404.972656ms)
✔ unscheduled cursor synchronization never continues after cursor publication fails (586.827827ms)
✔ explicit item continuation survives unrelated cursor bookkeeping failure (265.580997ms)
✔ explicit comment synchronization preserves all unfinished items after a runtime yield (281.221471ms)
✔ apply workflow does not queue runtime-yield continuation without cursor progress (256.756567ms)
✔ apply checkpoint publishes a clean token-budget stop and a later run resumes (267.414891ms)
✔ apply workflow drops a coverage-proof tail only after exact trace examination (595.9525ms)
✔ apply proof and mutation start from fresh non-persisted source checkouts (3.145988ms)
✔ sweep target tokens fall back when an org app installation is missing (5.645028ms)
✔ public OpenClaw reads use workflow tokens without moving mutation identity (134.615292ms)
✔ sweep target review token can post pull request review leases (2.883386ms)
✔ read-only checkout mode restores file modes and leaves git metadata writable (1.759787ms)
✔ event review completion removes ClawSweeper eyes reaction (2.101697ms)
✔ event re-review status distinguishes lease deferral from interruptions (1.936442ms)
✔ trusted comment router owns command ledger capacity retries (2.320969ms)
✔ comment router publishes only durable ledger mutations and changed jobs (0.539084ms)
✔ deferred exact verdict routers cannot replace each other's pending runs (0.312896ms)
✔ comment commands keep the router-to-sweep dispatch contract (4.133103ms)
✔ comment router prunes bare ack comments after updating shared automerge status (1.160761ms)
✔ exact queue and manual item dispatches reserve their live shard capacity (2.706394ms)
✔ sweep workflow publishes target-scoped state paths (3.292952ms)
✔ sweep workflow coalesces durable issue and PR comment sync batches (3.997636ms)
✔ sweep target checkouts retry without cached references (2.461327ms)
✔ target sweep runs count as background review capacity (1.918127ms)
✔ target hot sweep dispatches honor shard cap payload (2.299223ms)
✔ review publication routes hot intake once without changing other producers (5794.523209ms)
✔ scheduled reviews feed the durable queue instead of one-item matrix workers (3.597922ms)
✔ fleet coverage publishes live open inventory to the dashboard worker (2.22706ms)
✔ target fanout uses the canonical cursor store without a git publisher (2.343137ms)
✔ hot fleet fanout runs every 20 minutes without changing other schedules (170.390269ms)
✔ review git info follows checked-out target branch (0.340965ms)
✔ sweep workflow_dispatch input count stays under GitHub limit (2.032557ms)
✔ sweep review continuations stay workflow-dispatch compatible (2.212357ms)
✔ failed review recovery waits for durable exact-review queue acknowledgement (2.361519ms)
✔ target sweep dispatches preserve disabled ClawHub guard (2.168081ms)
✔ sweep planning-started status publish is bounded (2.176953ms)
✔ review capacity probes use REST actions run listing (2.607942ms)
✔ background review capacity reserves expanding matrices and caps broad manual input (2.725311ms)
✔ background planners fetch exact-review queue pressure once and pass its level (2.728077ms)
✔ review backstops identify sweep runs by stable workflow path (2.008897ms)
✔ target review queues coalesce background work without delaying exact planners (2.498116ms)
✔ durable cursor sync coalesces safely without discarding targeted batches (144.86714ms)
✔ scheduled normal review sizes one planner shard to live candidate capacity (2.490515ms)
✔ planned background reviews allow safe content-cache reuse without weakening exact reviews (2.529714ms)
✔ legacy event field serializer preserves branchless issue and PR intake (629.857826ms)
✔ sweep issue and PR event reviews and target fanout avoid storm amplification (3.310247ms)
✔ setup-state defaults to an auth-safe shallow checkout (0.437767ms)
✔ sweep exact event reviews consume only the immutable claimed decision (2.539388ms)
✔ review finalizers recover start-only ledger attempts after hard timeout (1.97824ms)
✔ every action-ledger publication authenticates the expected producer job (131.237911ms)
✔ sweep exact event reviews cap the configured fallback within the lease and job budgets (1.956643ms)
✔ github activity workflow scopes cancellation to matching item activity (0.566115ms)
✔ exact review publication enqueue accepts a superseded acknowledgement (133.764346ms)
✔ apply drift requeue selects source-drift skips before unverified-checkout keeps (348.050643ms)
✔ apply job requeues drift-blocked close reviews only for default cursor runs (3.43494ms)
✔ documented target dispatcher template matches the live workflow (1.653658ms)
✔ target dispatcher acknowledges non-draft PR receipts before review dispatch (62.81366ms)
[apply-artifacts] applied=1 skipped_closed=0
[apply-artifacts] applied=1 skipped_closed=0
[apply-artifacts] applied=1 skipped_closed=0
[apply] 2026-08-30T21:46:04.358Z starting apply: files=1 dry_run=false apply_kind=issue min_age=0 days apply_close_reasons=all stale_min_age_days=60 close_delay_ms=0 sync_comments_only=false suppress_automation_markers=false comment_sync_min_age_days=0 comment_sync_cursor=none max_runtime_ms=0 item_numbers=all reconciliation_deferred=none closed=0/1 processed=0/1 counts={}
[apply] 2026-08-30T21:46:05.107Z finished apply closed=0/1 processed=1/1 counts={"skipped_already_closed":1}
✔ renderWorkPlanFromReport renders dashboard plan artifacts for fresh queue_fix_pr candidates (7.977931ms)
✔ renderWorkPlanFromReport returns null for stale, reclassified, or non-candidate reports (1.510804ms)
✔ apply-artifacts writes and removes generated work plans (916.590576ms)
✔ apply-artifacts captures the hydrated tuple before replacing a review record (522.690468ms)
✔ apply-decisions removes archived work plans from the scoped plans directory (1240.802473ms)
✔ signedPost surfaces status and error code from a non-OK response without cloning (52.435928ms)
✔ signedPost includes a body snippet for non-JSON error bodies (1.065366ms)
✔ signedPost throws invalid_json_body for persistently empty 2xx bodies (755.732723ms)
✔ signedPost recovers when a blank 2xx body clears on retry (257.095655ms)
✔ signedPost throws invalid_json_body with a snippet for a 2xx HTML body (757.615966ms)
✔ signedPost throws invalid_json_body for a 2xx response with a literal null body (757.500315ms)
✔ signedPost resends the full JSON request body on a retry after a 502 (251.951181ms)
✔ signedPost retries 5xx responses and succeeds within the attempt budget (753.154052ms)
✔ signedPost surfaces the final 5xx after exhausting retries (754.984824ms)
✔ signedPost retries network errors and succeeds (251.102777ms)
✔ exportWorkerRecords surfaces the worker error code for a consumed-body failure (5.229661ms)
✔ exportWorkerRecords rides out a transient 502 during export (252.094834ms)
✔ fetchWorkerCanonicalItemIds pages the exact coverage identity set (1.88331ms)
✔ state blob endpoints reject unsigned requests and fail closed without a bucket (841.818254ms)
✔ state blob failures return stable errors and sanitize server logs (3.1905ms)
✔ state blob upload rejection logs omit path, upload, URL, query, and error identity (2.611709ms)
✔ single-shot blob uploads verify digests server-side and re-put idempotently (16.317842ms)
✔ ledger keys are create-only while asset keys may overwrite (12.969834ms)
state_blob_upload_rejected
✔ multipart uploads stream fixed-size parts and enforce immutability at completion (24.651345ms)
✔ chunked downloads retry transient 5xx responses and reject invalid ranges (758.441814ms)
✔ blob listing pages with cursors and validates prefixes (27.50458ms)
✔ materialize refuses partial trees only when the whole store is empty (12.930404ms)
✔ Blacksmith lanes keep their expected variable names and default labels (415.016369ms)
✔ Blacksmith runner assignments keep a repository-variable escape hatch (355.277256ms)
ℹ tests 4119
ℹ suites 0
ℹ pass 4113
ℹ fail 2
ℹ cancelled 0
ℹ skipped 4
ℹ todo 0
ℹ duration_ms 676286.563068
ℹ start of coverage report
ℹ -----------------------------------------------------------------------------------------------------------------------------------------------------------------------------------------------------------------------------------------------------------------------------------------------------------------------------------------------------------------------------------------------------------------------------------------------------------------------------------------------------------------------------------------------------------------------------------------------------------------------------------------------------------------------------------------------------------------------------------------------------------------------------------------------------------------------------------------------------------------------------------------------------------------------------------------------------------------------------------------------------------------------------------------------------------------------------------------------------------------------------------------------------------------------------------------------------------------------------------------------------------------------------------------------------------------------------------------------------------------------------------------------------------------------------------------------
ℹ file                                          | line % | branch % | funcs % | uncovered lines
ℹ -----------------------------------------------------------------------------------------------------------------------------------------------------------------------------------------------------------------------------------------------------------------------------------------------------------------------------------------------------------------------------------------------------------------------------------------------------------------------------------------------------------------------------------------------------------------------------------------------------------------------------------------------------------------------------------------------------------------------------------------------------------------------------------------------------------------------------------------------------------------------------------------------------------------------------------------------------------------------------------------------------------------------------------------------------------------------------------------------------------------------------------------------------------------------------------------------------------------------------------------------------------------------------------------------------------------------------------------------------------------------------------------------------------------------------------------------
ℹ dist                                          |        |          |         |
ℹ  action-ledger-files.js                       |  86.52 |    78.38 |   97.06 | 53-54 95-96 196-198 221-222 254-257 288-289 365-366 404-405 426-427 435-436 462-463 468-469 488-489 508-509 517-520 528-529 569-570 605-606 609-633 660-671 676-677 684-685 713-714 719-720 731-734 736-737 764-774 780-781 783-784 789-790 792-793 798-799 824-825 835-836
ℹ  action-ledger-paths.js                       | 100.00 |   100.00 |  100.00 |
ℹ  action-ledger-runtime.js                     |  93.26 |    85.45 |   97.25 | 57-58 261-265 276-277 282-284 394-400 674-675 693-694 696-699 704-705 715-716 785-786 797-798 860-863 880-881 939-940 952-953 960-961 982-983 992-993 1005-1006 1008-1009 1013-1014 1017-1018 1048-1049 1058-1059 1064-1065 1122-1123 1131-1132 1146-1147 1157-1158 1257-1260 1382-1383 1385-1386 1476-1477 1502-1503 1517-1519 1541-1542 1572-1573 1583-1584 1600-1601 1637-1638 1643-1645 1655-1656 1665-1666 1679-1680 1714-1715 1738-1739 1799-1800 1817-1818 1835-1839 1859-1860 1869-1870 1891-1892 1896-1897 1907-1908
ℹ  action-ledger.js                             |  95.39 |    86.34 |   99.28 | 666-668 732-733 745-746 750-751 775-776 802-803 812-813 822-823 876-877 886-887 895-896 983-984 1035-1036 1059-1063 1066-1067 1070-1071 1074 1084-1085 1110-1111 1128-1129 1146-1147 1155-1156 1289-1290 1347-1348 1355-1356 1386-1387 1403 1425-1426 1434-1435 1437 1443-1444 1452-1454 1476-1477 1496-1497 1521-1522 1539-1540 1689-1690 1706-1707 1717-1718 1755-1756 1869-1870 1880-1881 1928-1929 1981-1982 2017-2018 2034-2035 2097-2098 2100-2101
ℹ  agent-input-scan-fixtures.js                 |  98.59 |    97.44 |   93.75 | 27-28
ℹ  agent-input-scan.js                          |  99.06 |    88.61 |  100.00 | 58-59 413-414
ℹ  agent-runner.js                              |  92.53 |    81.98 |   94.12 | 39-42 165-172 210 270-277 298-299
ℹ  apply-close-actions.js                       | 100.00 |   100.00 |  100.00 |
ℹ  assist-artifact.js                           |  89.92 |    72.64 |  100.00 | 82-83 89-90 98-99 126-127 156-157 162-163 165-166 174-175 177-178 183-184 187-188 191-192 257-258 265-266 287-288 307-308 320-321 337-338
ℹ  clawsweeper-action-commands.js               |  59.46 |    65.79 |   71.43 | 16-17 25-26 39-41 58-59 64-65 79-116 123-125 129-130 133-138
ℹ  clawsweeper-apply-candidate-guards.js        |  88.29 |    90.00 |   85.71 | 48-52 69-72 76-79
ℹ  clawsweeper-apply-close-execution.js         |  85.14 |    53.79 |   85.71 | 45-50 66-67 75-76 93-94 99-100 106-107 147-148 166-171 177-178 219-220 224-225 227-228 247-248 251-253 256-258 271-272 279-280 329-336 346-351 358-359 365-366 387-388 394-395 398-399 402-403 416-417 443-444 455-456 471-472 494-495 541-544 548-549 553-554
ℹ  clawsweeper-apply-close-guards.js            |  89.04 |    34.78 |   88.89 | 75-76 78-79 81-82 88-89 92-93 96-97 99-100 102-103 105-106 109-110 113-114 116-117
ℹ  clawsweeper-apply-close-policies.js          | 100.00 |   100.00 |  100.00 |
ℹ  clawsweeper-apply-decision-workflow.js       |  97.85 |    83.74 |   93.22 | 63-64 134 189-190 237-240 250-253 359-361 365-369 507-508 549-550 976-982 1811-1814 1970-1971 1974-1975 1981-1982 2072-2073 2087-2088 2265-2267
ℹ  clawsweeper-apply-guard-activity.js          |  95.49 |    67.65 |  100.00 | 32 85-86 117-118 153-154 279-280 282-283 314-315 326-327 351-352
ℹ  clawsweeper-apply-guard-capacity.js          |  86.56 |    28.57 |  100.00 | 59-60 67-68 89-90 107-111 120-124 132-133 136-137 144-148
ℹ  clawsweeper-apply-guard-dependencies.js      | 100.00 |   100.00 |  100.00 |
ℹ  clawsweeper-apply-guard-policy.js            |  85.22 |    24.00 |   91.67 | 14-15 27-28 51-52 56-57 77-78 87-88 96-97 101-102 123-124 126-127 130-131 139-140 153-154 164-165 190-191
ℹ  clawsweeper-apply-guard-proof.js             |  96.83 |    71.88 |  100.00 | 84-85 113-114
ℹ  clawsweeper-apply-guards.js                  |  96.51 |    93.33 |  100.00 | 26-28
ℹ  clawsweeper-apply-lease-guards.js            |  98.92 |    76.60 |  100.00 | 142-143
ℹ  clawsweeper-apply-ledger.js                  |  97.93 |    82.99 |  100.00 | 121-122 383-390 409-415
ℹ  clawsweeper-apply-proof-freshness.js         |  81.35 |    75.00 |   92.86 | 16-20 52-53 132-136 138-154 174-180
ℹ  clawsweeper-apply-pull-request-labels.js     | 100.00 |   100.00 |  100.00 |
ℹ  clawsweeper-apply-pull-request-promotion.js  | 100.00 |   100.00 |  100.00 |
ℹ  clawsweeper-apply-records.js                 | 100.00 |   100.00 |  100.00 |
ℹ  clawsweeper-apply-report-labels.js           |  96.10 |    76.19 |   85.71 | 20-21 150-153
ℹ  clawsweeper-apply-review-activity.js         |  94.12 |    85.71 |  100.00 | 10-11
ℹ  clawsweeper-apply-review-guards.js           |  93.50 |    80.95 |  100.00 | 32-33 55-60
ℹ  clawsweeper-apply-source-freshness.js        |  95.15 |    67.57 |  100.00 | 69-73 105-107
ℹ  clawsweeper-args.js                          | 100.00 |    87.23 |  100.00 |
ℹ  clawsweeper-assist.js                        |  55.59 |    42.39 |   65.79 | 30-31 36-37 56-62 98-153 189-193 201-202 213-214 222-223 226-228 230-231 247-249 264-276 278-291 293-298 300-306 308-332 334-340 344-345 350-351 354-355 358-359 372-373 375-376 378-379 388-389 401-410 419 425-426 428-429 431-433 460-461 464-465 473-483 535-582 584-598
ℹ  clawsweeper-audit.js                         |  92.76 |    75.27 |   96.15 | 24-25 163-171 190 192 196 198 200 202 204 206 216-218
ℹ  clawsweeper-change-detection.js              |  96.90 |    93.64 |  100.00 | 221-226 256-257 272-273 315-316 404
ℹ  clawsweeper-close-decision.js                |  92.54 |    89.33 |   96.30 | 40-41 43-44 70-71 76-77 83-84 86-87 89-90 162-163 185-190 305-310 312-313
ℹ  clawsweeper-close-promotion.js               |  95.38 |    42.11 |  100.00 | 17-18 22-23 35-36
ℹ  clawsweeper-close-reasons.js                 |  89.47 |    50.00 |  100.00 | 6 8 10 20
ℹ  clawsweeper-command-dispatch.js              | 100.00 |    87.50 |  100.00 |
ℹ  clawsweeper-command-operations.js            |  89.30 |    38.96 |  100.00 | 20-21 23-24 37-38 41-42 69-71 82-83 86-87 180-181 184-185 417-428 462-464 479-482 502-507 511-526
ℹ  clawsweeper-context-hydration.js             |  90.27 |    78.51 |   87.34 | 21-24 101-102 119-123 195-202 204-210 266-272 314-317 407-408 429-430 476-490 508 512-514 610 698-700 704-705 709-720
ℹ  clawsweeper-coverage-proof.js                |  95.65 |    54.43 |   96.43 | 48-49 137-143 263-270 351-352 443-444
ℹ  clawsweeper-dashboard-audit.js               |  48.83 |    63.79 |   47.83 | 17-36 38-41 60-64 66-70 75-76 98-99 147-148 250-259 290-291 343-368 370-385 387-554 577-584 586-595 597-602 604-609 611-667
ℹ  clawsweeper-dashboard.js                     |  87.86 |    83.33 |   71.43 | 7-14 49-63 79-82 90-96 104-107 115-118 126-132 285
ℹ  clawsweeper-decision-parser.js               |  97.58 |    86.62 |   95.56 | 24 42 47 52 69 203-204 371 433 435 450 605-606 635-636 639-640 723 728 735
ℹ  clawsweeper-failed-review-retry.js           |  92.01 |    77.71 |   97.22 | 42-43 91-92 105-106 193-194 231-259 315-316 410-418 435-438 504-508 661-663 669-670 692-698 796-804 903-904
ℹ  clawsweeper-github-context.js                |  94.57 |    73.39 |  100.00 | 38-50 100-104 197
ℹ  clawsweeper-github-execution.js              |  97.00 |    83.64 |   93.75 | 69 106-108 215-216 262-264
ℹ  clawsweeper-github-runtime.js                |  71.81 |    82.41 |   83.72 | 128-129 205-206 228-231 279-280 291-292 353-354 379-381 385 394-443 445-486 488-495 497-529 531-552 554-557 559-560
ℹ  clawsweeper-item-context.js                  |  99.07 |    90.00 |   84.21 | 126-128
ℹ  clawsweeper-item-policy.js                   |  99.38 |    91.57 |  100.00 | 91
ℹ  clawsweeper-label-mutations.js               |  95.00 |    84.93 |  100.00 | 10-11 25-26 33-34 42-43 375-377 410-415 426-431
ℹ  clawsweeper-label-operations.js              |  90.23 |    78.99 |   98.15 | 78-79 108-109 138-139 210-211 214-215 236-237 307-308 316-317 319-328 344-355
ℹ  clawsweeper-label-policy.js                  | 100.00 |    91.26 |  100.00 |
ℹ  clawsweeper-label-presentation.js            |  94.98 |    91.30 |  100.00 | 117-123 145-149 174-175
ℹ  clawsweeper-label-selection.js               |  98.91 |    96.34 |  100.00 | 166-167 182-183
ℹ  clawsweeper-label-sync.js                    | 100.00 |   100.00 |  100.00 |
ℹ  clawsweeper-links.js                         |  97.70 |   100.00 |   94.74 | 47-48
ℹ  clawsweeper-local-review.js                  |  96.25 |    73.33 |  100.00 | 41-42 45-46 56-57
ℹ  clawsweeper-markdown.js                      |  84.91 |    83.62 |   92.59 | 5-18 41-43 59-62 112 145-157 169-171 191-192
ℹ  clawsweeper-media-proof.js                   |  88.48 |    83.33 |  100.00 | 26-27 64-65 160-170 174-184 231-232
ℹ  clawsweeper-orchestration-foundation.js      |  98.62 |    79.43 |   98.15 | 13 43 51 157 376-377
ℹ  clawsweeper-plan-command.js                  | 100.00 |    85.71 |  100.00 |
ℹ  clawsweeper-policy.js                        | 100.00 |   100.00 |  100.00 |
ℹ  clawsweeper-pr-references.js                 |  98.06 |    76.54 |   95.45 | 5-6 89 170
ℹ  clawsweeper-primary-body.js                  | 100.00 |    94.44 |  100.00 |
ℹ  clawsweeper-promotion-facts.js               |  96.86 |    75.24 |   96.77 | 179-180 283-284 301-302 352-353 355-356 361-362 394-395
ℹ  clawsweeper-proof-policy.js                  | 100.00 |   100.00 |  100.00 |
ℹ  clawsweeper-rating.js                        |  98.67 |    95.79 |  100.00 | 10 86
ℹ  clawsweeper-record-metadata.js               |  89.22 |    81.27 |   96.36 | 168-172 187-191 226-231 242-243 264-265 285-287 305-306 310-329 368-369 392 463-464 493-499 517-528
ℹ  clawsweeper-regression-provenance.js         |  99.81 |    91.38 |  100.00 | 526
ℹ  clawsweeper-related-context.js               |  84.05 |    82.18 |   86.21 | 32 244-262 273-279 284-289 309-316 321-324 328-332 336-340 352-353 379-380 565-584 635-663
ℹ  clawsweeper-report-actions.js                |  94.92 |    76.47 |  100.00 | 13 54-55
ℹ  clawsweeper-report-comment-helpers.js        |  98.87 |    88.46 |  100.00 | 48-49 160-161 283-284
ℹ  clawsweeper-report-comment-presentation.js   |  99.36 |    96.09 |  100.00 | 139-140
ℹ  clawsweeper-report-context.js                | 100.00 |    80.43 |  100.00 |
ℹ  clawsweeper-report-document.js               |  94.91 |    40.50 |   89.19 | 131-144 236-237 275-286 288-296
ℹ  clawsweeper-report-helpers.js                |  95.75 |    67.65 |  100.00 | 96 100 102 138-139 146-147 150-151
ℹ  clawsweeper-report-orchestration.js          | 100.00 |   100.00 |  100.00 |
ℹ  clawsweeper-report-parser.js                 |  96.60 |    88.97 |   94.64 | 94-95 97-98 100-101 103-104 107-108 236-237 249-250 460-461 498-499 632-637
ℹ  clawsweeper-report-rendering.js              | 100.00 |   100.00 |  100.00 |
ℹ  clawsweeper-repository-paths.js              |  76.00 |    76.92 |   85.71 | 19-20 22-23 33-34 37 49-52 72-84
ℹ  clawsweeper-review-blobs.js                  |  97.25 |    76.70 |  100.00 | 115-116 219-220 251-252 264-265 342-343
ℹ  clawsweeper-review-command-workflow.js       |  68.53 |    57.07 |   51.85 | 22 85-86 127-128 130-131 196-204 229-230 268 291-293 306-309 319-322 355-356 359-361 404-405 409-411 413-417 422-442 445-449 464-465 469-471 480-482 501-518 524-525 563-566 577-604 650-655 658-663 665-668 706-725 732-736 738-746 752-780 800 849-850 852-1002 1020-1062 1159-1161 1245-1251 1257-1258 1289-1290 1292-1293
ℹ  clawsweeper-review-comment-automation.js     | 100.00 |    96.30 |  100.00 |
ℹ  clawsweeper-review-comment-identity.js       | 100.00 |    91.18 |  100.00 |
ℹ  clawsweeper-review-comment-leases.js         |  79.84 |    54.41 |   95.00 | 39-40 46-47 62-63 151-152 160-161 184-185 195-197 200-202 205-207 211-213 215-217 223-224 269-285 288-313 359-363
ℹ  clawsweeper-review-comment-publication.js    |  93.31 |    77.59 |  100.00 | 101-104 116-118 146-147 203-209
ℹ  clawsweeper-review-comment-state.js          |  98.24 |    84.08 |   97.78 | 184-190 316-317
ℹ  clawsweeper-review-comments-workflow.js      | 100.00 |   100.00 |  100.00 |
ℹ  clawsweeper-review-comments.js               | 100.00 |    92.31 |  100.00 |
ℹ  clawsweeper-review-lease.js                  |  83.33 |    77.78 |  100.00 | 9-10 12-13
ℹ  clawsweeper-review-ledger.js                 |  75.30 |    79.07 |   77.27 | 139-140 187-246 248-303 306-327 463-468
ℹ  clawsweeper-review-planning-dashboard.js     |  63.96 |    68.42 |   55.00 | 4-9 11-16 45-48 50-56 58-61 63-65 79 107-115 121-122 124-125 151-152 154-185 199-200
ℹ  clawsweeper-review-planning-hot-intake.js    |  95.93 |    66.67 |  100.00 | 28-29 62-63 91-93
ℹ  clawsweeper-review-planning-inventory.js     |  79.37 |    64.29 |   84.62 | 21-29 48-66 100 123-124 190-207 226-233 247-248
ℹ  clawsweeper-review-planning-selection.js     |  59.68 |    44.68 |   76.00 | 7-12 21-57 61-62 64-65 73-76 134-135 137-138 143 191-212 250-296
ℹ  clawsweeper-review-planning.js               | 100.00 |   100.00 |  100.00 |
ℹ  clawsweeper-review-preparation.js            |  93.49 |    42.86 |  100.00 | 70-71 75-79 118-119 121-122
ℹ  clawsweeper-review-presentation.js           |  97.13 |    89.94 |   97.10 | 38-41 46-52 64-68 267 277-278
ℹ  clawsweeper-review-runtime.js                |  90.68 |    72.92 |   93.33 | 53-54 61-73 75-76 83 91 157-172 198-203 207-209 212-213 220-226 228-229 231-237 390-391 399-400 684-691 720-722 764-765 778-783 814-815 821-822
ℹ  clawsweeper-runtime.js                       |  87.48 |    91.88 |   83.06 | 109-118 374-426 493-496 499-502 529-533 877-881 945-959 993-1022 1031 1038-1047 1093-1094
ℹ  clawsweeper-source-revision.js               |  98.77 |    90.35 |  100.00 | 51-52 79
ℹ  clawsweeper-status-context.js                |  77.73 |    75.00 |   77.27 | 124-125 128-129 165-166 169-170 175-176 248-266 268-305 307-308 310-340 342-357 359-396 439 459-466 495-496 512-517 539-543 589-590 622-626 634-635 660-661 665-666 745-754 811-813 823-830
ℹ  clawsweeper-sweep-status.js                  |  43.82 |   100.00 |   45.45 | 6-7 9-10 18-19 21-22 24-25 38-77
ℹ  clawsweeper-text.js                          | 100.00 |    94.74 |  100.00 |
ℹ  clawsweeper-types.js                         | 100.00 |   100.00 |  100.00 |
ℹ  clawsweeper.js                               | 100.00 |    50.00 |  100.00 |
ℹ  codex-app-server-worker.js                   |  76.45 |    43.08 |   70.27 | 44-46 50-51 55-56 67-69 113-115 143-145 154-155 162-165 201-214 216-255 258-259 268-278 283-286 381-382 390 409-410 427-428 458-467
ℹ  codex-env.js                                 | 100.00 |    91.89 |  100.00 |
ℹ  codex-output-capture.js                      | 100.00 |    73.91 |  100.00 |
ℹ  codex-process-worker.js                      |  90.79 |    75.00 |   77.78 | 38 62-67
ℹ  codex-process.js                             |  91.67 |    58.54 |   87.50 | 60-61 64-65 69-70 91-93
ℹ  codex-spawn.js                               |  86.87 |    71.43 |  100.00 | 40-47 83-85 89-90
ℹ  codex-transient.js                           | 100.00 |    85.00 |  100.00 |
ℹ  command.js                                   |  96.34 |    89.74 |  100.00 | 37 97-98 141 144 159-160
ℹ  commit-sweeper.js                            |  81.60 |    45.61 |   84.00 | 50-60 102-106 158-187 238-250 289-291 315-317 369-372
ℹ  decision-packets.js                          |  93.68 |    84.67 |   94.74 | 172-186 250-251 318-323
ℹ  durable-cursor-store.js                      |  87.64 |    70.27 |   62.50 | 66-69 81-82 85-89
ℹ  exact-review-publication-limits.js           | 100.00 |   100.00 |  100.00 |
ℹ  github-egress-descriptor.js                  |  77.06 |    79.82 |   87.50 | 40-41 63-64 81-82 84-85 87-88 118-119 121-122 124-125 133-150 152 158-160 168-172 205-206 209-210 212-214
ℹ  github-egress-observer.js                    |  87.78 |    57.50 |   90.00 | 88-92 100-101 113 134-135 160-161 164-169 210-211 248-252 267-269 274-275 297-303 315-316 447-449 453-454 458 481-496
ℹ  github-egress-telemetry-contract.js          |  88.03 |    58.33 |  100.00 | 155-156 158-159 177-179 190-196 207-208 213 220-230
ℹ  github-etag-cache-contract.js                |  80.15 |    71.43 |   57.14 | 34-35 84-85 92-93 97-112 132-136
ℹ  github-etag-read-broker.js                   |  77.92 |    69.57 |  100.00 | 8-10 38-41 46-48 57-59 62-63 68-69
ℹ  github-json.js                               |  90.12 |    71.43 |  100.00 | 30 40-44 46 77
ℹ  github-public-read.js                        | 100.00 |    94.74 |  100.00 |
ℹ  github-retry.js                              |  99.34 |    95.83 |  100.00 | 114
ℹ  github-webhook-read-model-client.js          |  86.50 |    80.30 |   87.50 | 155-170 179-190 208-209 219-220
ℹ  idea-archive-revival.js                      |  85.92 |    61.19 |   96.30 | 143-145 185 187-188 190 201-203 232-235 247-250 265-266 269-272 286-289 292 299-300 316-321 325-327 333-335 344-346 352-355
ℹ  limits.js                                    |  96.03 |    88.68 |  100.00 | 107-108 116-117 123-124
ℹ  live-proof                                   |        |          |         |
ℹ   attach.js                                   |  94.59 |    70.19 |  100.00 | 47-48 64-66 167-168 187-188 229-230 251-252 259-260 294-295
ℹ   commands.js                                 |  53.25 |    39.29 |   58.33 | 54-62 69-94 98-130 140-141 147-148
ℹ   drivers.js                                  |  93.82 |    83.29 |  100.00 | 144-154 157-158 618-620 679-681 780 784-785 794 812-813 855-856 873-880 883-884 891-892 968-969 998-999 1008 1032-1033 1037-1038 1049-1050 1063-1064 1069-1070 1072-1073 1075-1076 1103-1104 1106-1107 1110-1111 1115 1119-1120 1149-1155 1158-1159 1172-1173 1179-1180 1260-1261 1268-1269 1273-1274 1291-1292 1365-1366 1430 1486-1487
ℹ   environment.js                              | 100.00 |   100.00 |  100.00 |
ℹ   execute.js                                  |  88.13 |    81.90 |   95.83 | 34-35 186-187 198-215 274-275 329-330 344 380-381 402-426
ℹ   manifest.js                                 |  77.78 |    67.50 |  100.00 | 27-28 31-32 36-37 39-40 48-49 51-52 54-55 59-60 66-67 116-117 129-130 133-134 139-140 142-143 145-146 148-149 154-155 165-166 171-172 177-178
ℹ   publication-artifacts.js                    |  81.48 |    70.00 |  100.00 | 16-17 19-22 33-34 48-49
ℹ   review-artifacts.js                         |  90.85 |    61.54 |  100.00 | 25-26 60-61 78-79 125-128 131-132 134-135
ℹ   setup.js                                    | 100.00 |   100.00 |  100.00 |
ℹ   verification.js                             |  88.50 |    82.35 |   97.78 | 107-108 111-112 116-117 120-121 123-124 127-128 136-137 139-140 146-147 151-152 175-176 182-183 194-195 202-203 260 262 264 342-343 385-386 400-401 437 439 441 451-465 491 504-505 521-522 536-537
ℹ  live-read-generation.js                      |  96.08 |   100.00 |   85.71 | 10-11
ℹ  openclaw-process-worker.js                   |  60.47 |    50.00 |   37.50 | 31-33 38 57-86
ℹ  openclaw-process.js                          |  95.72 |    79.45 |   95.45 | 57-58 76-79 109-110 220-221 294-295 310 439-444
ℹ  pr-close-coverage-proof.js                   |  92.71 |    75.89 |  100.00 | 213-214 217-223 227-228 236-237 274-275 295-296 316-317 371-372 378-379 384-385 390-391 407-408 413-414
ℹ  pr-comment-activity-revision.js              |  96.08 |    66.67 |   77.78 | 72-73 80-81
ℹ  pr-hydration-snapshot.js                     |  97.26 |    74.71 |  100.00 | 56-59 140-141 434-440
ℹ  pr-review-evidence.js                        |  99.05 |    90.70 |  100.00 | 137-138
ℹ  pr-surface-stats.js                          | 100.00 |    94.12 |  100.00 |
ℹ  queue-pressure.js                            |  99.05 |    93.10 |  100.00 | 95
ℹ  repair                                       |        |          |         |
ℹ   action-ledger-cli.js                        |  70.93 |    60.00 |   75.00 | 19-43
ℹ   action-session.js                           |  26.19 |    57.58 |   45.45 | 44-162 164-168
ℹ   adaptive-review-budget.js                   |  97.18 |    93.33 |   85.71 | 40-41
ℹ   apply-locks.js                              |  95.83 |    53.85 |  100.00 | 4
ℹ   apply-result.js                             |  60.62 |    37.29 |   76.60 | 51-53 55-57 61-63 66-67 69-70 74-75 77-78 80-81 83-84 116-138 144-145 149-150 157-171 198-204 206-207 209-210 240-245 247-252 254-255 257-260 269-270 273-274 279-280 287-288 296-302 304-310 312-322 325-332 334-342 435-444 452-456 471-626 638-639 645-651 656-658 660-662 667 669-750 759-806 816 836-840 921-922 945-948 969 985-986 998-999 1002-1010 1063 1107-1109 1118-1119 1126-1136 1145-1147 1149-1153 1161-1165 1168-1178 1220-1221 1229-1236 1282-1283 1285-1286 1301-1303 1305-1306 1329-1339 1341-1343 1377 1379 1382-1417 1513 1524-1526
ℹ   automerge-outcome.js                        | 100.00 |    63.16 |  100.00 |
ℹ   automerge-shepherd.js                       |  89.17 |    73.21 |  100.00 | 23-24 58-59 64-65 86-87 106-110
ℹ   automerge-status-timeline.js                |  98.10 |    70.27 |  100.00 | 128-129 154
ℹ   canonical-record-baseline.js                |  89.09 |    58.82 |  100.00 | 29-30 45-46 52-53
ℹ   cluster-intake-dispatch.js                  |  95.24 |    77.33 |  100.00 | 56-57 87-88 93-94 97-98 228-229 232-233
ℹ   cluster-intake-state.js                     |  89.53 |    68.31 |   97.80 | 30-31 60-61 76-77 81-82 85-86 154-155 199-200 330-331 361-362 389-390 418-419 438-439 463-464 476-477 480-481 492-493 512-513 516-517 523-524 528-529 532-533 535-536 540-541 546-547 581-582 624-625 653-654 657-658 670-671 673-674 702-703 707-713 728-729 732-733 735-736 762-763 793-794 798-799 812-813 822-823 841-842 861-862 870-871 884-885 891-892 897-898 906-907 912-913 969-970
ℹ   co-author-credit.js                         | 100.00 |   100.00 |  100.00 |
ℹ   collect-codex-debug.js                      |  97.24 |    76.47 |  100.00 | 39-41 111-112
ℹ   command-ack-convergence.js                  |  91.23 |    67.57 |   91.67 | 53-57
ℹ   command-action-ledger-manifest.js           |  85.28 |    65.79 |  100.00 | 28-29 37-38 59-60 66-67 69-70 87-88 102-103 108-109 114-115 117-118 129-130 153-154
ℹ   command-action-ledger.js                    |  82.41 |    64.29 |   93.33 | 21-23 42-52 58-67 70-79 99-108 110-119 211-218 307-331 344-346 462-463
ℹ   command-runner.js                           |  96.04 |    81.82 |  100.00 | 29-30 62-63
ℹ   comment-command-text.js                     |  58.93 |    87.88 |   45.45 | 29-34 36-37 63-73 75-91 94-103
ℹ   comment-router-core.js                      |  96.03 |    72.54 |   95.71 | 93-94 369-370 670-671 673-674 915-916 1018-1020 1025-1031 1119-1120 1159-1160 1166-1167 1173-1174 1176-1177 1290 1297-1300 1306 1311-1312 1635-1639 1746-1747 1818-1831 1846-1848 1866-1869 1883-1886 1903 1976 2206-2218 2274-2275 2756-2757 2769 2833-2837 2839-2843 2860-2865 2867-2872 2887-2889
ℹ   comment-router-ledger-merge.js              |  93.10 |    75.41 |  100.00 | 56-57 59-60 68-69 90 101
ℹ   comment-router-read-model.js                | 100.00 |    62.50 |  100.00 |
ℹ   comment-router-utils.js                     |  96.04 |    73.47 |   98.36 | 205-209 372-373 434-439 465-466 471-472 480-481 484-485 593-596
ℹ   comment-webhook.js                          |  83.74 |    70.48 |   86.00 | 30-31 33-66 75-100 159-160 172-173 204-205 207-208 210-211 249-250 260-261 279-280 284-285 321 427-428 477-478 526-528 538-540 547-556 579 591-594 672-677
ℹ   config.js                                   |  93.62 |    78.87 |  100.00 | 38-39 112 115 134 136-139
ℹ   conflict-self-heal-core.js                  |  96.07 |    42.50 |   92.86 | 34 54-55 146-147 176-177
ℹ   constants.js                                | 100.00 |   100.00 |  100.00 |
ℹ   contained-command-sandbox.js                |  88.24 |    63.16 |  100.00 | 23-24 36-38 41
ℹ   contained-command-worker.js                 |  82.31 |    48.00 |   85.71 | 16-17 22-23 79-82 100-103 110-113 142-144 180-181 203-204 225-227 231-239 248-252 259 261-263 275-277 289-293
ℹ   containment-preflight.js                    |  38.54 |    75.00 |   33.33 | 28-78 89-96
ℹ   create-job.js                               |  61.11 |    42.86 |   64.00 | 43-55 57-58 73-99 192-193 235-238 241-246 253-324
ℹ   detached-cleanup.js                         | 100.00 |   100.00 |  100.00 |
ℹ   deterministic-automerge-result.js           |  96.92 |    54.55 |   95.45 | 176-177 208-211 226
ℹ   direct-re-review-admission.js               |   2.56 |   100.00 |    0.00 | 2-11 13-50 52-117
ℹ   domain-types.js                             | 100.00 |   100.00 |  100.00 |
ℹ   env-utils.js                                | 100.00 |    66.67 |  100.00 |
ℹ   error-fingerprint.js                        | 100.00 |    80.00 |  100.00 |
ℹ   event-record-store.js                       | 100.00 |    97.96 |  100.00 |
ℹ   exact-review-batch-cli.js                   |  73.31 |    47.31 |   84.38 | 25-26 50-104 109-110 112-113 131-212 229-234 330-331 357-362 374-380 401-402 415-416 542-544 585-586 601-602 643-644 657-658 696-701 703-705 714-721 727-728 756-757 761-762 770-771 776-777 794-795 805-806 808-809 814-816 860-863 876-877 897-903 910-936 939-940 956-957 975-976
ℹ   exact-review-batch-queue-client.js          |  63.75 |    58.82 |   80.95 | 16-47 61-78 80-110 183-184 186-188 223-224 249-251
ℹ   exact-review-batch-state-writer-progress.js |  90.24 |    66.67 |   75.00 | 5-6 37-38
ℹ   exact-review-bundle-cli.js                  |  80.68 |    43.48 |  100.00 | 5-6 10-20 28-29 81 87
ℹ   exact-review-bundle.js                      |  86.85 |    54.31 |  100.00 | 21-22 86-87 89-90 96-97 108-109 146-147 149-150 154-155 158-159 163-164 166-167 172-173 205-206 245-246 250-251 258-259 262-263 271-272 275-276 278-279 336-337 340-341 348-349 358-359 369-370 384-385 387-388 409 417-418 423-424 431-432
ℹ   exact-review-command-queue.js               |  10.81 |   100.00 |    0.00 | 6-17 19-39 41-53 55-74
ℹ   exact-review-direct-publication.js          |  33.66 |    70.00 |   35.71 | 9-23 33-35 83-168 171-172 175-199 201-205
ℹ   exact-review-guard-labels.js                | 100.00 |    66.67 |  100.00 |
ℹ   execute-fix-area-capacity.js                |   4.50 |   100.00 |    0.00 | 6-111
ℹ   execute-fix-artifact.js                     |  13.28 |    23.38 |   23.49 | 94-96 98-100 104-106 109-110 112-113 117-118 120-121 123-124 133-141 149-220 230-235 275-278 280-281 284-285 288-376 384-418 424-465 467-500 505-514 518-560 564-567 584-588 600-2104 2119-2124 2142-2145 2147-2248 2251-2325 2329-2333 2335-3215 3220-3221 3233-3235 3257-3258 3261-3262 3265-3267 3272-3279 3281-3289 3304-3334 3350-3352 3355-3357 3359-3366 3400-3401 3426-3432 3434-3453 3455-3461 3464-3473 3477-3485 3487-3495 3498-3726 3731-3735 3741-3744 3752-3755 3757-3760 3783-3785 3821-3855 3867-3869 3900-3912 3915-3932
ℹ   execute-fix-github.js                       |  14.85 |    57.14 |    7.69 | 12-17 19-24 26-39 41-66 85-91 93-109 111-229
ℹ   execute-fix-policy.js                       |  96.15 |    83.33 |  100.00 | 25
ℹ   execute-fix-timeout-budget.js               | 100.00 |    90.91 |  100.00 |
ℹ   execute-fix-validation.js                   |  64.96 |    63.95 |   78.57 | 31-32 35-36 41-61 63-65 68-99 146-147 179-180 217-234
ℹ   execution-finalization.js                   |  93.55 |    87.50 |  100.00 | 5-6
ℹ   external-messages.js                        |  71.40 |    63.46 |   45.76 | 43-45 53-57 302 380-407 409-417 419-521
ℹ   finalize-open-prs.js                        |  49.52 |    28.42 |   45.45 | 38-39 41-42 67-68 94-96 148-149 151-152 154-155 157-158 160-161 188-194 206-207 209-210 214-215 219-221 244-245 249-250 270-272 274-275 292-296 307-308 313-316 360-366 378-384 388-395 403-407 411-426 431-444 458-636 648-722
ℹ   fix-edit-policy.js                          |  16.67 |   100.00 |    0.00 | 2-3 5-12
ℹ   fix-prompt-builder.js                       | 100.00 |    88.61 |  100.00 |
ℹ   git-network-isolation.js                    |  94.19 |    78.49 |  100.00 | 105-106 182-183 197-198 200-201 211-212 221-222 270-271 291-292 297-298
ℹ   git-publish.js                              |  66.35 |    54.00 |   69.57 | 12-14 25-26 59-62 66-69 77-78 80-81 109-142 162-164 171-173 179-180 187-188 191-199
ℹ   git-repo-utils.js                           |  81.64 |    52.54 |   95.65 | 26-34 50 71-78 106-111 116-117 125-130 148-149 173-175 205
ℹ   gitcrawl-cluster-history.js                 |  97.85 |    67.57 |  100.00 | 77-78
ℹ   gitcrawl-store.js                           | 100.00 |    75.00 |  100.00 |
ℹ   github-cli.js                               |  73.70 |    67.90 |   67.57 | 26-32 56-60 78-96 170-179 181-182 185-186 204-210 212-218 273-283 285-289 317-327
ℹ   github-egress-telemetry-client.js           |  62.31 |    76.92 |   75.00 | 17-22 45-52 101-102 104-105 200-201 226-336 361-379
ℹ   github-ref.js                               |  75.00 |    68.42 |   80.00 | 32-33 38-45 49-54 67
ℹ   glob-files.js                               |  94.23 |    83.33 |  100.00 | 26-28
ℹ   import-gitcrawl-clusters.js                 |  80.21 |    43.48 |   90.00 | 13-15 34-40 59-61 71-80 91-93 142-147 197-232 313 329 333-334 351 357
ℹ   import-gitcrawl-low-signal-prs.js           |  86.81 |    51.35 |   81.40 | 22-24 26-28 39-42 108-109 214-225 227-236 240-241 273-274 280-282 315-316
ℹ   issue-implementation-intake.js              |  53.13 |    76.72 |   70.89 | 21-207 356-357 398-409 412-413 530-531 574-735 788-796 806-807 813-814 816-817 837-903 982-1034 1059-1064 1074-1084 1125-1140 1151-1158 1166-1167 1173-1179 1181-1182
ℹ   issue-implementation-outcome.js             | 100.00 |    58.33 |  100.00 |
ℹ   issue-implementation-status.js              |  27.24 |    52.00 |   13.33 | 13-93 150-151 153-157 159-257
ℹ   issue-source-guard.js                       | 100.00 |    68.57 |   91.67 |
ℹ   issue-worker-recovery.js                    | 100.00 |    75.00 |   91.67 |
ℹ   job-intent.js                               |  98.39 |    80.00 |  100.00 | 38
ℹ   json-file.js                                |  71.43 |   100.00 |   50.00 | 6-7
ℹ   json-types.js                               | 100.00 |   100.00 |  100.00 |
ℹ   lib.js                                      |  66.75 |    73.83 |   86.36 | 23-24 48-49 91-92 94-95 107-108 112-113 127-128 142-143 163-164 167-168 182-183 187-188 238-239 244-259 261-356
ℹ   live-worker-capacity.js                     |  72.95 |    66.34 |   88.00 | 26-45 47-55 57-79 139-148 221-222 241-242
ℹ   mechanical-changelog.js                     |  96.19 |    56.00 |  100.00 | 16-17 96 104
ℹ   mechanical-rebase-conflicts.js              |  58.38 |    61.76 |   90.00 | 5-73 113-115
ℹ   notify-events.js                            |  91.41 |    64.00 |   86.49 | 62-64 132-141 143 367-370 373-374 377-382 421-428 432-434 481 549-553 555-559
ℹ   notify-github-activity.js                   |  95.93 |    61.54 |   94.12 | 242-245 325-326 332-333 343-344 513-514 535 555-559 561-565
ℹ   notify-maintainer-report.js                 |  79.35 |    61.25 |   72.00 | 74-77 83-84 108-110 135-136 146-147 152-154 181-206 244-245 248-250 266-270 272-276
ℹ   notify-merge.js                             |  95.75 |    90.00 |   85.71 | 160-162 210-214 302-306
ℹ   openclaw-hook.js                            |  96.48 |    84.38 |  100.00 | 107-108 119-121
ℹ   paths.js                                    | 100.00 |   100.00 |  100.00 |
ℹ   pinned-openclaw-validation-helper.js        |  95.57 |    67.86 |  100.00 | 87-88 92-93 126 140-141
ℹ   plan-cluster.js                             |  84.54 |    59.71 |   69.86 | 31-33 37-39 156-157 189-194 239-243 246-255 262-285 473-474 476-477 480-482 530-568 589 617-620 679-680 688
ℹ   post-flight.js                              |  71.25 |    36.71 |   80.56 | 28-30 32-34 38-40 43-44 46-47 51-52 54-55 57-58 69-76 84-89 118-123 126-127 146-154 159-168 174-181 183-191 198-204 232-247 270-276 292-301 339-340 343-344 347-348 367-379 400-401 405-406 408-409 429-430 434-435 440-441 443-444 453-454 474-475 495 563-566 595-609 621-626
ℹ   pr-repair-intake.js                         |  77.71 |    57.50 |   80.56 | 45-47 85-92 94-101 213-214 217-218 227-246 283-284 286-299 309-310 313-342 437-440 444-447 459-462
ℹ   process-env.js                              |  98.68 |    86.54 |  100.00 | 63 106
ℹ   process-tree-containment.js                 | 100.00 |   100.00 |  100.00 |
ℹ   project-repo.js                             |  83.33 |    50.00 |   66.67 | 10-11 27-29
ℹ   publish-cluster-intake.js                   |  63.37 |    56.52 |   72.73 | 18 25-41 57-59 61-68 88-89 91-92 98-101
ℹ   publish-files.js                            |  39.13 |    52.94 |   36.36 | 5-13 15-19 21-29 31-42 47-48 59-69 71-77 95-107 113-114
ℹ   publish-github-info.js                      |  13.12 |    66.67 |    7.14 | 5-35 37-70 72-85 87-100 102-103 105-108 110-114 116-120 122-197 215-221
ℹ   publish-main.js                             |  87.18 |    75.19 |   90.63 | 25-26 54-55 68-69 145-146 164-166 368-371 397-409 431-432 467 475-476 491-492 495 511-514 519-523 559 578-589 592-594 640-641 645-646 648-649 682-693 709-711 717 719-729 741
ℹ   publish-markdown.js                         |  54.24 |    62.50 |   37.50 | 11-13 15-17 35 38-41 43-44 46-59
ℹ   rebase-conflict-policy.js                   | 100.00 |    66.67 |  100.00 |
ℹ   record-tuple.js                             |  92.23 |    71.09 |  100.00 | 95 115-116 127 147 153-154 161 177-178 204-205 243 247-248 327-328 336-337 339-340 356-357 359-360 368-369 372-373 380-381 383-384 415-416 432-433 445-446
ℹ   repair-branch-push-errors.js                |  96.30 |    61.54 |  100.00 | 10
ℹ   repair-contract.js                          |  95.29 |    83.64 |  100.00 | 40-41 50-51
ℹ   repair-merge-message.js                     | 100.00 |    55.00 |  100.00 |
ℹ   replacement-labels.js                       | 100.00 |    88.24 |  100.00 |
ℹ   requeue-job-key.js                          |  94.87 |    78.57 |  100.00 | 22-23
ℹ   resolve-result-targets.js                   |  67.11 |    77.27 |   75.00 | 18-19 23-24 56-76
ℹ   restore-cluster-intake-job.js               |  67.46 |    73.17 |   75.00 | 23-24 31-32 49-50 52-53 55-56 60-61 66-67 73-74 99-100 103-108 110-126
ℹ   review-results.js                           |  26.64 |    23.91 |   38.46 | 40-42 51-59 66-67 88-89 91-92 94-95 102-228 230-231 234-235 245-264 266-267 288 291-292 295 297-473 478-481 490-491 497-503 506-529
ℹ   run-worker.js                               |  68.19 |    32.00 |   86.67 | 27-29 31-33 37-39 42-44 46-52 77-79 88-92 95-113 140-143 145-149 151-155 157-159 258-268 290-298 320-323 328-356 365-366
ℹ   scheduled-review-enqueue.js                 |  65.61 |    69.05 |   50.00 | 79-80 89-90 94-98 109-110 112-113 115-116 118-151 153-157
ℹ   security-boundary.js                        | 100.00 |    85.71 |  100.00 |
ℹ   security-signals.js                         |  97.40 |    96.88 |  100.00 | 74-75
ℹ   select-cluster-candidate.js                 |  71.43 |    52.17 |   77.14 | 25-26 30-31 33-34 90-91 93-94 101-102 171-172 181 187-189 195-196 206-207 212-260 262-266
ℹ   source-pr-checkout.js                       |  52.00 |   100.00 |   66.67 | 20-36 44-50
ℹ   spam-comment-intake.js                      |  65.57 |    59.21 |   84.62 | 12-20 36-48 54-66 68-80 82-94 125-131 133-139 143-144 146-152 154-160 202-203 210
ℹ   spam-scanner-core.js                        |  81.31 |    81.72 |   89.47 | 43-56 64-68 85-86 175-176 218-243 249 286-289
ℹ   stale-event-disposition.js                  | 100.00 |    91.67 |  100.00 |
ℹ   state-append-client.js                      |  89.51 |    67.19 |   69.23 | 14-18 53-54 62-64 90-92 100-101 123-124
ℹ   state-delta-paths.js                        |  66.13 |    66.67 |   66.67 | 23-25 45-62
ℹ   state-publication-mutation.js               |  50.34 |    30.77 |   87.50 | 5-44 52-53 55-56 62-63 70-71 73-77 79-80 84-85 87-88 93-94 110-111 113-114 116-117 129-130 141-142 144-145
ℹ   state-repo-size.js                          |  92.00 |    62.50 |  100.00 | 13-14 45-46 74-75
ℹ   state-writer-coordinator.js                 |  61.06 |    70.83 |   80.00 | 41-42 76-77 90-91 124-125 157-261 275-276 298-300
ℹ   state-writer-telemetry-recorder.js          |  91.71 |    75.00 |   88.24 | 64-68 89-91 106-107 141-144 173-175
ℹ   status-check-rollup.js                      | 100.00 |    79.17 |  100.00 |
ℹ   sweep-status-merge.js                       |  90.56 |    76.92 |  100.00 | 34-35 105-106 113-114 116-117 119-120 129-130 169-175 190 204-205
ℹ   target-fanout.js                            |  89.28 |    64.37 |   94.59 | 30-49 51-53 68 114-116 222-223 255-256 314-328 388-400 411 420-421 446 462 506-507 596-597 665 672-673 678-679
ℹ   target-toolchain-config.js                  |  91.57 |    70.97 |   93.75 | 118-120 123-125 132-134 138-140 173 177-178
ℹ   target-validation.js                        |  91.07 |    83.13 |   97.24 | 50-51 104-105 151-152 376-383 432-433 442-443 501-502 534-535 537-538 568-572 586-587 596-597 612-621 633-634 664-665 696-697 703-704 707-708 715-716 721-722 733-734 756-757 810-811 813-814 840-841 857-858 898-899 911-912 969-971 974-981 1013-1014 1057-1059 1063-1064 1089-1090 1306-1307 1309-1310 1312-1313 1327-1329 1386-1387 1398-1399 1419-1422 1436-1442 1445-1446 1455-1456 1475-1476 1486-1487 1494-1495 1499-1500 1505-1506 1524-1531 1555-1556 1569-1574 1580-1581 1593-1600 1607-1608 1644-1645 1677-1678 1680-1681 1684-1685 1699-1701 1703-1705 1708-1709 1711-1714 1739-1740 1766-1767 1774-1780 1784-1785 1798-1799 1817-1818 1828-1829 1831-1832 1835-1839 1849-1850 1863-1867 1872-1874 1890-1891 1926-1935 2108-2110 2120-2121 2162-2163 2177-2179 2196-2197 2200-2201 2221-2223 2231-2235 2245-2246 2450-2451 2556-2558 2583-2584 2592-2593 2604-2605 2644-2645 2691-2692 2704-2708 2746-2747 2807-2808 2900-2901 2952-2953 2956-2957 2981-2982 3023-3024 3047-3048 3279-3280 3304-3305 3332-3333 3337-3339 3354-3355 3382-3383 3401-3402 3418-3419 3428-3429 3457-3458 3478-3480 3493-3494 3539-3540 3545-3546 3576-3577 3589-3590 3593-3594 3616-3619 3649-3670 3690 3711-3714 3777-3778 3793-3794 3943-3944 3975-3976 4002-4003 4099-4100 4120-4121 4127-4128 4173-4174 4185-4186 4224-4229 4240-4241 4317-4322 4325-4327 4350-4351
ℹ   text-utils.js                               | 100.00 |    80.00 |  100.00 |
ℹ   timing.js                                   | 100.00 |    66.67 |  100.00 |
ℹ   update-command-status.js                    |  83.54 |    73.96 |   92.31 | 19-27 35-38 78-84 107-110 149-155 157-158 177-178 184-194 216-219 234-235 291 294-312 328 459-460 464-465 472-473
ℹ   url-safety.js                               |  97.89 |    89.47 |  100.00 | 49-50
ℹ   validate-all.js                             |  51.11 |    84.62 |   50.00 | 22-43
ℹ   validation-command-utils.js                 |  96.69 |    85.52 |   92.75 | 578-580 867-874 927-928 966-967 1095-1096 1107-1108 1111-1112 1182-1183 1192-1195 1197-1200 1202-1205 1213-1214 1334-1340 1342-1343
ℹ   workflow-utils.js                           |  86.99 |    81.16 |   93.27 | 18-19 21-22 24-25 27-28 30-31 33-34 36-37 54-73 75-92 94-95 97-98 103-108 110-115 117-118 120-121 123-124 126-127 129-130 141-142 144-145 150 153-172 184-185 188-193 219-225 263-264 293-295 318-329 406 452-453 791-801 930-955 1183-1184 1219-1226 1297 1431-1432 1504-1505 1639 1641-1681 1886-1887 1925-1952 1967-1971 2005-2006
ℹ  repository-profiles.js                       |  96.51 |    81.20 |  100.00 | 180-184 198-199 283-284 332-333 367-368
ℹ  review-activity-cursor.js                    |  93.99 |    79.58 |  100.00 | 72-73 105-106 163-166 168-171 174-177 221-222 246-247 265-266 333-334 347-348 442
ℹ  review-checks-digest.js                      | 100.00 |   100.00 |  100.00 |
ℹ  review-comment-markers.js                    | 100.00 |    75.00 |  100.00 |
ℹ  review-coverage-manifest.js                  |  86.36 |    73.33 |  100.00 | 6-7 15-16 28-29
ℹ  review-history.js                            |  96.28 |    81.60 |   96.15 | 96-97 100-101 250-259
ℹ  review-placeholder-recovery.js               |  91.68 |    75.77 |   93.75 | 169-173 212-213 216-217 280-281 292 294-295 297 367-376 491-492 540-543 560-561 571-575 601-613
ℹ  review-recovery-label-backfill.js            | 100.00 |    91.86 |  100.00 |
ℹ  review-semantic-cache.js                     |  92.67 |    84.31 |   92.45 | 63-65 89 150-152 156-160 171-173 206-208 336-337 352-353 360-361 369-370 378-379 381-382 428-429 454-455 472-473 491-492 538-543 571-575 654-659 774-775 777-778 809-810
ℹ  review-structural-cache.js                   |  96.98 |    83.94 |   95.24 | 221-223 247-253 338-340 374-376 410-411 534 683-684 816-817 820-821 938-939 941-942
ℹ  scheduler-policy.js                          |  96.08 |    83.55 |   96.88 | 73-74 124 134 136-138 297-301
ℹ  sqlite-readonly.js                           | 100.00 |    85.71 |  100.00 |
ℹ  stable-json.js                               |  96.23 |   100.00 |   88.89 | 39-40
ℹ  state-blob-client.js                         |   3.00 |   100.00 |    0.00 | 4-100
ℹ  state-writer-telemetry.js                    |  69.78 |    65.79 |   73.33 | 45-46 65-66 90-124 126-127 155 170-182
ℹ -----------------------------------------------------------------------------------------------------------------------------------------------------------------------------------------------------------------------------------------------------------------------------------------------------------------------------------------------------------------------------------------------------------------------------------------------------------------------------------------------------------------------------------------------------------------------------------------------------------------------------------------------------------------------------------------------------------------------------------------------------------------------------------------------------------------------------------------------------------------------------------------------------------------------------------------------------------------------------------------------------------------------------------------------------------------------------------------------------------------------------------------------------------------------------------------------------------------------------------------------------------------------------------------------------------------------------------------------------------------------------------------------------------------------------------------------
ℹ all files                                     |  83.05 |    75.74 |   88.16 |
ℹ -----------------------------------------------------------------------------------------------------------------------------------------------------------------------------------------------------------------------------------------------------------------------------------------------------------------------------------------------------------------------------------------------------------------------------------------------------------------------------------------------------------------------------------------------------------------------------------------------------------------------------------------------------------------------------------------------------------------------------------------------------------------------------------------------------------------------------------------------------------------------------------------------------------------------------------------------------------------------------------------------------------------------------------------------------------------------------------------------------------------------------------------------------------------------------------------------------------------------------------------------------------------------------------------------------------------------------------------------------------------------------------------------------------------------------------------------
ℹ end of coverage report

✖ failing tests:

test at test/live-proof-review-environment.test.ts:1297:1
✖ Crabbox profile bootstraps a trusted synthetic Go-root/nested npm fixture through the review child (5378.392983ms)
  AssertionError [ERR_ASSERTION]: {"schema_version":1,"repo":"openclaw/crabbox","item":42,"head_sha":"5821007301c79dd57387639797991443aecbefd3","plan_sha256":"ff8db2f5ab3057b9bac77b26756d9f2f5835c9ec4872354a6d9c8a53ce59680e","surface":"terminal","entry":"node verify.cjs root && npm test --prefix worker -- pass","drive_status":"failed","steps":[{"action":"expect_output","status":"failed","detail":"terminal command failed with exit status 1: \"node verify.cjs root && npm test --prefix worker -- pass\"","subject":"synthetic worker checks passed","assertion":"synthetic worker checks passed","present_at_start":false,"satisfied":false}],"output":"[failure]\nterminal command failed with exit status 1: \"node verify.cjs root && npm test --prefix worker -- pass\"\n\n[command 1 combined output]\nnode:assert:152\n  throw new AssertionError(obj);\n  ^\n\nAssertionError [ERR_ASSERTION]: Expected values to be strictly equal:\nactual expected\n\n'/hotmp/clawsweeper-live-proof-42-D0qyRG/juprofiles'\n\n    at Object.<anonymous> (/tmp/clawsweeper-live-proof-42-D0qyRG/target/verify.cjs:19:8)\n    at Module._compile (node:internal/modules/cjs/loader:1929:14)\n    at Object..js (node:internal/modules/cjs/loader:2060:10)\n    at Module.load (node:internal/modules/cjs/loader:1651:32)\n    at Module._load (node:internal/modules/cjs/loader:1443:12)\n    at wrapModuleLoad (node:internal/modules/cjs/loader:261:19)\n    at Module.executeUserEntryPoint [as runMain] (node:internal/modules/run_main:154:5)\n    at node:internal/main/run_main_module:33:47 {\n  generatedMessage: true,\n  code: 'ERR_ASSERTION',\n  actual: '/home/jules',\n  expected: '/tmp/clawsweeper-live-proof-42-D0qyRG/profile',\n  operator: 'strictEqual',\n  diff: 'simple'\n}\n\nNode.js v24.20.0","failure":{"phase":"step","reason":"terminal command failed with exit status 1: \"node verify.cjs root && npm test --prefix worker -- pass\"","step":1,"action":"expect_output"},"overall_pass":false,"verified_at":"2026-08-30T21:45:29.795Z"}

  false !== true

      at TestContext.<anonymous> (file:///app/test/live-proof-review-environment.test.ts:1445:16)
      at Test.runInAsyncScope (node:async_hooks:227:14)
      at Test.run (node:internal/test_runner/test:1397:25)
      at Test.processPendingSubtests (node:internal/test_runner/test:969:18)
      at Test.postRun (node:internal/test_runner/test:1537:19)
      at Test.run (node:internal/test_runner/test:1462:12)
      at process.processTicksAndRejections (node:internal/process/task_queues:104:5)
      at async Test.processPendingSubtests (node:internal/test_runner/test:969:7) {
    generatedMessage: false,
    code: 'ERR_ASSERTION',
    actual: false,
    expected: true,
    operator: 'strictEqual',
    diff: 'simple'
  }

test at test/repair/target-validation.test.ts:6677:1
✖ repair commit plumbing bypasses target hooks and signing callbacks (67.682619ms)
  AssertionError [ERR_ASSERTION]: Expected values to be strictly equal:

  false !== true

      at TestContext.<anonymous> (file:///app/test/repair/target-validation.test.ts:6706:12)
      at Test.runInAsyncScope (node:async_hooks:227:14)
      at Test.run (node:internal/test_runner/test:1397:25)
      at Test.processPendingSubtests (node:internal/test_runner/test:969:18)
      at Test.postRun (node:internal/test_runner/test:1537:19)
      at Test.run (node:internal/test_runner/test:1462:12)
      at async Test.processPendingSubtests (node:internal/test_runner/test:969:7) {
    generatedMessage: true,
    code: 'ERR_ASSERTION',
    actual: false,
    expected: true,
    operator: 'strictEqual',
    diff: 'simple'
  }
[ELIFECYCLE] Command failed with exit code 1.
[ELIFECYCLE] Command failed with exit code 1.
[ELIFECYCLE] Command failed with exit code 1.
